,f1-score,precision,recall,support
0,0.8167281672816729,0.8623376623376623,0.7757009345794392,428.0
1,0.8399570354457572,0.8028747433264887,0.8806306306306306,444.0
accuracy,0.8291284403669725,0.8291284403669725,0.8291284403669725,0.8291284403669725
macro avg,0.828342601363715,0.8326062028320755,0.8281657826050349,872.0
weighted avg,0.8285557102459543,0.8320606714650004,0.8291284403669725,872.0
