,f1-score,precision,recall,support
0,0.8423828730995966,0.8657525510204082,0.8202416918429003,3310.0
1,0.8625912902353259,0.8427589852008457,0.8833795013850415,3610.0
accuracy,0.8531791907514451,0.8531791907514451,0.8531791907514451,0.8531791907514451
macro avg,0.8524870816674612,0.8542557681106269,0.8518105966139708,6920.0
weighted avg,0.8529251253915016,0.8537573526665613,0.8531791907514451,6920.0
