,f1-score,precision,recall,support
0,0.8796105045736204,0.8595732410611303,0.9006042296072507,3310.0
1,0.8844519966015293,0.9046929316338355,0.8650969529085872,3610.0
accuracy,0.8820809248554913,0.8820809248554913,0.8820809248554913,0.8820809248554913
macro avg,0.8820312505875749,0.8821330863474829,0.882850591257919,6920.0
weighted avg,0.8821361962240181,0.8831111143223247,0.8820809248554913,6920.0
