,f1-score,precision,recall,support
0,0.7078536418556937,0.8229525576464352,0.621,5000.0
1,0.7717110537098067,0.6956801027782239,0.8664,5000.0
accuracy,0.7437,0.7437,0.7437,0.7437
macro avg,0.7397823477827502,0.7593163302123296,0.7437,10000.0
weighted avg,0.7397823477827502,0.7593163302123296,0.7437,10000.0
