,f1-score,precision,recall,support
0,0.8256596906278435,0.7574290484140234,0.9074,5000.0
1,0.7873473917869035,0.8845386533665835,0.7094,5000.0
accuracy,0.8084,0.8084,0.8084,0.8084
macro avg,0.8065035412073736,0.8209838508903035,0.8084,10000.0
weighted avg,0.8065035412073736,0.8209838508903035,0.8084,10000.0
