,f1-score,precision,recall,support
0,0.8286764705882352,0.7666666666666667,0.9016,5000.0
1,0.7956140350877193,0.8805825242718447,0.7256,5000.0
accuracy,0.8136,0.8136,0.8136,0.8136
macro avg,0.8121452528379773,0.8236245954692557,0.8136,10000.0
weighted avg,0.8121452528379773,0.8236245954692557,0.8136,10000.0
