,f1-score,precision,recall,support
0,0.8383768230975295,0.8318566646977752,0.845,5000.0
1,0.8358028424553977,0.8425116846169478,0.8292,5000.0
accuracy,0.8371,0.8371,0.8371,0.8371
macro avg,0.8370898327764635,0.8371841746573615,0.8371,10000.0
weighted avg,0.8370898327764636,0.8371841746573615,0.8371,10000.0
