,f1-score,precision,recall,support
0,0.8261959473574264,0.864669873196327,0.791,5000.0
1,0.8403990024937654,0.8074087725764836,0.8762,5000.0
accuracy,0.8336,0.8336,0.8336,0.8336
macro avg,0.8332974749255959,0.8360393228864054,0.8336,10000.0
weighted avg,0.833297474925596,0.8360393228864054,0.8336,10000.0
