,f1-score,precision,recall,support
0,0.8422165820642978,0.8936265709156194,0.7964,5000.0
1,0.8584977238239757,0.8163780663780664,0.9052,5000.0
accuracy,0.8508,0.8508,0.8508,0.8508
macro avg,0.8503571529441367,0.855002318646843,0.8508,10000.0
weighted avg,0.8503571529441367,0.8550023186468428,0.8508,10000.0
