,f1-score,precision,recall,support
0,0.8431518305147743,0.7874002082610205,0.9074,5000.0
1,0.8172764667676986,0.890750353940538,0.755,5000.0
accuracy,0.8312,0.8312,0.8312,0.8312
macro avg,0.8302141486412364,0.8390752811007793,0.8311999999999999,10000.0
weighted avg,0.8302141486412365,0.8390752811007793,0.8312,10000.0
