,f1-score,precision,recall,support
0,0.8722424707462114,0.8380022115739034,0.9094,5000.0
1,0.8608731982452476,0.9009619588981198,0.8242,5000.0
accuracy,0.8668,0.8668,0.8668,0.8668
macro avg,0.8665578344957294,0.8694820852360117,0.8668,10000.0
weighted avg,0.8665578344957295,0.8694820852360117,0.8668,10000.0
