,f1-score,precision,recall,support
0,0.8734952050601917,0.8915035401915868,0.8562,5000.0
1,0.8784075308884094,0.8616775682954982,0.8958,5000.0
accuracy,0.876,0.876,0.876,0.876
macro avg,0.8759513679743005,0.8765905542435426,0.876,10000.0
weighted avg,0.8759513679743006,0.8765905542435425,0.876,10000.0
