,f1-score,precision,recall,support
0,0.6833296630698085,0.7601665850073493,0.6206,5000.0
1,0.7365817915369116,0.6794525177424806,0.8042,5000.0
accuracy,0.7124,0.7124,0.7124,0.7124
macro avg,0.7099557273033601,0.719809551374915,0.7124,10000.0
weighted avg,0.7099557273033601,0.719809551374915,0.7124,10000.0
