,f1-score,precision,recall,support
0,0.8390685396436315,0.7936507936507936,0.89,5000.0
1,0.8182689236665602,0.8748008194855452,0.7686,5000.0
accuracy,0.8293,0.8293,0.8293,0.8293
macro avg,0.8286687316550958,0.8342258065681694,0.8292999999999999,10000.0
weighted avg,0.8286687316550959,0.8342258065681694,0.8293,10000.0
