,f1-score,precision,recall,support
0,0.8394175144623978,0.8372463191404695,0.8416,5000.0
1,0.8385803088028876,0.8407720144752714,0.8364,5000.0
accuracy,0.839,0.839,0.839,0.839
macro avg,0.8389989116326426,0.8390091668078705,0.839,10000.0
weighted avg,0.8389989116326425,0.8390091668078705,0.839,10000.0
