,f1-score,precision,recall,support
0,0.8500353928607545,0.8596850071589283,0.8406,5000.0
1,0.853328058550094,0.8440618274310311,0.8628,5000.0
accuracy,0.8517,0.8517,0.8517,0.8517
macro avg,0.8516817257054242,0.8518734172949797,0.8517,10000.0
weighted avg,0.8516817257054241,0.8518734172949797,0.8517,10000.0
