,f1-score,precision,recall,support
0,0.8592213114754098,0.8808823529411764,0.8386,5000.0
1,0.8658203125,0.8459923664122138,0.8866,5000.0
accuracy,0.8626,0.8626,0.8626,0.8626
macro avg,0.8625208119877049,0.8634373596766951,0.8626,10000.0
weighted avg,0.862520811987705,0.8634373596766951,0.8626,10000.0
