,f1-score,precision,recall,support
0,0.8377789309807993,0.8707659115426106,0.8072,5000.0
1,0.8492040520984082,0.8203168685927307,0.8802,5000.0
accuracy,0.8437,0.8437,0.8437,0.8437
macro avg,0.8434914915396037,0.8455413900676707,0.8437,10000.0
weighted avg,0.8434914915396039,0.8455413900676707,0.8437,10000.0
