,f1-score,precision,recall,support
0,0.8661641882257078,0.8825238688252387,0.8504,5000.0
1,0.8709487330583382,0.8556541875723659,0.8868,5000.0
accuracy,0.8686,0.8686,0.8686,0.8686
macro avg,0.8685564606420231,0.8690890281988023,0.8686,10000.0
weighted avg,0.868556460642023,0.8690890281988024,0.8686,10000.0
