,f1-score,precision,recall,support
0,0.8504290171606864,0.8297184170471842,0.8722,5000.0
1,0.8425697865353038,0.8653035413153457,0.821,5000.0
accuracy,0.8466,0.8466,0.8466,0.8466
macro avg,0.8464994018479951,0.847510979181265,0.8466,10000.0
weighted avg,0.8464994018479952,0.8475109791812651,0.8466,10000.0
