,f1-score,precision,recall,support
0,0.871285180082661,0.857613328167377,0.8854,5000.0
1,0.8670461475909739,0.8815626291856139,0.853,5000.0
accuracy,0.8692,0.8692,0.8692,0.8692
macro avg,0.8691656638368175,0.8695879786764955,0.8692,10000.0
weighted avg,0.8691656638368175,0.8695879786764955,0.8692,10000.0
