,f1-score,precision,recall,support
0,0.8491002312254952,0.8536486759652314,0.8446,5000.0
1,0.8506913359196259,0.8462299623985751,0.8552,5000.0
accuracy,0.8499,0.8499,0.8499,0.8499
macro avg,0.8498957835725605,0.8499393191819032,0.8499,10000.0
weighted avg,0.8498957835725605,0.8499393191819032,0.8499,10000.0
