,f1-score,precision,recall,support
0,0.8534328358208956,0.8580432172869148,0.8488717339667459,3368.0
1,0.8549911399881867,0.850470035252644,0.8595605700712589,3368.0
accuracy,0.8542161520190024,0.8542161520190024,0.8542161520190024,0.8542161520190024
macro avg,0.8542119879045411,0.8542566262697794,0.8542161520190024,6736.0
weighted avg,0.8542119879045411,0.8542566262697794,0.8542161520190024,6736.0
