,f1-score,precision,recall,support
0,0.8682044507671984,0.8824623011774427,0.8544,5000.0
1,0.8723299537356038,0.858887381275441,0.8862,5000.0
accuracy,0.8703,0.8703,0.8703,0.8703
macro avg,0.8702672022514011,0.8706748412264418,0.8703000000000001,10000.0
weighted avg,0.8702672022514012,0.8706748412264418,0.8703,10000.0
