,f1-score,precision,recall,support
0,0.8047938986744144,0.7369471233787829,0.8864,5000.0
1,0.76073892722012,0.8575012543903663,0.6836,5000.0
accuracy,0.785,0.785,0.785,0.785
macro avg,0.7827664129472672,0.7972241888845746,0.7849999999999999,10000.0
weighted avg,0.7827664129472672,0.7972241888845747,0.785,10000.0
