,f1-score,precision,recall,support
0,0.7990060739922694,0.7400272758267985,0.8682,5000.0
1,0.7608933654477774,0.8405902273826802,0.695,5000.0
accuracy,0.7816,0.7816,0.7816,0.7816
macro avg,0.7799497197200234,0.7903087516047393,0.7816,10000.0
weighted avg,0.7799497197200234,0.7903087516047393,0.7816,10000.0
