,f1-score,precision,recall,support
0,0.8056180979950681,0.8682690085509591,0.7514,5000.0
1,0.8301321090602456,0.7808919442975498,0.886,5000.0
accuracy,0.8187,0.8187,0.8187,0.8187
macro avg,0.8178751035276568,0.8245804764242545,0.8187,10000.0
weighted avg,0.8178751035276568,0.8245804764242545,0.8187,10000.0
