,f1-score,precision,recall,support
0,0.83418609058177,0.7925819229384228,0.8804,5000.0
1,0.8147363963582469,0.8654970760233918,0.7696,5000.0
accuracy,0.825,0.825,0.825,0.825
macro avg,0.8244612434700085,0.8290394994809073,0.825,10000.0
weighted avg,0.8244612434700084,0.8290394994809074,0.825,10000.0
