,f1-score,precision,recall,support
0,0.7452138974237771,0.9107452339688041,0.6306,5000.0
1,0.813139192234356,0.7174977057204038,0.9382,5000.0
accuracy,0.7844,0.7844,0.7844,0.7844
macro avg,0.7791765448290666,0.814121469844604,0.7844,10000.0
weighted avg,0.7791765448290665,0.814121469844604,0.7844,10000.0
