,f1-score,precision,recall,support
0,0.8281396560708704,0.8646354733405875,0.7946,5000.0
1,0.8415185007208075,0.809990749306198,0.8756,5000.0
accuracy,0.8351,0.8351,0.8351,0.8351
macro avg,0.834829078395839,0.8373131113233927,0.8351,10000.0
weighted avg,0.834829078395839,0.8373131113233927,0.8351,10000.0
