,f1-score,precision,recall,support
0,0.8228969006957623,0.8700401248328132,0.7806,5000.0
1,0.8402130492676432,0.8010518679724338,0.8834,5000.0
accuracy,0.832,0.832,0.832,0.832
macro avg,0.8315549749817027,0.8355459964026235,0.832,10000.0
weighted avg,0.8315549749817026,0.8355459964026235,0.832,10000.0
