,f1-score,precision,recall,support
0,0.8403461653237839,0.835939046111221,0.8448,5000.0
1,0.8386448175329245,0.8431372549019608,0.8342,5000.0
accuracy,0.8395,0.8395,0.8395,0.8395
macro avg,0.8394954914283542,0.8395381505065909,0.8395,10000.0
weighted avg,0.8394954914283542,0.8395381505065911,0.8395,10000.0
