,f1-score,precision,recall,support
0,0.8340228029462213,0.8415801262472001,0.8266,5000.0
1,0.8369511348993954,0.8296325407742189,0.8444,5000.0
accuracy,0.8355,0.8355,0.8355,0.8355
macro avg,0.8354869689228084,0.8356063335107096,0.8355,10000.0
weighted avg,0.8354869689228084,0.8356063335107093,0.8355,10000.0
