,f1-score,precision,recall,support
0,0.8377622377622377,0.8369261477045908,0.8386,5000.0
1,0.8374374374374375,0.8382765531062124,0.8366,5000.0
accuracy,0.8376,0.8376,0.8376,0.8376
macro avg,0.8375998375998376,0.8376013504054016,0.8376,10000.0
weighted avg,0.8375998375998375,0.8376013504054015,0.8376,10000.0
