,f1-score,precision,recall,support
0,0.8294758692267774,0.8621359223300971,0.7992,5000.0
1,0.8414857694163048,0.812861136999068,0.8722,5000.0
accuracy,0.8357,0.8357,0.8357,0.8357
macro avg,0.8354808193215411,0.8374985296645825,0.8357,10000.0
weighted avg,0.8354808193215413,0.8374985296645826,0.8357,10000.0
