,f1-score,precision,recall,support
0,0.6328725038402458,0.9237668161434978,0.48130841121495327,428.0
1,0.7813357731015553,0.6579352850539292,0.9617117117117117,444.0
accuracy,0.7259174311926605,0.7259174311926605,0.7259174311926605,0.7259174311926605
macro avg,0.7071041384709006,0.7908510505987134,0.7215100614633325,872.0
weighted avg,0.7084661868127474,0.7884122292125706,0.7259174311926605,872.0
