,f1-score,precision,recall,support
0,0.6639264043844197,0.942745969983324,0.5123867069486405,3310.0
1,0.8033444049937006,0.6848271821909784,0.9714681440443214,3610.0
accuracy,0.751878612716763,0.751878612716763,0.751878612716763,0.751878612716763
macro avg,0.7336354046890602,0.8137865760871512,0.7419274254964809,6920.0
weighted avg,0.7366574711762557,0.8081958509182421,0.751878612716763,6920.0
