,f1-score,precision,recall,support
0,0.8198757763975156,0.8753315649867374,0.7710280373831776,428.0
1,0.845580404685836,0.802020202020202,0.8941441441441441,444.0
accuracy,0.8337155963302753,0.8337155963302753,0.8337155963302753,0.8337155963302753
macro avg,0.8327280905416758,0.8386758835034697,0.8325860907636609,872.0
weighted avg,0.8329639128195503,0.83800330219185,0.8337155963302753,872.0
