,f1-score,precision,recall,support
0,0.8329411764705883,0.8388625592417062,0.8271028037383178,428.0
1,0.8411633109619687,0.8355555555555556,0.8468468468468469,444.0
accuracy,0.8371559633027523,0.8371559633027523,0.8371559633027523,0.8371559633027523
macro avg,0.8370522437162785,0.8372090573986308,0.8369748252925824,872.0
weighted avg,0.8371276761428048,0.8371787179152717,0.8371559633027523,872.0
