,f1-score,precision,recall,support
0,0.8360655737704918,0.8380281690140845,0.8341121495327103,428.0
1,0.8426966292134831,0.8408071748878924,0.8445945945945946,444.0
accuracy,0.8394495412844036,0.8394495412844036,0.8394495412844036,0.8394495412844036
macro avg,0.8393811014919874,0.8394176719509885,0.8393533720636525,872.0
weighted avg,0.839441936863024,0.8394431674177207,0.8394495412844036,872.0
