,f1-score,precision,recall,support
0,0.8734251391737474,0.8478384527872582,0.9006042296072507,3310.0
1,0.8768177929854577,0.9033490011750881,0.8518005540166205,3610.0
accuracy,0.8751445086705202,0.8751445086705202,0.8751445086705202,0.8751445086705202
macro avg,0.8751214660796025,0.8755937269811731,0.8762023918119356,6920.0
weighted avg,0.8751950062633823,0.8767969903132793,0.8751445086705202,6920.0
