,f1-score,precision,recall,support
0,0.8685524126455907,0.8787878787878788,0.8585526315789473,912.0
1,0.871125611745514,0.8612903225806452,0.8811881188118812,909.0
accuracy,0.8698517298187809,0.8698517298187809,0.8698517298187809,0.8698517298187809
macro avg,0.8698390121955524,0.870039100684262,0.8698703751954142,1821.0
weighted avg,0.8698368925916808,0.8700535138277606,0.8698517298187809,1821.0
