,f1-score,precision,recall,support
0,0.8740829465488846,0.8664292074799644,0.8818731117824773,3310.0
1,0.8825583019131406,0.8898901717825964,0.8753462603878116,3610.0
accuracy,0.8784682080924856,0.8784682080924856,0.8784682080924856,0.8784682080924856
macro avg,0.8783206242310126,0.8781596896312804,0.8786096860851444,6920.0
weighted avg,0.8785043385813939,0.8786682365453548,0.8784682080924856,6920.0
