,f1-score,precision,recall,support
0,0.8516853932584268,0.8203463203463204,0.8855140186915887,428.0
1,0.8454332552693208,0.8804878048780488,0.8130630630630631,444.0
accuracy,0.8486238532110092,0.8486238532110092,0.8486238532110092,0.8486238532110092
macro avg,0.8485593242638738,0.8504170626121845,0.8492885408773259,872.0
weighted avg,0.8485019651997536,0.8509688193510078,0.8486238532110092,872.0
