,f1-score,precision,recall,support
0,0.9007565643079661,0.884873214806179,0.9172205438066465,3310.0
1,0.905761374841527,0.9214674691888793,0.8905817174515236,3610.0
accuracy,0.9033236994219653,0.9033236994219653,0.9033236994219653,0.9033236994219653
macro avg,0.9032589695747466,0.9031703419975292,0.9039011306290851,6920.0
weighted avg,0.9033674553522081,0.9039635700549576,0.9033236994219653,6920.0
