,f1-score,precision,recall,support
0,0.7291462217860647,0.7157996146435452,0.743,5000.0
1,0.7186544342507645,0.7328482328482329,0.705,5000.0
accuracy,0.724,0.724,0.724,0.724
macro avg,0.7239003280184146,0.724323923745889,0.724,10000.0
weighted avg,0.7239003280184146,0.724323923745889,0.724,10000.0
