,f1-score,precision,recall,support
0,0.838258164852255,0.8154311649016641,0.8624,5000.0
1,0.8286655683690279,0.8539898132427843,0.8048,5000.0
accuracy,0.8336,0.8336,0.8336,0.8336
macro avg,0.8334618666106415,0.8347104890722242,0.8336,10000.0
weighted avg,0.8334618666106415,0.8347104890722243,0.8336,10000.0
