,f1-score,precision,recall,support
0,0.8452263293140937,0.8354826103946854,0.8552,5000.0
1,0.8415300546448087,0.8517001229004506,0.8316,5000.0
accuracy,0.8434,0.8434,0.8434,0.8434
macro avg,0.8433781919794512,0.8435913666475681,0.8433999999999999,10000.0
weighted avg,0.8433781919794512,0.8435913666475681,0.8434,10000.0
