,f1-score,precision,recall,support
0,0.8397189695550351,0.7897797356828193,0.8964,5000.0
1,0.816514745308311,0.8802312138728323,0.7614,5000.0
accuracy,0.8289,0.8289,0.8289,0.8289
macro avg,0.8281168574316731,0.8350054747778258,0.8289,10000.0
weighted avg,0.8281168574316731,0.8350054747778258,0.8289,10000.0
