,f1-score,precision,recall,support
0,0.8355170546832702,0.9109799291617473,0.7716,5000.0
1,0.858894565722248,0.8019080659150043,0.9246,5000.0
accuracy,0.8481,0.8481,0.8481,0.8481
macro avg,0.8472058102027591,0.8564439975383757,0.8481,10000.0
weighted avg,0.847205810202759,0.8564439975383759,0.8481,10000.0
