,f1-score,precision,recall,support
0,0.8675780860193593,0.8657637920732921,0.8694,5000.0
1,0.8670207435614791,0.868849166499297,0.8652,5000.0
accuracy,0.8673,0.8673,0.8673,0.8673
macro avg,0.8672994147904192,0.8673064792862946,0.8673,10000.0
weighted avg,0.8672994147904192,0.8673064792862945,0.8673,10000.0
