,f1-score,precision,recall,support
0,0.8723760717453434,0.859918399067418,0.8852,5000.0
1,0.8685679488480667,0.8817226457861117,0.8558,5000.0
accuracy,0.8705,0.8705,0.8705,0.8705
macro avg,0.870472010296705,0.8708205224267649,0.8705,10000.0
weighted avg,0.8704720102967051,0.8708205224267648,0.8705,10000.0
