,f1-score,precision,recall,support
0,0.8412324700583478,0.8616062067519397,0.8218,5000.0
1,0.8484019157462613,0.8296692792965016,0.868,5000.0
accuracy,0.8449,0.8449,0.8449,0.8449
macro avg,0.8448171929023045,0.8456377430242206,0.8449,10000.0
weighted avg,0.8448171929023046,0.8456377430242206,0.8449,10000.0
