,f1-score,precision,recall,support
0,0.8710407239819005,0.8964860287891617,0.847,5000.0
1,0.8779680809653562,0.8550037907505686,0.9022,5000.0
accuracy,0.8746,0.8746,0.8746,0.8746
macro avg,0.8745044024736284,0.8757449097698652,0.8746,10000.0
weighted avg,0.8745044024736284,0.8757449097698653,0.8746,10000.0
