,f1-score,precision,recall,support
0,0.8412616870440768,0.8649904922881894,0.8188,5000.0
1,0.8495178727963377,0.8279855705335105,0.8722,5000.0
accuracy,0.8455,0.8455,0.8455,0.8455
macro avg,0.8453897799202073,0.8464880314108499,0.8454999999999999,10000.0
weighted avg,0.8453897799202074,0.8464880314108499,0.8455,10000.0
