,f1-score,precision,recall,support
0,0.8722193481634765,0.9035369774919614,0.843,5000.0
1,0.880503144654088,0.8528584817244611,0.91,5000.0
accuracy,0.8765,0.8765,0.8765,0.8765
macro avg,0.8763612464087822,0.8781977296082113,0.8765000000000001,10000.0
weighted avg,0.8763612464087822,0.8781977296082114,0.8765,10000.0
