,f1-score,precision,recall,support
0,0.8114444665209615,0.8061587050927753,0.8168,5000.0
1,0.8089389973827259,0.814349412241589,0.8036,5000.0
accuracy,0.8102,0.8102,0.8102,0.8102
macro avg,0.8101917319518437,0.8102540586671821,0.8102,10000.0
weighted avg,0.8101917319518438,0.8102540586671821,0.8102,10000.0
