,f1-score,precision,recall,support
0,0.8416246551888138,0.8024668964266279,0.8848,5000.0
1,0.8244966796669126,0.8716291508803209,0.7822,5000.0
accuracy,0.8335,0.8335,0.8335,0.8335
macro avg,0.8330606674278632,0.8370480236534744,0.8335,10000.0
weighted avg,0.8330606674278631,0.8370480236534744,0.8335,10000.0
