,f1-score,precision,recall,support
0,0.8291393529287375,0.879542395693136,0.7842,5000.0
1,0.8467084044773289,0.8053049440635149,0.8926,5000.0
accuracy,0.8384,0.8384,0.8384,0.8384
macro avg,0.8379238787030332,0.8424236698783254,0.8384,10000.0
weighted avg,0.8379238787030332,0.8424236698783254,0.8384,10000.0
