,f1-score,precision,recall,support
0,0.7647819442811802,0.9275734245794126,0.6506,5000.0
1,0.8258940224484469,0.7309410133990452,0.9492,5000.0
accuracy,0.7999,0.7999,0.7999,0.7999
macro avg,0.7953379833648135,0.8292572189892289,0.7999,10000.0
weighted avg,0.7953379833648135,0.8292572189892289,0.7999,10000.0
