,f1-score,precision,recall,support
0,0.838190595387091,0.7578402845134173,0.9376,5000.0
1,0.7946448831404583,0.9181961195595175,0.7004,5000.0
accuracy,0.819,0.819,0.819,0.819
macro avg,0.8164177392637746,0.8380182020364675,0.819,10000.0
weighted avg,0.8164177392637746,0.8380182020364675,0.819,10000.0
