,f1-score,precision,recall,support
0,0.853961626404215,0.8489820122553864,0.859,5000.0
1,0.8522281460617644,0.8573163327261688,0.8472,5000.0
accuracy,0.8531,0.8531,0.8531,0.8531
macro avg,0.8530948862329897,0.8531491724907776,0.8531,10000.0
weighted avg,0.8530948862329897,0.8531491724907775,0.8531,10000.0
