,f1-score,precision,recall,support
0,0.853849238171612,0.8559083601286174,0.8518,5000.0
1,0.8545490822027135,0.8525079617834395,0.8566,5000.0
accuracy,0.8542,0.8542,0.8542,0.8542
macro avg,0.8541991601871628,0.8542081609560284,0.8542000000000001,10000.0
weighted avg,0.8541991601871628,0.8542081609560286,0.8542,10000.0
