,f1-score,precision,recall,support
0,0.8815628815628815,0.8972659486329743,0.8664,5000.0
1,0.885568226504129,0.8708430007733952,0.9008,5000.0
accuracy,0.8836,0.8836,0.8836,0.8836
macro avg,0.8835655540335052,0.8840544747031847,0.8835999999999999,10000.0
weighted avg,0.8835655540335053,0.8840544747031847,0.8836,10000.0
