,f1-score,precision,recall,support
0,0.8745527257419491,0.9229231452687694,0.831,5000.0
1,0.8864545627738617,0.846307748272099,0.9306,5000.0
accuracy,0.8808,0.8808,0.8808,0.8808
macro avg,0.8805036442579054,0.8846154467704341,0.8808,10000.0
weighted avg,0.8805036442579054,0.8846154467704342,0.8808,10000.0
