,f1-score,precision,recall,support
0,0.8536169358884319,0.856452587074693,0.8508,5000.0
1,0.8545798863749626,0.8517782634611564,0.8574,5000.0
accuracy,0.8541,0.8541,0.8541,0.8541
macro avg,0.8540984111316973,0.8541154252679246,0.8541000000000001,10000.0
weighted avg,0.8540984111316972,0.8541154252679247,0.8541,10000.0
