,f1-score,precision,recall,support
0,0.7745908850959,0.9275179098187948,0.6649546827794562,3310.0
1,0.8429569694740714,0.7561029250054981,0.9523545706371191,3610.0
accuracy,0.8148843930635838,0.8148843930635838,0.8148843930635838,0.8148843930635838
macro avg,0.8087739272849856,0.8418104174121465,0.8086546267082877,6920.0
weighted avg,0.8102558510793103,0.8380947746777542,0.8148843930635838,6920.0
