,f1-score,precision,recall,support
0,0.8364083640836408,0.8831168831168831,0.794392523364486,428.0
1,0.8571428571428571,0.8193018480492813,0.8986486486486487,444.0
accuracy,0.8474770642201835,0.8474770642201835,0.8474770642201835,0.8474770642201835
macro avg,0.8467756106132489,0.8512093655830821,0.8465205860065673,872.0
weighted avg,0.8469658353202142,0.8506239065457648,0.8474770642201835,872.0
