,f1-score,precision,recall,support
0,0.8789964815664678,0.8903005887821506,0.86797583081571,3310.0
1,0.8916883472545529,0.8816680205794747,0.9019390581717451,3610.0
accuracy,0.8856936416184971,0.8856936416184971,0.8856936416184971,0.8856936416184971
macro avg,0.8853424144105104,0.8859843046808127,0.8849574444937276,6920.0
weighted avg,0.8856175271060613,0.885797182537691,0.8856936416184971,6920.0
