,f1-score,precision,recall,support
0,0.8354114713216958,0.8957219251336899,0.7827102803738317,428.0
1,0.8598726114649682,0.8132530120481928,0.9121621621621622,444.0
accuracy,0.8486238532110092,0.8486238532110092,0.8486238532110092,0.8486238532110092
macro avg,0.847642041393332,0.8544874685909414,0.8474362212679969,872.0
weighted avg,0.8478664555230868,0.8537308730580467,0.8486238532110092,872.0
