,f1-score,precision,recall,support
0,0.8727215089554605,0.9179726575525176,0.8317220543806646,3310.0
1,0.8933740539105033,0.857944401938281,0.9318559556786704,3610.0
accuracy,0.8839595375722543,0.8839595375722543,0.8839595375722543,0.8839595375722543
macro avg,0.8830477814329819,0.8879585297453993,0.8817890050296675,6920.0
weighted avg,0.8834954522051288,0.8866573392335301,0.8839595375722543,6920.0
