,f1-score,precision,recall,support
0,0.8922381311228335,0.8902255639097745,0.8942598187311178,3310.0
1,0.9007633587786259,0.9026425591098748,0.8988919667590027,3610.0
accuracy,0.8966763005780347,0.8966763005780347,0.8966763005780347,0.8966763005780347
macro avg,0.8965007449507296,0.8964340615098246,0.8965758927450602,6920.0
weighted avg,0.8966855403478929,0.896703216030058,0.8966763005780347,6920.0
