,f1-score,precision,recall,support
0,0.8953505982129335,0.8976617066504707,0.8930513595166163,3310.0
1,0.9045184468702501,0.902398676592225,0.9066481994459834,3610.0
accuracy,0.9001445086705202,0.9001445086705202,0.9001445086705202,0.9001445086705202
macro avg,0.8999345225415918,0.9000301916213478,0.8998497794812998,6920.0
weighted avg,0.9001332475847417,0.9001328716056344,0.9001445086705202,6920.0
