,f1-score,precision,recall,support
0,0.7846763540290621,0.9027355623100304,0.6939252336448598,428.0
1,0.8348530901722391,0.7587476979742173,0.9279279279279279,444.0
accuracy,0.8130733944954128,0.8130733944954128,0.8130733944954128,0.8130733944954128
macro avg,0.8097647221006505,0.8307416301421238,0.8109265807863939,872.0
weighted avg,0.8102250591294871,0.8294206405610612,0.8130733944954128,872.0
