,f1-score,precision,recall,support
0,0.8842585551330798,0.8903522205206739,0.8782477341389728,3310.0
1,0.89525120440468,0.8897400820793434,0.900831024930748,3610.0
accuracy,0.8900289017341041,0.8900289017341041,0.8900289017341041,0.8900289017341041
macro avg,0.8897548797688799,0.8900461513000086,0.8895393795348604,6920.0
weighted avg,0.8899931597386399,0.8900328824031589,0.8900289017341041,6920.0
