,f1-score,precision,recall,support
0,0.7722338204592902,0.8076419213973799,0.7398,5000.0
1,0.7905950095969291,0.7599630996309963,0.8238,5000.0
accuracy,0.7818,0.7818,0.7818,0.7818
macro avg,0.7814144150281097,0.7838025105141881,0.7818,10000.0
weighted avg,0.7814144150281096,0.783802510514188,0.7818,10000.0
