,f1-score,precision,recall,support
0,0.8298440065681444,0.8522344013490725,0.8086,5000.0
1,0.8383385335413417,0.8179223744292238,0.8598,5000.0
accuracy,0.8342,0.8342,0.8342,0.8342
macro avg,0.834091270054743,0.8350783878891481,0.8342,10000.0
weighted avg,0.8340912700547429,0.8350783878891481,0.8342,10000.0
