,f1-score,precision,recall,support
0,0.8062919370806292,0.895868980689318,0.733,5000.0
1,0.8385736547804565,0.7740734472838043,0.9148,5000.0
accuracy,0.8239,0.8239,0.8239,0.8239
macro avg,0.8224327959305429,0.8349712139865612,0.8239,10000.0
weighted avg,0.8224327959305429,0.8349712139865613,0.8239,10000.0
