,f1-score,precision,recall,support
0,0.8264883794969756,0.8803979199638254,0.7788,5000.0
1,0.8454193060414106,0.8016854939931863,0.8942,5000.0
accuracy,0.8365,0.8365,0.8365,0.8365
macro avg,0.835953842769193,0.8410417069785059,0.8365,10000.0
weighted avg,0.835953842769193,0.8410417069785059,0.8365,10000.0
