,f1-score,precision,recall,support
0,0.8328576525151623,0.751609787508049,0.9338,5000.0
1,0.7867546654528903,0.9126187961985216,0.6914,5000.0
accuracy,0.8126,0.8126,0.8126,0.8126
macro avg,0.8098061589840263,0.8321142918532853,0.8126,10000.0
weighted avg,0.8098061589840263,0.8321142918532852,0.8126,10000.0
