,f1-score,precision,recall,support
0,0.8520664349169563,0.8237490664675131,0.8824,5000.0
1,0.8411447532144339,0.8733850129198967,0.8112,5000.0
accuracy,0.8468,0.8468,0.8468,0.8468
macro avg,0.8466055940656951,0.8485670396937048,0.8468,10000.0
weighted avg,0.8466055940656951,0.8485670396937051,0.8468,10000.0
