,f1-score,precision,recall,support
0,0.8511785856971634,0.8501596169193935,0.8522,5000.0
1,0.8508209851822186,0.8518444266238974,0.8498,5000.0
accuracy,0.851,0.851,0.851,0.851
macro avg,0.850999785439691,0.8510020217716454,0.851,10000.0
weighted avg,0.850999785439691,0.8510020217716454,0.851,10000.0
