,f1-score,precision,recall,support
0,0.8527028315378015,0.81472034979049,0.8944,5000.0
1,0.8375565135106718,0.8829527820882288,0.7966,5000.0
accuracy,0.8455,0.8455,0.8455,0.8455
macro avg,0.8451296725242367,0.8488365659393594,0.8454999999999999,10000.0
weighted avg,0.8451296725242365,0.8488365659393594,0.8455,10000.0
