,f1-score,precision,recall,support
0,0.8817934782608695,0.8565233785822021,0.9086,5000.0
1,0.8743811881188119,0.9026831345826235,0.8478,5000.0
accuracy,0.8782,0.8782,0.8782,0.8782
macro avg,0.8780873331898407,0.8796032565824128,0.8782,10000.0
weighted avg,0.8780873331898409,0.8796032565824127,0.8782,10000.0
