,f1-score,precision,recall,support
0,0.8843537414965987,0.8981233243967829,0.871,5000.0
1,0.8877943059797065,0.8747815958066395,0.9012,5000.0
accuracy,0.8861,0.8861,0.8861,0.8861
macro avg,0.8860740237381526,0.8864524601017112,0.8861,10000.0
weighted avg,0.8860740237381528,0.8864524601017111,0.8861,10000.0
