,f1-score,precision,recall,support
0,0.8531872509960159,0.8498015873015873,0.8566,5000.0
1,0.8520080321285142,0.8554435483870968,0.8486,5000.0
accuracy,0.8526,0.8526,0.8526,0.8526
macro avg,0.852597641562265,0.852622567844342,0.8526,10000.0
weighted avg,0.8525976415622653,0.8526225678443421,0.8526,10000.0
