,f1-score,precision,recall,support
0,0.8610289769367239,0.8574793875147232,0.8646080760095012,3368.0
1,0.8598688133571855,0.8634730538922155,0.8562945368171021,3368.0
accuracy,0.8604513064133017,0.8604513064133017,0.8604513064133017,0.8604513064133017
macro avg,0.8604488951469547,0.8604762207034693,0.8604513064133017,6736.0
weighted avg,0.8604488951469546,0.8604762207034694,0.8604513064133017,6736.0
