,f1-score,precision,recall,support
0,0.8406633020908436,0.8666383520917392,0.8162,5000.0
1,0.8496744728403458,0.8263088263088263,0.8744,5000.0
accuracy,0.8453,0.8453,0.8453,0.8453
macro avg,0.8451688874655947,0.8464735892002828,0.8452999999999999,10000.0
weighted avg,0.8451688874655947,0.8464735892002827,0.8453,10000.0
