,f1-score,precision,recall,support
0,0.8419602440464475,0.8287485470747772,0.8556,5000.0
1,0.8367554380971743,0.8507647788342291,0.8232,5000.0
accuracy,0.8394,0.8394,0.8394,0.8394
macro avg,0.839357841071811,0.8397566629545031,0.8394,10000.0
weighted avg,0.839357841071811,0.8397566629545032,0.8394,10000.0
