,f1-score,precision,recall,support
0,0.8551779128874712,0.8523743294257898,0.858,5000.0
1,0.8542189224440654,0.8570565733843366,0.8514,5000.0
accuracy,0.8547,0.8547,0.8547,0.8547
macro avg,0.8546984176657684,0.8547154514050632,0.8547,10000.0
weighted avg,0.8546984176657683,0.8547154514050631,0.8547,10000.0
