,f1-score,precision,recall,support
0,0.8484045071489442,0.8056105017083258,0.896,5000.0
1,0.8303845746371439,0.8828564992115341,0.7838,5000.0
accuracy,0.8399,0.8399,0.8399,0.8399
macro avg,0.8393945408930441,0.84423350045993,0.8399000000000001,10000.0
weighted avg,0.839394540893044,0.84423350045993,0.8399,10000.0
