,f1-score,precision,recall,support
0,0.8481076197168959,0.8514412416851441,0.8448,5000.0
1,0.8492877776670983,0.846001190712443,0.8526,5000.0
accuracy,0.8487,0.8487,0.8487,0.8487
macro avg,0.8486976986919971,0.8487212161987936,0.8487,10000.0
weighted avg,0.848697698691997,0.8487212161987936,0.8487,10000.0
