,f1-score,precision,recall,support
0,0.8538581449727202,0.8324468085106383,0.8764,5000.0
1,0.8459326211996714,0.8695101351351351,0.8236,5000.0
accuracy,0.85,0.85,0.85,0.85
macro avg,0.8498953830861957,0.8509784718228868,0.85,10000.0
weighted avg,0.8498953830861957,0.8509784718228868,0.85,10000.0
