,f1-score,precision,recall,support
0,0.8539865513928915,0.821626617375231,0.889,5000.0
1,0.8415015641293014,0.8790849673202614,0.807,5000.0
accuracy,0.848,0.848,0.848,0.848
macro avg,0.8477440577610964,0.8503557923477463,0.8480000000000001,10000.0
weighted avg,0.8477440577610963,0.8503557923477463,0.848,10000.0
