,f1-score,precision,recall,support
0,0.8730954487368525,0.8584960371157936,0.8882,5000.0
1,0.8686272514500865,0.8841930805883571,0.8536,5000.0
accuracy,0.8709,0.8709,0.8709,0.8709
macro avg,0.8708613500934694,0.8713445588520754,0.8709,10000.0
weighted avg,0.8708613500934694,0.8713445588520754,0.8709,10000.0
