,f1-score,precision,recall,support
0,0.8555704298676187,0.8572280178837556,0.8539192399049881,3368.0
1,0.8561268336049785,0.8544809228039042,0.8577790973871734,3368.0
accuracy,0.8558491686460807,0.8558491686460807,0.8558491686460807,0.8558491686460807
macro avg,0.8558486317362985,0.8558544703438299,0.8558491686460807,6736.0
weighted avg,0.8558486317362987,0.8558544703438299,0.8558491686460807,6736.0
