,f1-score,precision,recall,support
0,0.8681128424483144,0.8844158539115999,0.8524,5000.0
1,0.8728022787545427,0.8575564562825709,0.8886,5000.0
accuracy,0.8705,0.8705,0.8705,0.8705
macro avg,0.8704575606014286,0.8709861550970854,0.8705,10000.0
weighted avg,0.8704575606014285,0.8709861550970854,0.8705,10000.0
