,f1-score,precision,recall,support
0,0.7360171765968866,0.7944380069524913,0.6856,5000.0
1,0.769864295741694,0.7234828496042216,0.8226,5000.0
accuracy,0.7541,0.7541,0.7541,0.7541
macro avg,0.7529407361692904,0.7589604282783564,0.7541,10000.0
weighted avg,0.7529407361692904,0.7589604282783564,0.7541,10000.0
