,f1-score,precision,recall,support
0,0.813853719786544,0.8534123326750055,0.7778,5000.0
1,0.8296466532605573,0.7958846224508543,0.8664,5000.0
accuracy,0.8221,0.8221,0.8221,0.8221
macro avg,0.8217501865235506,0.8246484775629299,0.8221,10000.0
weighted avg,0.8217501865235507,0.8246484775629298,0.8221,10000.0
