,f1-score,precision,recall,support
0,0.8167250344900774,0.8699977390911147,0.7696,5000.0
1,0.8367211874822729,0.7934373318988703,0.885,5000.0
accuracy,0.8273,0.8273,0.8273,0.8273
macro avg,0.8267231109861751,0.8317175354949925,0.8272999999999999,10000.0
weighted avg,0.8267231109861752,0.8317175354949925,0.8273,10000.0
