,f1-score,precision,recall,support
0,0.8274231678486997,0.8941012540640966,0.77,5000.0
1,0.849822330278661,0.7980330172110994,0.9088,5000.0
accuracy,0.8394,0.8394,0.8394,0.8394
macro avg,0.8386227490636804,0.846067135637598,0.8394,10000.0
weighted avg,0.8386227490636804,0.8460671356375981,0.8394,10000.0
