,f1-score,precision,recall,support
0,0.8406350482315113,0.8447092084006462,0.8366,5000.0
1,0.8421576433121019,0.8381537242472267,0.8462,5000.0
accuracy,0.8414,0.8414,0.8414,0.8414
macro avg,0.8413963457718066,0.8414314663239364,0.8413999999999999,10000.0
weighted avg,0.8413963457718066,0.8414314663239365,0.8414,10000.0
