,f1-score,precision,recall,support
0,0.8571138623909073,0.8700041203131438,0.8446,5000.0
1,0.8612260989552533,0.8490089389817334,0.8738,5000.0
accuracy,0.8592,0.8592,0.8592,0.8592
macro avg,0.8591699806730803,0.8595065296474386,0.8592,10000.0
weighted avg,0.8591699806730804,0.8595065296474386,0.8592,10000.0
