,f1-score,precision,recall,support
0,0.8452215378501888,0.8397157520726412,0.8508,5000.0
1,0.8431648882625327,0.8488042156465343,0.8376,5000.0
accuracy,0.8442,0.8442,0.8442,0.8442
macro avg,0.8441932130563607,0.8442599838595877,0.8442000000000001,10000.0
weighted avg,0.8441932130563607,0.8442599838595878,0.8442,10000.0
