,f1-score,precision,recall,support
0,0.869598617246015,0.8363502031769486,0.9056,5000.0
1,0.8583350719799708,0.8970780636720453,0.8228,5000.0
accuracy,0.8642,0.8642,0.8642,0.8642
macro avg,0.8639668446129929,0.866714133424497,0.8642,10000.0
weighted avg,0.8639668446129928,0.8667141334244971,0.8642,10000.0
