,f1-score,precision,recall,support
0,0.8507923851290741,0.848003179018478,0.8536,5000.0
1,0.8498043543694191,0.8526273404469499,0.847,5000.0
accuracy,0.8503,0.8503,0.8503,0.8503
macro avg,0.8502983697492466,0.8503152597327139,0.8503000000000001,10000.0
weighted avg,0.8502983697492466,0.8503152597327138,0.8503,10000.0
