,f1-score,precision,recall,support
0,0.8749999999999999,0.8821138211382114,0.868,5000.0
1,0.8769841269841269,0.8700787401574803,0.884,5000.0
accuracy,0.876,0.876,0.876,0.876
macro avg,0.8759920634920634,0.8760962806478458,0.876,10000.0
weighted avg,0.8759920634920633,0.876096280647846,0.876,10000.0
