,f1-score,precision,recall,support
0,0.8304081201099598,0.8808882907133243,0.7854,5000.0
1,0.8478467084044774,0.8063875857091303,0.8938,5000.0
accuracy,0.8396,0.8396,0.8396,0.8396
macro avg,0.8391274142572186,0.8436379382112273,0.8396,10000.0
weighted avg,0.8391274142572187,0.8436379382112272,0.8396,10000.0
