,f1-score,precision,recall,support
0,0.8553892215568861,0.8626207729468599,0.8482779097387173,3368.0
1,0.857773851590106,0.8507593457943925,0.8649049881235155,3368.0
accuracy,0.8565914489311164,0.8565914489311164,0.8565914489311164,0.8565914489311164
macro avg,0.8565815365734961,0.8566900593706261,0.8565914489311164,6736.0
weighted avg,0.856581536573496,0.8566900593706263,0.8565914489311164,6736.0
