,f1-score,precision,recall,support
0,0.8767738642164369,0.8955161626694473,0.8588,5000.0
1,0.8817246447819697,0.8643611911623439,0.8998,5000.0
accuracy,0.8793,0.8793,0.8793,0.8793
macro avg,0.8792492544992032,0.8799386769158957,0.8793,10000.0
weighted avg,0.8792492544992033,0.8799386769158954,0.8793,10000.0
