,f1-score,precision,recall,support
0,0.8298368298368298,0.827906976744186,0.8317757009345794,428.0
1,0.835214446952596,0.8371040723981901,0.8333333333333334,444.0
accuracy,0.8325688073394495,0.8325688073394495,0.8325688073394495,0.8325688073394495
macro avg,0.8325256383947128,0.8325055245711881,0.8325545171339563,872.0
weighted avg,0.8325749743315548,0.8325899015955368,0.8325688073394495,872.0
