,f1-score,precision,recall,support
0,0.8421052631578948,0.8251121076233184,0.8598130841121495,428.0
1,0.8413793103448276,0.8591549295774648,0.8243243243243243,444.0
accuracy,0.841743119266055,0.841743119266055,0.841743119266055,0.841743119266055
macro avg,0.8417422867513612,0.8421335186003915,0.8420687042182369,872.0
weighted avg,0.8417356266338101,0.8424458380678608,0.841743119266055,872.0
