,f1-score,precision,recall,support
0,0.8743109151047408,0.8791574279379157,0.8695175438596491,912.0
1,0.87527352297593,0.8705114254624592,0.8800880088008801,909.0
accuracy,0.8747940691927513,0.8747940691927513,0.8747940691927513,0.8747940691927513
macro avg,0.8747922190403354,0.8748344267001875,0.8748027763302646,1821.0
weighted avg,0.8747914261178714,0.8748415486132645,0.8747940691927513,1821.0
