,f1-score,precision,recall,support
0,0.7505066426480522,0.8585780525502318,0.6666,5000.0
1,0.8006835761827668,0.7275253350768225,0.8902,5000.0
accuracy,0.7784,0.7784,0.7784,0.7784
macro avg,0.7755951094154094,0.7930516938135271,0.7784,10000.0
weighted avg,0.7755951094154094,0.7930516938135271,0.7784,10000.0
