,f1-score,precision,recall,support
0,0.7473600545021006,0.8644602048857368,0.6582,5000.0
1,0.8012150451174841,0.7240432746649443,0.8968,5000.0
accuracy,0.7775,0.7775,0.7775,0.7775
macro avg,0.7742875498097923,0.7942517397753406,0.7775000000000001,10000.0
weighted avg,0.7742875498097923,0.7942517397753406,0.7775,10000.0
