,f1-score,precision,recall,support
0,0.8070099989248468,0.87258777028598,0.7506,5000.0
1,0.8322273109636413,0.7811896824004211,0.8904,5000.0
accuracy,0.8205,0.8205,0.8205,0.8205
macro avg,0.8196186549442441,0.8268887263432005,0.8205,10000.0
weighted avg,0.819618654944244,0.8268887263432005,0.8205,10000.0
