,f1-score,precision,recall,support
0,0.8089254766031196,0.8823251417769377,0.7468,5000.0
1,0.836181277860327,0.7805131761442441,0.9004,5000.0
accuracy,0.8236,0.8236,0.8236,0.8236
macro avg,0.8225533772317233,0.8314191589605908,0.8236,10000.0
weighted avg,0.8225533772317234,0.8314191589605909,0.8236,10000.0
