,f1-score,precision,recall,support
0,0.8262822521675547,0.8648589547343101,0.791,5000.0
1,0.8405102138678431,0.8074442601805786,0.8764,5000.0
accuracy,0.8337,0.8337,0.8337,0.8337
macro avg,0.8333962330176989,0.8361516074574443,0.8337,10000.0
weighted avg,0.8333962330176989,0.8361516074574443,0.8337,10000.0
