,f1-score,precision,recall,support
0,0.8253196660678431,0.8749719919336769,0.781,5000.0
1,0.8431242289076588,0.8022394798627416,0.8884,5000.0
accuracy,0.8347,0.8347,0.8347,0.8347
macro avg,0.834221947487751,0.8386057358982093,0.8347,10000.0
weighted avg,0.8342219474877511,0.8386057358982092,0.8347,10000.0
