,f1-score,precision,recall,support
0,0.8423200233168174,0.8190062346495371,0.867,5000.0
1,0.8328010713917792,0.8587210537497344,0.8084,5000.0
accuracy,0.8377,0.8377,0.8377,0.8377
macro avg,0.8375605473542983,0.8388636441996358,0.8377,10000.0
weighted avg,0.8375605473542983,0.8388636441996358,0.8377,10000.0
