,f1-score,precision,recall,support
0,0.8452030606238964,0.8294185598767809,0.8616,5000.0
1,0.8390781154395268,0.856013316687474,0.8228,5000.0
accuracy,0.8422,0.8422,0.8422,0.8422
macro avg,0.8421405880317117,0.8427159382821274,0.8422000000000001,10000.0
weighted avg,0.8421405880317118,0.8427159382821275,0.8422,10000.0
