,f1-score,precision,recall,support
0,0.8345074017355794,0.8523461939520334,0.8174,5000.0
1,0.8411562959333659,0.8245917387127761,0.8584,5000.0
accuracy,0.8379,0.8379,0.8379,0.8379
macro avg,0.8378318488344727,0.8384689663324048,0.8379000000000001,10000.0
weighted avg,0.8378318488344727,0.8384689663324046,0.8379,10000.0
