,f1-score,precision,recall,support
0,0.8397198187062216,0.8657604078164826,0.8152,5000.0
1,0.8488146132918772,0.8253968253968254,0.8736,5000.0
accuracy,0.8444,0.8444,0.8444,0.8444
macro avg,0.8442672159990494,0.8455786166066539,0.8444,10000.0
weighted avg,0.8442672159990496,0.845578616606654,0.8444,10000.0
