,f1-score,precision,recall,support
0,0.8166149234557328,0.8785994010596637,0.7628,5000.0
1,0.8392907402195329,0.7904223361017848,0.8946,5000.0
accuracy,0.8287,0.8287,0.8287,0.8287
macro avg,0.8279528318376328,0.8345108685807243,0.8287,10000.0
weighted avg,0.8279528318376329,0.8345108685807243,0.8287,10000.0
