,f1-score,precision,recall,support
0,0.8195269467545092,0.8908194411833764,0.7588,5000.0
1,0.8444278931198214,0.7899320675840446,0.907,5000.0
accuracy,0.8329,0.8329,0.8329,0.8329
macro avg,0.8319774199371652,0.8403757543837105,0.8329,10000.0
weighted avg,0.8319774199371653,0.8403757543837104,0.8329,10000.0
