,f1-score,precision,recall,support
0,0.8329038243480055,0.8593916188045096,0.808,5000.0
1,0.8426060782600252,0.8188337422155123,0.8678,5000.0
accuracy,0.8379,0.8379,0.8379,0.8379
macro avg,0.8377549513040153,0.839112680510011,0.8379000000000001,10000.0
weighted avg,0.8377549513040154,0.839112680510011,0.8379,10000.0
