,f1-score,precision,recall,support
0,0.8313911519026503,0.8582073664040877,0.8062,5000.0
1,0.8413083567892847,0.8172732415613804,0.8668,5000.0
accuracy,0.8365,0.8365,0.8365,0.8365
macro avg,0.8363497543459675,0.837740303982734,0.8365,10000.0
weighted avg,0.8363497543459675,0.8377403039827339,0.8365,10000.0
