,f1-score,precision,recall,support
0,0.8348260779004374,0.8709256844850065,0.8016,5000.0
1,0.8474706674360453,0.8162282326787699,0.8812,5000.0
accuracy,0.8414,0.8414,0.8414,0.8414
macro avg,0.8411483726682414,0.8435769585818882,0.8413999999999999,10000.0
weighted avg,0.8411483726682413,0.8435769585818882,0.8414,10000.0
