,f1-score,precision,recall,support
0,0.8580829756795422,0.814945652173913,0.9060422960725075,3310.0
1,0.8551824817518249,0.9040123456790123,0.8113573407202216,3610.0
accuracy,0.8566473988439306,0.8566473988439306,0.8566473988439306,0.8566473988439306
macro avg,0.8566327287156835,0.8594789989264626,0.8586998183963646,6920.0
weighted avg,0.8565698567374816,0.8614096353463708,0.8566473988439306,6920.0
