,f1-score,precision,recall,support
0,0.8434782608695651,0.7886178861788617,0.9065420560747663,428.0
1,0.825242718446602,0.8947368421052632,0.7657657657657657,444.0
accuracy,0.8348623853211009,0.8348623853211009,0.8348623853211009,0.8348623853211009
macro avg,0.8343604896580836,0.8416773641420625,0.836153910920266,872.0
weighted avg,0.8341931911037445,0.842650932545057,0.8348623853211009,872.0
