,f1-score,precision,recall,support
0,0.8656675749318801,0.7883374689826302,0.9598187311178248,3310.0
1,0.8483076923076923,0.9539792387543252,0.7637119113573407,3610.0
accuracy,0.857514450867052,0.857514450867052,0.857514450867052,0.857514450867052
macro avg,0.8569876336197861,0.8711583538684777,0.8617653212375828,6920.0
weighted avg,0.8566113355860249,0.8747488546583265,0.857514450867052,6920.0
