,f1-score,precision,recall,support
0,0.8449438202247191,0.8138528138528138,0.8785046728971962,428.0
1,0.8384074941451991,0.8731707317073171,0.8063063063063063,444.0
accuracy,0.841743119266055,0.841743119266055,0.841743119266055,0.841743119266055
macro avg,0.8416756571849591,0.8435117727800654,0.8424054896017512,872.0
weighted avg,0.8416156908906516,0.8440559738612994,0.841743119266055,872.0
