,f1-score,precision,recall,support
0,0.8857479387514724,0.8638713383113154,0.908761329305136,3310.0
1,0.8898978433598184,0.9121582315299592,0.8686980609418282,3610.0
accuracy,0.8878612716763006,0.8878612716763006,0.8878612716763006,0.8878612716763006
macro avg,0.8878228910556454,0.8880147849206372,0.8887296951234821,6920.0
weighted avg,0.8879128456353061,0.8890614661320241,0.8878612716763006,6920.0
