,f1-score,precision,recall,support
0,0.7460771961974573,0.8729563119807022,0.6514,5000.0
1,0.8032655958825095,0.7219652257138299,0.9052,5000.0
accuracy,0.7783,0.7783,0.7783,0.7783
macro avg,0.7746713960399834,0.7974607688472661,0.7783,10000.0
weighted avg,0.7746713960399834,0.7974607688472661,0.7783,10000.0
