,f1-score,precision,recall,support
0,0.7467801287948482,0.878517316017316,0.6494,5000.0
1,0.8052016985138004,0.7219225888324873,0.9102,5000.0
accuracy,0.7798,0.7798,0.7798,0.7798
macro avg,0.7759909136543244,0.8002199524249016,0.7798,10000.0
weighted avg,0.7759909136543244,0.8002199524249015,0.7798,10000.0
