,f1-score,precision,recall,support
0,0.7812322058991004,0.907167416027506,0.686,5000.0
1,0.8287726178803815,0.7475478372728734,0.9298,5000.0
accuracy,0.8079,0.8079,0.8079,0.8079
macro avg,0.805002411889741,0.8273576266501896,0.8079000000000001,10000.0
weighted avg,0.8050024118897409,0.8273576266501895,0.8079,10000.0
