,f1-score,precision,recall,support
0,0.8424468922108576,0.8287538699690402,0.8566,5000.0
1,0.8370626525630593,0.851614238410596,0.823,5000.0
accuracy,0.8398,0.8398,0.8398,0.8398
macro avg,0.8397547723869585,0.8401840541898181,0.8398,10000.0
weighted avg,0.8397547723869586,0.8401840541898182,0.8398,10000.0
