,f1-score,precision,recall,support
0,0.8437964891401368,0.8369073381861105,0.8508,5000.0
1,0.8411818090148231,0.8482814724425463,0.8342,5000.0
accuracy,0.8425,0.8425,0.8425,0.8425
macro avg,0.84248914907748,0.8425944053143284,0.8425,10000.0
weighted avg,0.8424891490774801,0.8425944053143285,0.8425,10000.0
