,f1-score,precision,recall,support
0,0.8280162111607606,0.8617780661907852,0.7968,5000.0
1,0.8405126722559506,0.8110470522596244,0.8722,5000.0
accuracy,0.8345,0.8345,0.8345,0.8345
macro avg,0.8342644417083556,0.8364125592252047,0.8345,10000.0
weighted avg,0.8342644417083557,0.8364125592252049,0.8345,10000.0
