,f1-score,precision,recall,support
0,0.8415753627480012,0.8308321964529332,0.8526,5000.0
1,0.8373695409869287,0.8486342164715547,0.8264,5000.0
accuracy,0.8395,0.8395,0.8395,0.8395
macro avg,0.839472451867465,0.8397332064622439,0.8395,10000.0
weighted avg,0.839472451867465,0.8397332064622438,0.8395,10000.0
