,f1-score,precision,recall,support
0,0.840882237101221,0.8281613653995346,0.854,5000.0
1,0.8358390898008939,0.8492981007431875,0.8228,5000.0
accuracy,0.8384,0.8384,0.8384,0.8384
macro avg,0.8383606634510574,0.838729733071361,0.8384,10000.0
weighted avg,0.8383606634510575,0.8387297330713609,0.8384,10000.0
