,f1-score,precision,recall,support
0,0.8433422965840056,0.8399127157310058,0.8468,5000.0
1,0.8420524149010945,0.8455333736640451,0.8386,5000.0
accuracy,0.8427,0.8427,0.8427,0.8427
macro avg,0.8426973557425501,0.8427230446975255,0.8427,10000.0
weighted avg,0.8426973557425501,0.8427230446975256,0.8427,10000.0
