,f1-score,precision,recall,support
0,0.8231139646869985,0.8851553509781358,0.7692,5000.0
1,0.8448615673392774,0.7959328028293545,0.9002,5000.0
accuracy,0.8347,0.8347,0.8347,0.8347
macro avg,0.833987766013138,0.8405440769037451,0.8347,10000.0
weighted avg,0.8339877660131381,0.8405440769037452,0.8347,10000.0
