,f1-score,precision,recall,support
0,0.835866728082297,0.8655007949125596,0.8081947743467933,3368.0
1,0.8463859749964076,0.8201058201058201,0.8744061757719715,3368.0
accuracy,0.8413004750593824,0.8413004750593824,0.8413004750593824,0.8413004750593824
macro avg,0.8411263515393523,0.8428033075091899,0.8413004750593824,6736.0
weighted avg,0.8411263515393523,0.8428033075091899,0.8413004750593824,6736.0
