,f1-score,precision,recall,support
0,0.8069738480697384,0.864,0.7570093457943925,428.0
1,0.8352816153028693,0.7907444668008048,0.8851351351351351,444.0
accuracy,0.8222477064220184,0.8222477064220184,0.8222477064220184,0.8222477064220184
macro avg,0.8211277316863038,0.8273722334004023,0.8210722404647638,872.0
weighted avg,0.8213874359728462,0.826700164288483,0.8222477064220184,872.0
