,f1-score,precision,recall,support
0,0.8322169059011164,0.8814189189189189,0.7882175226586102,3310.0
1,0.8610303830911492,0.822979797979798,0.9027700831024931,3610.0
accuracy,0.8479768786127168,0.8479768786127168,0.8479768786127168,0.8479768786127168
macro avg,0.8466236444961328,0.8521993584493585,0.8454938028805516,6920.0
weighted avg,0.8472482140884025,0.850932614498366,0.8479768786127168,6920.0
