,f1-score,precision,recall,support
0,0.8111533586818757,0.8864265927977839,0.7476635514018691,428.0
1,0.8439790575916231,0.7886497064579256,0.9076576576576577,444.0
accuracy,0.8291284403669725,0.8291284403669725,0.8291284403669725,0.8291284403669725
macro avg,0.8275662081367494,0.8375381496278548,0.8276606045297634,872.0
weighted avg,0.8278673613377563,0.8366411139733607,0.8291284403669725,872.0
