,f1-score,precision,recall,support
0,0.8280609736108835,0.9050519527051236,0.7631419939577039,3310.0
1,0.8644527716759272,0.8101235165899734,0.9265927977839336,3610.0
accuracy,0.8484104046242774,0.8484104046242774,0.8484104046242774,0.8484104046242774
macro avg,0.8462568726434053,0.8575877346475484,0.8448673958708187,6920.0
weighted avg,0.8470457121968383,0.8555300373329137,0.8484104046242774,6920.0
