,f1-score,precision,recall,support
0,0.8062862999658353,0.9276729559748428,0.7129909365558912,3310.0
1,0.858001502629602,0.7829067641681902,0.9490304709141274,3610.0
accuracy,0.8361271676300578,0.8361271676300578,0.8361271676300578,0.8361271676300578
macro avg,0.8321439012977186,0.8552898600715164,0.8310107037350093,6920.0
weighted avg,0.8332648955751124,0.8521518645843781,0.8361271676300578,6920.0
