,f1-score,precision,recall,support
0,0.8665948607478073,0.8830354343054249,0.8507552870090634,3310.0
1,0.8818961994278708,0.867595818815331,0.8966759002770083,3610.0
accuracy,0.8747109826589595,0.8747109826589595,0.8747109826589595,0.8747109826589595
macro avg,0.8742455300878391,0.8753156265603779,0.8737155936430359,6920.0
weighted avg,0.8745772065043145,0.8749809528142054,0.8747109826589595,6920.0
