,f1-score,precision,recall,support
0,0.8685968819599109,0.8823529411764706,0.8552631578947368,912.0
1,0.8721560130010835,0.8591248665955176,0.8855885588558856,909.0
accuracy,0.8704008786381109,0.8704008786381109,0.8704008786381109,0.8704008786381109
macro avg,0.8703764474804971,0.8707389038859941,0.8704258583753113,1821.0
weighted avg,0.8703735157415836,0.8707580373905913,0.8704008786381109,1821.0
