,f1-score,precision,recall,support
0,0.8737335551187055,0.8746594005449592,0.872809667673716,3310.0
1,0.8844610488446104,0.8836051976776333,0.8853185595567867,3610.0
accuracy,0.8793352601156069,0.8793352601156069,0.8793352601156069,0.8793352601156069
macro avg,0.8790973019816579,0.8791322991112962,0.8790641136152514,6920.0
weighted avg,0.8793298343601097,0.8793262108988542,0.8793352601156069,6920.0
