,f1-score,precision,recall,support
0,0.8571428571428572,0.8471525523753319,0.8673716012084592,3310.0
1,0.8659851561405966,0.875672613990371,0.8565096952908587,3610.0
accuracy,0.8617052023121388,0.8617052023121388,0.8617052023121388,0.8617052023121388
macro avg,0.8615640066417269,0.8614125831828514,0.861940648249659,6920.0
weighted avg,0.8617556749726027,0.8620307926109231,0.8617052023121388,6920.0
