,f1-score,precision,recall,support
0,0.872112676056338,0.8168865435356201,0.9353474320241691,3310.0
1,0.8652818991097924,0.931629392971246,0.8077562326869806,3610.0
accuracy,0.86878612716763,0.86878612716763,0.86878612716763,0.86878612716763
macro avg,0.8686972875830652,0.874257968253433,0.8715518323555749,6920.0
weighted avg,0.8685492216087903,0.8767451687469798,0.86878612716763,6920.0
