,f1-score,precision,recall,support
0,0.8705357142857143,0.8863636363636364,0.8552631578947368,912.0
1,0.8745945945945945,0.8597236981934112,0.88998899889989,909.0
accuracy,0.8725974739154311,0.8725974739154311,0.8725974739154311,0.8725974739154311
macro avg,0.8725651544401545,0.8730436672785238,0.8726260783973134,1821.0
weighted avg,0.8725618110461603,0.8730656112144135,0.8725974739154311,1821.0
