,f1-score,precision,recall,support
0,0.8869092556243394,0.8865076969514035,0.8873111782477341,3310.0
1,0.8962172647914646,0.8965899639589686,0.8958448753462603,3610.0
accuracy,0.8917630057803468,0.8917630057803468,0.8917630057803468,0.8917630057803468
macro avg,0.891563260207902,0.8915488304551861,0.8915780267969973,6920.0
weighted avg,0.8917650234123917,0.89176737670535,0.8917630057803468,6920.0
