,f1-score,precision,recall,support
0,0.7828999559277215,0.6999211977935382,0.8882,5000.0
1,0.715424610051993,0.8470588235294118,0.6192,5000.0
accuracy,0.7537,0.7537,0.7537,0.7537
macro avg,0.7491622829898572,0.773490010661475,0.7537,10000.0
weighted avg,0.7491622829898573,0.773490010661475,0.7537,10000.0
