,f1-score,precision,recall,support
0,0.8150565709312445,0.8936068702290076,0.7492,5000.0
1,0.8427091043671354,0.7840909090909091,0.9108,5000.0
accuracy,0.83,0.83,0.83,0.83
macro avg,0.8288828376491899,0.8388488896599584,0.8300000000000001,10000.0
weighted avg,0.82888283764919,0.8388488896599583,0.83,10000.0
