,f1-score,precision,recall,support
0,0.8471632209949967,0.8022528160200251,0.8974,5000.0
1,0.8278941213989582,0.8835942818243703,0.7788,5000.0
accuracy,0.8381,0.8381,0.8381,0.8381
macro avg,0.8375286711969775,0.8429235489221977,0.8381000000000001,10000.0
weighted avg,0.8375286711969775,0.8429235489221978,0.8381,10000.0
