,f1-score,precision,recall,support
0,0.8452357659949128,0.8272692454998085,0.864,5000.0
1,0.8382082225403967,0.8576810380912516,0.8196,5000.0
accuracy,0.8418,0.8418,0.8418,0.8418
macro avg,0.8417219942676548,0.8424751417955301,0.8418,10000.0
weighted avg,0.8417219942676547,0.84247514179553,0.8418,10000.0
