,f1-score,precision,recall,support
0,0.861407671016212,0.8516419077404223,0.8714,5000.0
1,0.858154593282072,0.8683456183456183,0.8482,5000.0
accuracy,0.8598,0.8598,0.8598,0.8598
macro avg,0.859781132149142,0.8599937630430203,0.8597999999999999,10000.0
weighted avg,0.8597811321491419,0.8599937630430202,0.8598,10000.0
