,f1-score,precision,recall,support
0,0.8413485876278223,0.8519581710067664,0.831,5000.0
1,0.8452039909117852,0.8350575834471989,0.8556,5000.0
accuracy,0.8433,0.8433,0.8433,0.8433
macro avg,0.8432762892698038,0.8435078772269826,0.8432999999999999,10000.0
weighted avg,0.8432762892698036,0.8435078772269826,0.8433,10000.0
