,f1-score,precision,recall,support
0,0.8641521005826435,0.8837549655028225,0.8454,5000.0
1,0.8699226778897916,0.8518305539582135,0.8888,5000.0
accuracy,0.8671,0.8671,0.8671,0.8671
macro avg,0.8670373892362175,0.867792759730518,0.8671,10000.0
weighted avg,0.8670373892362175,0.8677927597305181,0.8671,10000.0
