,f1-score,precision,recall,support
0,0.8277836691410392,0.881038374717833,0.7806,5000.0
1,0.8463576158940398,0.8030520646319569,0.8946,5000.0
accuracy,0.8376,0.8376,0.8376,0.8376
macro avg,0.8370706425175395,0.8420452196748949,0.8375999999999999,10000.0
weighted avg,0.8370706425175395,0.8420452196748949,0.8376,10000.0
