,f1-score,precision,recall,support
0,0.8565643648763853,0.916742700729927,0.8038,5000.0
1,0.8732102486812359,0.8253205128205128,0.927,5000.0
accuracy,0.8654,0.8654,0.8654,0.8654
macro avg,0.8648873067788105,0.87103160677522,0.8654,10000.0
weighted avg,0.8648873067788106,0.87103160677522,0.8654,10000.0
