,f1-score,precision,recall,support
0,0.8470920270134058,0.8538914854704328,0.8404,5000.0
1,0.8494890366107748,0.8428824571766096,0.8562,5000.0
accuracy,0.8483,0.8483,0.8483,0.8483
macro avg,0.8482905318120904,0.8483869713235213,0.8483,10000.0
weighted avg,0.8482905318120902,0.8483869713235211,0.8483,10000.0
