,f1-score,precision,recall,support
0,0.8774101887558352,0.8906056860321384,0.8646,5000.0
1,0.8809383008082002,0.8684415079673533,0.8938,5000.0
accuracy,0.8792,0.8792,0.8792,0.8792
macro avg,0.8791742447820177,0.8795235969997459,0.8792,10000.0
weighted avg,0.8791742447820178,0.8795235969997458,0.8792,10000.0
