,f1-score,precision,recall,support
0,0.8499698734685681,0.8535699878983461,0.8464,5000.0
1,0.8512248556064529,0.8476794922649742,0.8548,5000.0
accuracy,0.8506,0.8506,0.8506,0.8506
macro avg,0.8505973645375104,0.8506247400816602,0.8506,10000.0
weighted avg,0.8505973645375104,0.8506247400816602,0.8506,10000.0
