,f1-score,precision,recall,support
0,0.8806800931079851,0.8914156935054293,0.8702,5000.0
1,0.8834865105247552,0.8732174252783746,0.894,5000.0
accuracy,0.8821,0.8821,0.8821,0.8821
macro avg,0.8820833018163702,0.882316559391902,0.8821,10000.0
weighted avg,0.8820833018163703,0.882316559391902,0.8821,10000.0
