,f1-score,precision,recall,support
0,0.8496862237274628,0.8463980948600913,0.853,5000.0
1,0.8485091858247163,0.8518443862124572,0.8452,5000.0
accuracy,0.8491,0.8491,0.8491,0.8491
macro avg,0.8490977047760896,0.8491212405362742,0.8491,10000.0
weighted avg,0.8490977047760896,0.8491212405362741,0.8491,10000.0
