,f1-score,precision,recall,support
0,0.8400460299194477,0.8276643990929705,0.852803738317757,428.0
1,0.8411428571428571,0.8538283062645011,0.8288288288288288,444.0
accuracy,0.8405963302752294,0.8405963302752294,0.8405963302752294,0.8405963302752294
macro avg,0.8405944435311523,0.8407463526787358,0.8408162835732929,872.0
weighted avg,0.8406045061662296,0.8409863885243463,0.8405963302752294,872.0
