,f1-score,precision,recall,support
0,0.8292367399741267,0.8921363952679193,0.7746223564954683,3310.0
1,0.8620689655172413,0.8156203657933762,0.9141274238227147,3610.0
accuracy,0.8473988439306358,0.8473988439306358,0.8473988439306358,0.8473988439306358
macro avg,0.845652852745684,0.8538783805306478,0.8443748901590915,6920.0
weighted avg,0.8463645339352024,0.8522197960767198,0.8473988439306358,6920.0
