,f1-score,precision,recall,support
0,0.8592762780011488,0.8188286808976464,0.9039274924471299,3310.0
1,0.8574752763234439,0.90263319044703,0.8166204986149584,3610.0
accuracy,0.8583815028901735,0.8583815028901735,0.8583815028901735,0.8583815028901735
macro avg,0.8583757771622964,0.8607309356723383,0.8602739955310441,6920.0
weighted avg,0.8583367381085889,0.8625475074111254,0.8583815028901735,6920.0
