,f1-score,precision,recall,support
0,0.8335329341317365,0.855036855036855,0.8130841121495327,428.0
1,0.8470847084708472,0.8279569892473119,0.8671171171171171,444.0
accuracy,0.8405963302752294,0.8405963302752294,0.8405963302752294,0.8405963302752294
macro avg,0.8403088213012918,0.8414969221420834,0.840100614633325,872.0
weighted avg,0.8404331495062378,0.8412484830063995,0.8405963302752294,872.0
