,f1-score,precision,recall,support
0,0.858379346366214,0.8481273960483633,0.8688821752265861,3310.0
1,0.8670682168370919,0.8770189855483139,0.8573407202216067,3610.0
accuracy,0.8628612716763006,0.8628612716763006,0.8628612716763006,0.8628612716763006
macro avg,0.862723781601653,0.8625731907983386,0.8631114477240964,6920.0
weighted avg,0.8629121241696633,0.8631994535765167,0.8628612716763006,6920.0
