,f1-score,precision,recall,support
0,0.8632768361581921,0.8904428904428905,0.8377192982456141,912.0
1,0.8707264957264957,0.8463136033229491,0.8965896589658966,909.0
accuracy,0.8671059857221307,0.8671059857221307,0.8671059857221307,0.8671059857221307
macro avg,0.8670016659423438,0.8683782468829198,0.8671544786057553,1821.0
weighted avg,0.8669955294847094,0.8684145972017995,0.8671059857221307,1821.0
