,f1-score,precision,recall,support
0,0.8525493798805697,0.8643278484942565,0.8410876132930514,3310.0
1,0.8682446299083322,0.8577994052446607,0.8789473684210526,3610.0
accuracy,0.8608381502890173,0.8608381502890173,0.8608381502890173,0.8608381502890173
macro avg,0.8603970048944509,0.8610636268694586,0.8600174908570519,6920.0
weighted avg,0.8607372198517,0.8609221143712736,0.8608381502890173,6920.0
