,f1-score,precision,recall,support
0,0.7974604496253122,0.8313802083333334,0.7662,5000.0
1,0.8127405696689761,0.7831973293768546,0.8446,5000.0
accuracy,0.8054,0.8054,0.8054,0.8054
macro avg,0.8051005096471442,0.807288768855094,0.8054,10000.0
weighted avg,0.8051005096471441,0.807288768855094,0.8054,10000.0
