,f1-score,precision,recall,support
0,0.7939413064058064,0.8373641002884402,0.7548,5000.0
1,0.8133041075002384,0.7768068450755508,0.8534,5000.0
accuracy,0.8041,0.8041,0.8041,0.8041
macro avg,0.8036227069530224,0.8070854726819955,0.8041,10000.0
weighted avg,0.8036227069530224,0.8070854726819955,0.8041,10000.0
