,f1-score,precision,recall,support
0,0.8392554991539762,0.83534773132554,0.8432,5000.0
1,0.8377373656184065,0.8417120936805976,0.8338,5000.0
accuracy,0.8385,0.8385,0.8385,0.8385
macro avg,0.8384964323861914,0.8385299125030687,0.8385,10000.0
weighted avg,0.8384964323861914,0.8385299125030687,0.8385,10000.0
