,f1-score,precision,recall,support
0,0.8166075077982146,0.8834070281591808,0.7592,5000.0
1,0.8406988694758479,0.7888830440119236,0.8998,5000.0
accuracy,0.8295,0.8295,0.8295,0.8295
macro avg,0.8286531886370312,0.8361450360855522,0.8295,10000.0
weighted avg,0.8286531886370312,0.8361450360855522,0.8295,10000.0
