,f1-score,precision,recall,support
0,0.8304872969596002,0.8662033014769766,0.7976,5000.0
1,0.8434013081954599,0.8124536693847294,0.8768,5000.0
accuracy,0.8372,0.8372,0.8372,0.8372
macro avg,0.83694430257753,0.8393284854308529,0.8371999999999999,10000.0
weighted avg,0.83694430257753,0.8393284854308531,0.8372,10000.0
