,f1-score,precision,recall,support
0,0.833456230906984,0.8804807478299577,0.7912,5000.0
1,0.8495288855049015,0.8104230978754313,0.8926,5000.0
accuracy,0.8419,0.8419,0.8419,0.8419
macro avg,0.8414925582059427,0.8454519228526944,0.8419,10000.0
weighted avg,0.8414925582059426,0.8454519228526945,0.8419,10000.0
