,f1-score,precision,recall,support
0,0.808092097909914,0.9158854826450469,0.723,5000.0
1,0.8446575590337465,0.7711878407401289,0.9336,5000.0
accuracy,0.8283,0.8283,0.8283,0.8283
macro avg,0.8263748284718302,0.8435366616925879,0.8283,10000.0
weighted avg,0.8263748284718302,0.8435366616925879,0.8283,10000.0
