,f1-score,precision,recall,support
0,0.8037403740374038,0.8931540342298289,0.7306,5000.0
1,0.836480293308891,0.7720812182741117,0.9126,5000.0
accuracy,0.8216,0.8216,0.8216,0.8216
macro avg,0.8201103336731475,0.8326176262519702,0.8216,10000.0
weighted avg,0.8201103336731475,0.8326176262519702,0.8216,10000.0
