,f1-score,precision,recall,support
0,0.8145116690631566,0.9111606038109379,0.7364,5000.0
1,0.8469750889679715,0.7788219499916094,0.9282,5000.0
accuracy,0.8323,0.8323,0.8323,0.8323
macro avg,0.830743379015564,0.8449912769012736,0.8323,10000.0
weighted avg,0.830743379015564,0.8449912769012737,0.8323,10000.0
