,f1-score,precision,recall,support
0,0.8381793897051268,0.861821255017959,0.8158,5000.0
1,0.8465958897438395,0.8251376495158534,0.8692,5000.0
accuracy,0.8425,0.8425,0.8425,0.8425
macro avg,0.8423876397244832,0.8434794522669062,0.8425,10000.0
weighted avg,0.8423876397244833,0.8434794522669062,0.8425,10000.0
