,f1-score,precision,recall,support
0,0.8419525339413411,0.8737362873736287,0.8124,5000.0
1,0.8526712394937688,0.8247056624929919,0.8826,5000.0
accuracy,0.8475,0.8475,0.8475,0.8475
macro avg,0.8473118867175549,0.8492209749333104,0.8475,10000.0
weighted avg,0.8473118867175549,0.8492209749333102,0.8475,10000.0
