,f1-score,precision,recall,support
0,0.8423124740986324,0.8738177128116938,0.813,5000.0
1,0.852918438345574,0.825168287210172,0.8826,5000.0
accuracy,0.8478,0.8478,0.8478,0.8478
macro avg,0.8476154562221032,0.8494930000109329,0.8478,10000.0
weighted avg,0.8476154562221032,0.8494930000109329,0.8478,10000.0
