,f1-score,precision,recall,support
0,0.8353721749948165,0.8671975893241498,0.8058,5000.0
1,0.846629322001159,0.8186402689577885,0.8766,5000.0
accuracy,0.8412,0.8412,0.8412,0.8412
macro avg,0.8410007484979878,0.8429189291409691,0.8412,10000.0
weighted avg,0.8410007484979877,0.8429189291409691,0.8412,10000.0
