,f1-score,precision,recall,support
0,0.8397281756403555,0.8797371303395399,0.8032,5000.0
1,0.8530905606133206,0.818951241950322,0.8902,5000.0
accuracy,0.8467,0.8467,0.8467,0.8467
macro avg,0.8464093681268381,0.8493441861449309,0.8467,10000.0
weighted avg,0.846409368126838,0.849344186144931,0.8467,10000.0
