,f1-score,precision,recall,support
0,0.8405146007759853,0.8585732165206508,0.8232,5000.0
1,0.8469527728786986,0.8301959277756434,0.8644,5000.0
accuracy,0.8438,0.8438,0.8438,0.8438
macro avg,0.843733686827342,0.8443845721481471,0.8438,10000.0
weighted avg,0.843733686827342,0.844384572148147,0.8438,10000.0
