,f1-score,precision,recall,support
0,0.8446141147338011,0.8723358908780904,0.8186,5000.0
1,0.8538998835855646,0.8291258477769404,0.8802,5000.0
accuracy,0.8494,0.8494,0.8494,0.8494
macro avg,0.8492569991596828,0.8507308693275154,0.8493999999999999,10000.0
weighted avg,0.8492569991596829,0.8507308693275154,0.8494,10000.0
