,f1-score,precision,recall,support
0,0.6954208899432104,0.5428122545168892,0.9674,5000.0
1,0.30415503366726887,0.8503213957759412,0.1852,5000.0
accuracy,0.5763,0.5763,0.5763,0.5763
macro avg,0.49978796180523966,0.6965668251464152,0.5763,10000.0
weighted avg,0.4997879618052397,0.6965668251464151,0.5763,10000.0
