,f1-score,precision,recall,support
0,0.7813518800260814,0.8555449785816278,0.719,5000.0
1,0.8136691979996294,0.7576750603656434,0.8786,5000.0
accuracy,0.7988,0.7988,0.7988,0.7988
macro avg,0.7975105390128554,0.8066100194736356,0.7988,10000.0
weighted avg,0.7975105390128554,0.8066100194736355,0.7988,10000.0
