,f1-score,precision,recall,support
0,0.707380393126468,0.9261897054062803,0.5722,5000.0
1,0.801276131307195,0.6904934162928664,0.9544,5000.0
accuracy,0.7633,0.7633,0.7633,0.7633
macro avg,0.7543282622168315,0.8083415608495734,0.7633000000000001,10000.0
weighted avg,0.7543282622168316,0.8083415608495734,0.7633,10000.0
