,f1-score,precision,recall,support
0,0.8194949829088103,0.9132464979110346,0.7432,5000.0
1,0.8502424297868447,0.7835103692463329,0.9294,5000.0
accuracy,0.8363,0.8363,0.8363,0.8363
macro avg,0.8348687063478275,0.8483784335786837,0.8363,10000.0
weighted avg,0.8348687063478275,0.8483784335786837,0.8363,10000.0
