,f1-score,precision,recall,support
0,0.6917558212712397,0.933106960950764,0.5496,5000.0
1,0.7968477810037329,0.6807937632884479,0.9606,5000.0
accuracy,0.7551,0.7551,0.7551,0.7551
macro avg,0.7443018011374862,0.8069503621196059,0.7551,10000.0
weighted avg,0.7443018011374863,0.8069503621196059,0.7551,10000.0
