,f1-score,precision,recall,support
0,0.7152847152847153,0.9521276595744681,0.5728,5000.0
1,0.8098732488325551,0.6945080091533181,0.9712,5000.0
accuracy,0.772,0.772,0.772,0.772
macro avg,0.7625789820586352,0.8233178343638932,0.772,10000.0
weighted avg,0.7625789820586352,0.823317834363893,0.772,10000.0
