,f1-score,precision,recall,support
0,0.8402696052209264,0.9033816425120773,0.7854,5000.0
1,0.8598516849713697,0.8101892800283036,0.916,5000.0
accuracy,0.8507,0.8507,0.8507,0.8507
macro avg,0.8500606450961481,0.8567854612701904,0.8507,10000.0
weighted avg,0.8500606450961481,0.8567854612701904,0.8507,10000.0
