,f1-score,precision,recall,support
0,0.8224121557454891,0.8704489613580523,0.7794,5000.0
1,0.8400646203554119,0.8002896976281006,0.884,5000.0
accuracy,0.8317,0.8317,0.8317,0.8317
macro avg,0.8312383880504505,0.8353693294930764,0.8317,10000.0
weighted avg,0.8312383880504505,0.8353693294930765,0.8317,10000.0
