,f1-score,precision,recall,support
0,0.852227147983956,0.9023245417970496,0.8074,5000.0
1,0.8669960098802965,0.8257328990228013,0.9126,5000.0
accuracy,0.86,0.86,0.86,0.86
macro avg,0.8596115789321263,0.8640287204099255,0.86,10000.0
weighted avg,0.8596115789321263,0.8640287204099255,0.86,10000.0
