,f1-score,precision,recall,support
0,0.8446898727936101,0.8331063995331648,0.8566,5000.0
1,0.8402474896034081,0.8524387734101667,0.8284,5000.0
accuracy,0.8425,0.8425,0.8425,0.8425
macro avg,0.8424686811985092,0.8427725864716658,0.8425,10000.0
weighted avg,0.8424686811985092,0.8427725864716656,0.8425,10000.0
