,f1-score,precision,recall,support
0,0.8686124115947803,0.8652510418733875,0.872,5000.0
1,0.8675835759461902,0.8709937512598267,0.8642,5000.0
accuracy,0.8681,0.8681,0.8681,0.8681
macro avg,0.8680979937704852,0.8681223965666072,0.8681,10000.0
weighted avg,0.8680979937704851,0.8681223965666072,0.8681,10000.0
