,f1-score,precision,recall,support
0,0.8389076403804847,0.8584885911660037,0.8202,5000.0
1,0.8459356353320944,0.8278766992150105,0.8648,5000.0
accuracy,0.8425,0.8425,0.8425,0.8425
macro avg,0.8424216378562895,0.8431826451905071,0.8425,10000.0
weighted avg,0.8424216378562894,0.8431826451905071,0.8425,10000.0
