,f1-score,precision,recall,support
0,0.8276195074843071,0.8856355494316225,0.7767371601208459,3310.0
1,0.8595778156549102,0.8160318645755539,0.9080332409972299,3610.0
accuracy,0.8452312138728324,0.8452312138728324,0.8452312138728324,0.8452312138728324
macro avg,0.8435986615696087,0.8508337070035882,0.842385200559038,6920.0
weighted avg,0.8442913994634802,0.8493249566093092,0.8452312138728324,6920.0
