,f1-score,precision,recall,support
0,0.8493150684931506,0.8303571428571429,0.8691588785046729,428.0
1,0.847926267281106,0.8679245283018868,0.8288288288288288,444.0
accuracy,0.8486238532110092,0.8486238532110092,0.8486238532110092,0.8486238532110092
macro avg,0.8486206678871283,0.8491408355795149,0.8489938536667508,872.0
weighted avg,0.8486079265916049,0.8494854904918518,0.8486238532110092,872.0
