,f1-score,precision,recall,support
0,0.8790943396226415,0.8784313725490196,0.8797583081570997,3310.0
1,0.888981288981289,0.8895977808599168,0.8883656509695291,3610.0
accuracy,0.8842485549132948,0.8842485549132948,0.8842485549132948,0.8842485549132948
macro avg,0.8840378143019653,0.8840145767044683,0.8840619795633144,6920.0
weighted avg,0.8842521267880631,0.8842566231273923,0.8842485549132948,6920.0
