,f1-score,precision,recall,support
0,0.8768472906403941,0.8754098360655738,0.8782894736842105,912.0
1,0.8760330578512399,0.8774834437086093,0.8745874587458746,909.0
accuracy,0.8764415156507414,0.8764415156507414,0.8764415156507414,0.8764415156507414
macro avg,0.876440174245817,0.8764466398870916,0.8764384662150426,1821.0
weighted avg,0.8764408449482791,0.8764449318083082,0.8764415156507414,1821.0
