,f1-score,precision,recall,support
0,0.8821618428824572,0.8627960716348931,0.9024169184290031,3310.0
1,0.8870967741935484,0.9065934065934066,0.868421052631579,3610.0
accuracy,0.8846820809248555,0.8846820809248555,0.8846820809248555,0.8846820809248555
macro avg,0.8846293085380028,0.8846947391141499,0.885418985530291,6920.0
weighted avg,0.884736279592434,0.8856441033112274,0.8846820809248555,6920.0
