,f1-score,precision,recall,support
0,0.7341082455503087,0.9203096539162113,0.6105740181268882,3310.0
1,0.8243340532757379,0.7271380186282811,0.9515235457063712,3610.0
accuracy,0.7884393063583816,0.7884393063583816,0.7884393063583816,0.7884393063583816
macro avg,0.7792211494130233,0.8237238362722462,0.7810487819166296,6920.0
weighted avg,0.7811769111411757,0.8195365898425945,0.7884393063583816,6920.0
