,f1-score,precision,recall,support
0,0.8545278047427541,0.789797487823635,0.9308157099697886,3310.0
1,0.8417559209533867,0.9241470685657502,0.7728531855955678,3610.0
accuracy,0.8484104046242774,0.8484104046242774,0.8484104046242774,0.8484104046242774
macro avg,0.8481418628480704,0.8569722781946927,0.8518344477826783,6920.0
weighted avg,0.8478650156561044,0.8598844800893916,0.8484104046242774,6920.0
