,f1-score,precision,recall,support
0,0.8548734518039849,0.7710053423992229,0.959214501510574,3310.0
1,0.8318777292576419,0.9518201284796574,0.7387811634349031,3610.0
accuracy,0.8442196531791908,0.8442196531791908,0.8442196531791908,0.8442196531791908
macro avg,0.8433755905308133,0.8614127354394401,0.8489978324727385,6920.0
weighted avg,0.8428771283368897,0.8653321310914727,0.8442196531791908,6920.0
