,f1-score,precision,recall,support
0,0.8692403486924035,0.8018892009190707,0.9489425981873112,3310.0
1,0.8570996522002118,0.9437229437229437,0.7850415512465374,3610.0
accuracy,0.8634393063583815,0.8634393063583815,0.8634393063583815,0.8634393063583815
macro avg,0.8631700004463077,0.8728060723210072,0.8669920747169243,6920.0
weighted avg,0.8629068350599162,0.8758805031621316,0.8634393063583815,6920.0
