,f1-score,precision,recall,support
0,0.8371531966224367,0.8653366583541147,0.8107476635514018,428.0
1,0.8524590163934427,0.8280254777070064,0.8783783783783784,444.0
accuracy,0.8451834862385321,0.8451834862385321,0.8451834862385321,0.8451834862385321
macro avg,0.8448061065079397,0.8466810680305605,0.8445630209648901,872.0
weighted avg,0.8449465268728114,0.8463387636209541,0.8451834862385321,872.0
