,f1-score,precision,recall,support
0,0.870575221238938,0.8783482142857143,0.8629385964912281,912.0
1,0.8724100327153762,0.8648648648648649,0.8800880088008801,909.0
accuracy,0.871499176276771,0.871499176276771,0.871499176276771,0.871499176276771
macro avg,0.8714926269771571,0.8716065395752897,0.8715133026460541,1821.0
weighted avg,0.8714911156003231,0.8716176461234122,0.871499176276771,1821.0
