,f1-score,precision,recall,support
0,0.8199537495870498,0.9045189504373178,0.7498489425981874,3310.0
1,0.8600051374261494,0.8017241379310345,0.9274238227146815,3610.0
accuracy,0.8424855491329479,0.8424855491329479,0.8424855491329479,0.8424855491329479
macro avg,0.8399794435065996,0.8531215441841762,0.8386363826564345,6920.0
weighted avg,0.8408476094279673,0.8508933329304272,0.8424855491329479,6920.0
