,f1-score,precision,recall,support
0,0.8226415094339623,0.8910081743869209,0.764018691588785,428.0
1,0.8514225500526872,0.8,0.9099099099099099,444.0
accuracy,0.838302752293578,0.838302752293578,0.838302752293578,0.838302752293578
macro avg,0.8370320297433247,0.8455040871934605,0.8369643007493475,872.0
weighted avg,0.8372960759875332,0.844669149813764,0.838302752293578,872.0
