,f1-score,precision,recall,support
0,0.8437132784958872,0.8486997635933806,0.8387850467289719,428.0
1,0.851063829787234,0.8463251670378619,0.8558558558558559,444.0
accuracy,0.8474770642201835,0.8474770642201835,0.8474770642201835,0.8474770642201835
macro avg,0.8473885541415607,0.8475124653156212,0.847320451292414,872.0
weighted avg,0.84745599039194,0.847490680026121,0.8474770642201835,872.0
