,f1-score,precision,recall,support
0,0.8458781362007168,0.8655256723716381,0.8271028037383178,428.0
1,0.8577728776185226,0.8401727861771058,0.8761261261261262,444.0
accuracy,0.8520642201834863,0.8520642201834863,0.8520642201834863,0.8520642201834863
macro avg,0.8518255069096197,0.8528492292743719,0.8516144649322219,872.0
weighted avg,0.851934632977673,0.8526166339881835,0.8520642201834863,872.0
