,f1-score,precision,recall,support
0,0.8820286659316428,0.8869179600886918,0.8771929824561403,912.0
1,0.8829321663019695,0.8781284004352558,0.8877887788778878,909.0
accuracy,0.8824821526633718,0.8824821526633718,0.8824821526633718,0.8824821526633718
macro avg,0.882480416116806,0.8825231802619737,0.882490880667014,1821.0
weighted avg,0.8824796718825637,0.882530420426433,0.8824821526633718,1821.0
