,f1-score,precision,recall,support
0,0.8932533733133433,0.8866071428571428,0.9,3310.0
1,0.9006973500697351,0.9070224719101123,0.8944598337950138,3610.0
accuracy,0.8971098265895954,0.8971098265895954,0.8971098265895954,0.8971098265895954
macro avg,0.8969753616915392,0.8968148073836275,0.8972299168975069,6920.0
weighted avg,0.8971367195692067,0.8972573361925792,0.8971098265895954,6920.0
