,f1-score,precision,recall,support
0,0.8344988344988344,0.8325581395348837,0.8364485981308412,428.0
1,0.8397291196388261,0.8416289592760181,0.8378378378378378,444.0
accuracy,0.8371559633027523,0.8371559633027523,0.8371559633027523,0.8371559633027523
macro avg,0.8371139770688303,0.8370935494054509,0.8371432179843394,872.0
weighted avg,0.8371619613361697,0.8371767679351861,0.8371559633027523,872.0
