,f1-score,precision,recall,support
0,0.8353808353808354,0.8808290155440415,0.794392523364486,428.0
1,0.8559139784946237,0.8189300411522634,0.8963963963963963,444.0
accuracy,0.8463302752293578,0.8463302752293578,0.8463302752293578,0.8463302752293578
macro avg,0.8456474069377296,0.8498795283481524,0.8453944598804412,872.0
weighted avg,0.8458357843974892,0.8493116478491453,0.8463302752293578,872.0
