,f1-score,precision,recall,support
0,0.8706922842329979,0.8790024630541872,0.8625377643504532,3310.0
1,0.8835484756934908,0.8760893246187363,0.8911357340720222,3610.0
accuracy,0.8774566473988439,0.8774566473988439,0.8774566473988439,0.8774566473988439
macro avg,0.8771203799632443,0.8775458938364618,0.8768367492112377,6920.0
weighted avg,0.8773990546336307,0.8774827477721096,0.8774566473988439,6920.0
