,f1-score,precision,recall,support
0,0.872799632634318,0.8845795842382873,0.8613293051359516,3310.0
1,0.8862734364308197,0.8758452799567217,0.8969529085872576,3610.0
accuracy,0.8799132947976879,0.8799132947976879,0.8799132947976879,0.8799132947976879
macro avg,0.8795365345325689,0.8802124320975044,0.8791411068616046,6920.0
weighted avg,0.8798285967535913,0.8800231046925573,0.8799132947976879,6920.0
