,f1-score,precision,recall,support
0,0.8802053622361665,0.8336034575904916,0.9323262839879154,3310.0
1,0.8769771528998243,0.930391547545059,0.8293628808864266,3610.0
accuracy,0.8786127167630058,0.8786127167630058,0.8786127167630058,0.8786127167630058
macro avg,0.8785912575679954,0.8819975025677753,0.880844582437171,6920.0
weighted avg,0.878521281932092,0.8840955102980044,0.8786127167630058,6920.0
