,f1-score,precision,recall,support
0,0.883054892601432,0.8721272834413671,0.8942598187311178,3310.0
1,0.8901345291479821,0.900737379466818,0.8797783933518005,3610.0
accuracy,0.8867052023121387,0.8867052023121387,0.8867052023121387,0.8867052023121387
macro avg,0.886594710874707,0.8864323314540925,0.8870191060414592,6920.0
weighted avg,0.8867481712044732,0.8870524924951066,0.8867052023121387,6920.0
