,f1-score,precision,recall,support
0,0.7477625570776255,0.9454965357967667,0.618429003021148,3310.0
1,0.8349073520621638,0.7343848580441641,0.9673130193905817,3610.0
accuracy,0.8004335260115607,0.8004335260115607,0.8004335260115607,0.8004335260115607
macro avg,0.7913349545698947,0.8399406969204655,0.7928710112058648,6920.0
weighted avg,0.7932239313397907,0.8353645767379667,0.8004335260115607,6920.0
