,f1-score,precision,recall,support
0,0.8869565217391304,0.8793103448275862,0.8947368421052632,912.0
1,0.8845726970033296,0.8924972004479284,0.8767876787678768,909.0
accuracy,0.885777045579352,0.885777045579352,0.885777045579352,0.885777045579352
macro avg,0.88576460937123,0.8859037726377572,0.88576226043657,1821.0
weighted avg,0.8857665729830387,0.8858929103184654,0.885777045579352,1821.0
