,f1-score,precision,recall,support
0,0.8089214380825566,0.9006671608598962,0.7341389728096677,3310.0
1,0.8534218590398366,0.7915679772619612,0.9257617728531856,3610.0
accuracy,0.8341040462427746,0.8341040462427746,0.8341040462427746,0.8341040462427746
macro avg,0.8311716485611966,0.8461175690609286,0.8299503728314266,6920.0
weighted avg,0.8321362530617156,0.8437527023644416,0.8341040462427746,6920.0
