,f1-score,precision,recall,support
0,0.8217821782178217,0.8736842105263158,0.7757009345794392,428.0
1,0.8461538461538461,0.8048780487804879,0.8918918918918919,444.0
accuracy,0.8348623853211009,0.8348623853211009,0.8348623853211009,0.8348623853211009
macro avg,0.8339680121858339,0.8392811296534018,0.8337964132356656,872.0
weighted avg,0.8341916054696507,0.8386498804630731,0.8348623853211009,872.0
