,f1-score,precision,recall,support
0,0.8559962957246489,0.8750394446197539,0.8377643504531722,3310.0
1,0.8732509169949736,0.8568381764862704,0.8903047091412742,3610.0
accuracy,0.8651734104046243,0.8651734104046243,0.8651734104046243,0.8651734104046243
macro avg,0.8646236063598112,0.8659388105530121,0.8640345297972232,6920.0
weighted avg,0.8649976227168269,0.8655442743940494,0.8651734104046243,6920.0
