,f1-score,precision,recall,support
0,0.8667268351383876,0.8630916716596765,0.870392749244713,3310.0
1,0.8768075639599556,0.8802345058626466,0.8734072022160665,3610.0
accuracy,0.8719653179190752,0.8719653179190752,0.8719653179190752,0.8719653179190752
macro avg,0.8717671995491716,0.8716630887611616,0.8718999757303898,6920.0
weighted avg,0.8719857124571536,0.8720346819881045,0.8719653179190752,6920.0
