,f1-score,precision,recall,support
0,0.869757174392936,0.8755555555555555,0.8640350877192983,912.0
1,0.8710382513661203,0.8653637350705755,0.8767876787678768,909.0
accuracy,0.8704008786381109,0.8704008786381109,0.8704008786381109,0.8704008786381109
macro avg,0.8703977128795282,0.8704596453130655,0.8704113832435876,1821.0
weighted avg,0.8703966576266672,0.8704680405523448,0.8704008786381109,1821.0
