,f1-score,precision,recall,support
0,0.8663277511961723,0.8576080521018354,0.8752265861027191,3310.0
1,0.875,0.883399209486166,0.8667590027700831,3610.0
accuracy,0.8708092485549133,0.8708092485549133,0.8708092485549133,0.8708092485549133
macro avg,0.8706638755980862,0.8705036307940007,0.8709927944364011,6920.0
weighted avg,0.8708518578698453,0.871062687673719,0.8708092485549133,6920.0
