,f1-score,precision,recall,support
0,0.8463537685369209,0.8567007118539152,0.8362537764350453,3310.0
1,0.8623099054665022,0.8530767145567905,0.8717451523545706,3610.0
accuracy,0.8547687861271677,0.8547687861271677,0.8547687861271677,0.8547687861271677
macro avg,0.8543318370017116,0.8548887132053529,0.8539994643948079,6920.0
weighted avg,0.8546777070218615,0.8548101583506463,0.8547687861271677,6920.0
