,f1-score,precision,recall,support
0,0.8275030156815442,0.8553615960099751,0.8014018691588785,428.0
1,0.8437158469945355,0.8195329087048833,0.8693693693693694,444.0
accuracy,0.8360091743119266,0.8360091743119266,0.8360091743119266,0.8360091743119266
macro avg,0.8356094313380398,0.8374472523574292,0.8353856192641239,872.0
weighted avg,0.8357581729097188,0.8371185488041714,0.8360091743119266,872.0
