,f1-score,precision,recall,support
0,0.8514701424674143,0.8543187347931873,0.8486404833836858,3310.0
1,0.8646782656724662,0.8620594713656388,0.8673130193905817,3610.0
accuracy,0.8583815028901735,0.8583815028901735,0.8583815028901735,0.8583815028901735
macro avg,0.8580742040699403,0.8581891030794131,0.8579767513871337,6920.0
weighted avg,0.8583605073186046,0.8583568936120528,0.8583815028901735,6920.0
