,f1-score,precision,recall,support
0,0.8508253824019386,0.8530215608867294,0.8486404833836858,3310.0
1,0.8638938786790106,0.8618693134822167,0.8659279778393352,3610.0
accuracy,0.8576589595375722,0.8576589595375722,0.8576589595375722,0.8576589595375722
macro avg,0.8573596305404746,0.8574454371844731,0.8572842306115105,6920.0
weighted avg,0.8576429071938794,0.857637223729173,0.8576589595375722,6920.0
