,f1-score,precision,recall,support
0,0.8297872340425531,0.8397129186602871,0.8200934579439252,428.0
1,0.8396436525612472,0.8303964757709251,0.8490990990990991,444.0
accuracy,0.8348623853211009,0.8348623853211009,0.8348623853211009,0.8348623853211009
macro avg,0.8347154433019002,0.8350546972156061,0.8345962785215122,872.0
weighted avg,0.8348058691598698,0.8349692252624926,0.8348623853211009,872.0
