,f1-score,precision,recall,support
0,0.8606042476817231,0.8521919431279621,0.8691842900302115,3310.0
1,0.8697232317584569,0.8778216704288939,0.8617728531855956,3610.0
accuracy,0.8653179190751445,0.8653179190751445,0.8653179190751445,0.8653179190751445
macro avg,0.86516373972009,0.865006806778428,0.8654785716079035,6920.0
weighted avg,0.8653614055599035,0.865562364451136,0.8653179190751445,6920.0
