,f1-score,precision,recall,support
0,0.840512223515716,0.8375870069605569,0.8434579439252337,428.0
1,0.8451977401129944,0.8480725623582767,0.8423423423423423,444.0
accuracy,0.8428899082568807,0.8428899082568807,0.8428899082568807,0.8428899082568807
macro avg,0.8428549818143551,0.8428297846594168,0.8429001431337879,872.0
weighted avg,0.8428979682051558,0.8429259824153592,0.8428899082568807,872.0
