,f1-score,precision,recall,support
0,0.8780205469541311,0.8425437378505971,0.9166163141993958,3310.0
1,0.8783374224274787,0.9168424224163905,0.8429362880886426,3610.0
accuracy,0.8781791907514451,0.8781791907514451,0.8781791907514451,0.8781791907514451
macro avg,0.8781789846908049,0.8796930801334938,0.8797763011440192,6920.0
weighted avg,0.878185853378811,0.8813036007526944,0.8781791907514451,6920.0
