,f1-score,precision,recall,support
0,0.8555176336746303,0.8337028824833703,0.8785046728971962,428.0
1,0.853179190751445,0.8764845605700713,0.831081081081081,444.0
accuracy,0.8543577981651376,0.8543577981651376,0.8543577981651376,0.8543577981651376
macro avg,0.8543484122130376,0.8550937215267208,0.8547928769891386,872.0
weighted avg,0.8543269586082378,0.8554862139862318,0.8543577981651376,872.0
