,f1-score,precision,recall,support
0,0.8852459016393442,0.8380566801619433,0.9380664652567976,3310.0
1,0.882051282051282,0.9362363919129082,0.8337950138504155,3610.0
accuracy,0.8836705202312138,0.8836705202312138,0.8836705202312138,0.8836705202312138
macro avg,0.8836485918453132,0.8871465360374258,0.8859307395536066,6920.0
weighted avg,0.8835793443108898,0.8892747089800045,0.8836705202312138,6920.0
