,f1-score,precision,recall,support
0,0.8822222222222221,0.8941441441441441,0.8706140350877193,912.0
1,0.8849077090119435,0.8735262593783494,0.8965896589658966,909.0
accuracy,0.8835804503020318,0.8835804503020318,0.8835804503020318,0.8835804503020318
macro avg,0.8835649656170828,0.8838352017612467,0.8836018470268079,1821.0
weighted avg,0.883562753519233,0.883852185191861,0.8835804503020318,1821.0
