,f1-score,precision,recall,support
0,0.7936756827387953,0.702358926919519,0.9122859717632923,3329.0
1,0.7211725233974926,0.8748928877463582,0.6133974166416342,3329.0
accuracy,0.7628416942024632,0.7628416942024632,0.7628416942024632,0.7628416942024632
macro avg,0.7574241030681439,0.7886259073329386,0.7628416942024632,6658.0
weighted avg,0.757424103068144,0.7886259073329386,0.7628416942024632,6658.0
