,f1-score,precision,recall,support
0,0.793081929214585,0.7154576162136078,0.8896,5000.0
1,0.7357394967550951,0.8540840602696272,0.6462,5000.0
accuracy,0.7679,0.7679,0.7679,0.7679
macro avg,0.7644107129848401,0.7847708382416175,0.7679,10000.0
weighted avg,0.76441071298484,0.7847708382416175,0.7679,10000.0
