,f1-score,precision,recall,support
0,0.847553236496968,0.7987772461456673,0.9026734755181737,3329.0
1,0.8263453815261044,0.888121546961326,0.7726043857014119,3329.0
accuracy,0.8376389306097928,0.8376389306097928,0.8376389306097928,0.8376389306097928
macro avg,0.8369493090115362,0.8434493965534966,0.8376389306097928,6658.0
weighted avg,0.8369493090115362,0.8434493965534965,0.8376389306097928,6658.0
