,f1-score,precision,recall,support
0,0.8472633489349509,0.8109343572865241,0.887,5000.0
1,0.8322316650928548,0.8753034650187597,0.7932,5000.0
accuracy,0.8401,0.8401,0.8401,0.8401
macro avg,0.8397475070139029,0.8431189111526418,0.8401000000000001,10000.0
weighted avg,0.839747507013903,0.8431189111526419,0.8401,10000.0
