,f1-score,precision,recall,support
0,0.8389453621346886,0.8901247050893158,0.7933313307299489,3329.0
1,0.8555555555555555,0.8136006502302899,0.9020726945028537,3329.0
accuracy,0.8477020126164013,0.8477020126164013,0.8477020126164013,0.8477020126164013
macro avg,0.8472504588451221,0.8518626776598028,0.8477020126164012,6658.0
weighted avg,0.847250458845122,0.8518626776598028,0.8477020126164013,6658.0
