,f1-score,precision,recall,support
0,0.8328306764325721,0.9024276377217554,0.7732,5000.0
1,0.8551698394923478,0.8016095171448565,0.9164,5000.0
accuracy,0.8448,0.8448,0.8448,0.8448
macro avg,0.8440002579624599,0.852018577433306,0.8448,10000.0
weighted avg,0.8440002579624601,0.8520185774333059,0.8448,10000.0
