,f1-score,precision,recall,support
0,0.8620589936379409,0.8310565932534151,0.8954641033343347,3329.0
1,0.8509375,0.8866818625854771,0.8179633523580655,3329.0
accuracy,0.8567137278462,0.8567137278462,0.8567137278462,0.8567137278462
macro avg,0.8564982468189705,0.8588692279194461,0.8567137278462,6658.0
weighted avg,0.8564982468189705,0.8588692279194461,0.8567137278462,6658.0
