,f1-score,precision,recall,support
0,0.825787401574803,0.9096494398265269,0.7560829077801141,3329.0
1,0.8529085872576176,0.791313287072732,0.9249023730850106,3329.0
accuracy,0.8404926404325623,0.8404926404325623,0.8404926404325623,0.8404926404325623
macro avg,0.8393479944162103,0.8504813634496294,0.8404926404325623,6658.0
weighted avg,0.8393479944162102,0.8504813634496294,0.8404926404325623,6658.0
