,f1-score,precision,recall,support
0,0.838152210036557,0.939408989322076,0.7566,5000.0
1,0.8668550077462863,0.7962497907249289,0.9512,5000.0
accuracy,0.8539,0.8539,0.8539,0.8539
macro avg,0.8525036088914217,0.8678293900235023,0.8539000000000001,10000.0
weighted avg,0.8525036088914217,0.8678293900235025,0.8539,10000.0
