,f1-score,precision,recall,support
0,0.862703034017775,0.8805129809196122,0.8455992790627817,3329.0
1,0.8680412371134021,0.8514880092458826,0.885250826073896,3329.0
accuracy,0.8654250525683388,0.8654250525683388,0.8654250525683388,0.8654250525683388
macro avg,0.8653721355655886,0.8660004950827473,0.8654250525683389,6658.0
weighted avg,0.8653721355655886,0.8660004950827475,0.8654250525683388,6658.0
