,f1-score,precision,recall,support
0,0.8848093605003026,0.8925518925518926,0.8772,5000.0
1,0.8867737457862384,0.8792764451435313,0.8944,5000.0
accuracy,0.8858,0.8858,0.8858,0.8858
macro avg,0.8857915531432705,0.8859141688477119,0.8857999999999999,10000.0
weighted avg,0.8857915531432704,0.8859141688477119,0.8858,10000.0
