,f1-score,precision,recall,support
0,0.8291720122372446,0.818429768166764,0.8402,5000.0
1,0.8245667376102158,0.8358331621121841,0.8136,5000.0
accuracy,0.8269,0.8269,0.8269,0.8269
macro avg,0.8268693749237301,0.8271314651394741,0.8269,10000.0
weighted avg,0.8268693749237301,0.827131465139474,0.8269,10000.0
