,f1-score,precision,recall,support
0,0.8421845574387947,0.7957295373665481,0.8944,5000.0
1,0.8213219616204691,0.8794520547945206,0.7704,5000.0
accuracy,0.8324,0.8324,0.8324,0.8324
macro avg,0.831753259529632,0.8375907960805343,0.8324,10000.0
weighted avg,0.831753259529632,0.8375907960805343,0.8324,10000.0
