,f1-score,precision,recall,support
0,0.8526275704493526,0.8135901162790697,0.8956,5000.0
1,0.8369839932603201,0.8838967971530249,0.7948,5000.0
accuracy,0.8452,0.8452,0.8452,0.8452
macro avg,0.8448057818548363,0.8487434567160473,0.8452,10000.0
weighted avg,0.8448057818548365,0.8487434567160473,0.8452,10000.0
