,f1-score,precision,recall,support
0,0.8247269642667798,0.8776799819453848,0.7778,5000.0
1,0.8435992052228214,0.8005027832644999,0.8916,5000.0
accuracy,0.8347,0.8347,0.8347,0.8347
macro avg,0.8341630847448006,0.8390913826049423,0.8347,10000.0
weighted avg,0.8341630847448006,0.8390913826049422,0.8347,10000.0
