,f1-score,precision,recall,support
0,0.8422069557750107,0.9089434661723819,0.7846,5000.0
1,0.8624110819917634,0.8105207600281492,0.9214,5000.0
accuracy,0.853,0.853,0.853,0.853
macro avg,0.8523090188833871,0.8597321131002655,0.853,10000.0
weighted avg,0.8523090188833871,0.8597321131002656,0.853,10000.0
