,f1-score,precision,recall,support
0,0.8250265111346766,0.8781038374717833,0.778,5000.0
1,0.8438978240302742,0.800718132854578,0.892,5000.0
accuracy,0.835,0.835,0.835,0.835
macro avg,0.8344621675824755,0.8394109851631807,0.835,10000.0
weighted avg,0.8344621675824754,0.8394109851631807,0.835,10000.0
