,f1-score,precision,recall,support
0,0.8498395721925134,0.9133333333333333,0.7946,5000.0
1,0.868169014084507,0.8182300884955752,0.9246,5000.0
accuracy,0.8596,0.8596,0.8596,0.8596
macro avg,0.8590042931385102,0.8657817109144543,0.8595999999999999,10000.0
weighted avg,0.8590042931385102,0.8657817109144543,0.8596,10000.0
