,f1-score,precision,recall,support
0,0.8445849479910259,0.8616312942155638,0.8282,5000.0
1,0.8505002942907592,0.8346168656141701,0.867,5000.0
accuracy,0.8476,0.8476,0.8476,0.8476
macro avg,0.8475426211408925,0.848124079914867,0.8476,10000.0
weighted avg,0.8475426211408925,0.8481240799148669,0.8476,10000.0
