,f1-score,precision,recall,support
0,0.8672785397545634,0.8952522886949117,0.841,5000.0
1,0.8750849267203729,0.8500848576277579,0.9016,5000.0
accuracy,0.8713,0.8713,0.8713,0.8713
macro avg,0.8711817332374681,0.8726685731613348,0.8713,10000.0
weighted avg,0.8711817332374682,0.8726685731613346,0.8713,10000.0
