,f1-score,precision,recall,support
0,0.8759342301943199,0.8728897715988083,0.879,5000.0
1,0.8750627195183142,0.878147029204431,0.872,5000.0
accuracy,0.8755,0.8755,0.8755,0.8755
macro avg,0.875498474856317,0.8755184004016197,0.8755,10000.0
weighted avg,0.875498474856317,0.8755184004016197,0.8755,10000.0
