,f1-score,precision,recall,support
0,0.8543384373773066,0.8388589051657671,0.8704,5000.0
1,0.8487566245413779,0.8653366583541147,0.8328,5000.0
accuracy,0.8516,0.8516,0.8516,0.8516
macro avg,0.8515475309593423,0.8520977817599409,0.8515999999999999,10000.0
weighted avg,0.8515475309593421,0.8520977817599409,0.8516,10000.0
