,f1-score,precision,recall,support
0,0.8796498905908097,0.8749505342303127,0.8844,5000.0
1,0.8783430524834105,0.8831378892033966,0.8736,5000.0
accuracy,0.879,0.879,0.879,0.879
macro avg,0.8789964715371101,0.8790442117168547,0.879,10000.0
weighted avg,0.8789964715371101,0.8790442117168547,0.879,10000.0
