,f1-score,precision,recall,support
0,0.8798525043531701,0.9017425992021835,0.859,5000.0
1,0.885415649115952,0.8653809432881421,0.9064,5000.0
accuracy,0.8827,0.8827,0.8827,0.8827
macro avg,0.8826340767345611,0.8835617712451628,0.8827,10000.0
weighted avg,0.882634076734561,0.8835617712451629,0.8827,10000.0
