,f1-score,precision,recall,support
0,0.838487972508591,0.8224719101123595,0.8551401869158879,428.0
1,0.8381171067738232,0.8548009367681498,0.8220720720720721,444.0
accuracy,0.838302752293578,0.838302752293578,0.838302752293578,0.838302752293578
macro avg,0.8383025396412072,0.8386364234402547,0.83860612949398,872.0
weighted avg,0.8382991372032735,0.8389330200150784,0.838302752293578,872.0
