,f1-score,precision,recall,support
0,0.8347406513872135,0.8628428927680798,0.8084112149532711,428.0
1,0.8502732240437159,0.8259023354564756,0.8761261261261262,444.0
accuracy,0.8428899082568807,0.8428899082568807,0.8428899082568807,0.8428899082568807
macro avg,0.8425069377154647,0.8443726141122777,0.8422686705396987,872.0
weighted avg,0.8426494383820382,0.8440337099167585,0.8428899082568807,872.0
