,f1-score,precision,recall,support
0,0.8654864578604933,0.8669293725371324,0.8640483383685801,3310.0
1,0.8770571151984512,0.875724937862469,0.878393351800554,3610.0
accuracy,0.8715317919075144,0.8715317919075144,0.8715317919075144,0.8715317919075144
macro avg,0.8712717865294722,0.8713271551998008,0.8712208450845671,6920.0
weighted avg,0.8715225955758152,0.8715178105175465,0.8715317919075144,6920.0
