,f1-score,precision,recall,support
0,0.8431137724550898,0.8648648648648649,0.822429906542056,428.0
1,0.855885588558856,0.8365591397849462,0.8761261261261262,444.0
accuracy,0.8497706422018348,0.8497706422018348,0.8497706422018348,0.8497706422018348
macro avg,0.8494996805069729,0.8507120023249055,0.8492780163340912,872.0
weighted avg,0.849616853131778,0.8504523167737136,0.8497706422018348,872.0
