,f1-score,precision,recall,support
0,0.8581503446065075,0.9139638101741209,0.808761329305136,3310.0
1,0.8835679515853176,0.8413931345527437,0.9301939058171745,3610.0
accuracy,0.8721098265895953,0.8721098265895953,0.8721098265895953,0.8721098265895953
macro avg,0.8708591480959126,0.8776784723634323,0.8694776175611553,6920.0
weighted avg,0.8714101077847596,0.8761054085855122,0.8721098265895953,6920.0
