,f1-score,precision,recall,support
0,0.8757460661964189,0.8668098818474759,0.8848684210526315,912.0
1,0.8727070594774876,0.8820224719101124,0.8635863586358636,909.0
accuracy,0.8742449203734212,0.8742449203734212,0.8742449203734212,0.8742449203734212
macro avg,0.8742265628369532,0.8744161768787941,0.8742273898442476,1821.0
weighted avg,0.8742290661373807,0.8744036459149863,0.8742449203734212,1821.0
