,f1-score,precision,recall,support
0,0.7762803234501349,0.9171974522292994,0.6728971962616822,428.0
1,0.8343313373253493,0.7491039426523297,0.9414414414414415,444.0
accuracy,0.8096330275229358,0.8096330275229358,0.8096330275229358,0.8096330275229358
macro avg,0.8053058303877421,0.8331506974408145,0.8071693188515618,872.0
weighted avg,0.8058384084966891,0.8316085551511176,0.8096330275229358,872.0
