,f1-score,precision,recall,support
0,0.7761351636747623,0.9295952782462057,0.6661631419939577,3310.0
1,0.8440794312331454,0.7570360598065083,0.9537396121883657,3610.0
accuracy,0.8161849710982659,0.8161849710982659,0.8161849710982659,0.8161849710982659
macro avg,0.8101072974539538,0.843315669026357,0.8099513770911617,6920.0
weighted avg,0.8115800778201038,0.8395752235399474,0.8161849710982659,6920.0
