,f1-score,precision,recall,support
0,0.8488241881298992,0.8150537634408602,0.8855140186915887,428.0
1,0.8413631022326673,0.8796068796068796,0.8063063063063063,444.0
accuracy,0.8451834862385321,0.8451834862385321,0.8451834862385321,0.8451834862385321
macro avg,0.8450936451812833,0.8473303215238699,0.8459101624989476,872.0
weighted avg,0.8450251948519507,0.8479225519474114,0.8451834862385321,872.0
