,f1-score,precision,recall,support
0,0.8533969010727057,0.8710462287104623,0.8364485981308412,428.0
1,0.8640883977900552,0.8481561822125814,0.8806306306306306,444.0
accuracy,0.8589449541284404,0.8589449541284404,0.8589449541284404,0.8589449541284404
macro avg,0.8587426494313805,0.8596012054615219,0.8585396143807359,872.0
weighted avg,0.8588407365572276,0.8593912050349358,0.8589449541284404,872.0
