,f1-score,precision,recall,support
0,0.8501170960187353,0.852112676056338,0.8481308411214953,428.0
1,0.8561797752808988,0.8542600896860987,0.8581081081081081,444.0
accuracy,0.8532110091743119,0.8532110091743119,0.8532110091743119,0.8532110091743119
macro avg,0.8531484356498171,0.8531863828712183,0.8531194746148016,872.0
weighted avg,0.8532040565604792,0.8532060839136931,0.8532110091743119,872.0
