,f1-score,precision,recall,support
0,0.8765027322404371,0.8736383442265795,0.8793859649122807,912.0
1,0.8752759381898455,0.8781838316722038,0.8723872387238724,909.0
accuracy,0.8758923668314114,0.8758923668314114,0.8758923668314114,0.8758923668314114
macro avg,0.8758893352151413,0.8759110879493917,0.8758866018180765,1821.0
weighted avg,0.875890345753898,0.8759073437257956,0.8758923668314114,1821.0
