,f1-score,precision,recall,support
0,0.8928413935028665,0.8694531920984827,0.9175226586102719,3310.0
1,0.8964047179195681,0.9203384884738839,0.8736842105263158,3610.0
accuracy,0.8946531791907515,0.8946531791907515,0.8946531791907515,0.8946531791907515
macro avg,0.8946230557112174,0.8948958402861833,0.8956034345682939,6920.0
weighted avg,0.8947002954023308,0.895998845265419,0.8946531791907515,6920.0
