,f1-score,precision,recall,support
0,0.7387105674606824,0.6838072535331177,0.8032,5000.0
1,0.688725758737811,0.7615701478071238,0.6286,5000.0
accuracy,0.7159,0.7159,0.7159,0.7159
macro avg,0.7137181630992466,0.7226887006701208,0.7159,10000.0
weighted avg,0.7137181630992467,0.7226887006701208,0.7159,10000.0
