,f1-score,precision,recall,support
0,0.7619819402639499,0.9046179219351292,0.6582,5000.0
1,0.8190459426157367,0.7313737818296133,0.9306,5000.0
accuracy,0.7944,0.7944,0.7944,0.7944
macro avg,0.7905139414398433,0.8179958518823713,0.7944,10000.0
weighted avg,0.7905139414398433,0.8179958518823712,0.7944,10000.0
