,f1-score,precision,recall,support
0,0.8281508739650415,0.7667802385008518,0.9002,5000.0
1,0.7953997809419496,0.8791767554479419,0.7262,5000.0
accuracy,0.8132,0.8132,0.8132,0.8132
macro avg,0.8117753274534956,0.8229784969743968,0.8131999999999999,10000.0
weighted avg,0.8117753274534957,0.8229784969743968,0.8132,10000.0
