,f1-score,precision,recall,support
0,0.7901680009020183,0.9056603773584906,0.7008,5000.0
1,0.8328092714041865,0.755994128200946,0.927,5000.0
accuracy,0.8139,0.8139,0.8139,0.8139
macro avg,0.8114886361531024,0.8308272527797183,0.8139000000000001,10000.0
weighted avg,0.8114886361531024,0.8308272527797184,0.8139,10000.0
