,f1-score,precision,recall,support
0,0.8029031526423225,0.927187008905186,0.708,5000.0
1,0.8445716329815774,0.7638304755742478,0.9444,5000.0
accuracy,0.8262,0.8262,0.8262,0.8262
macro avg,0.82373739281195,0.845508742239717,0.8262,10000.0
weighted avg,0.8237373928119499,0.845508742239717,0.8262,10000.0
