,f1-score,precision,recall,support
0,0.8412971007172441,0.8499693815064299,0.8328,5000.0
1,0.8444708444708443,0.8361105665555774,0.853,5000.0
accuracy,0.8429,0.8429,0.8429,0.8429
macro avg,0.8428839725940442,0.8430399740310036,0.8429,10000.0
weighted avg,0.8428839725940441,0.8430399740310036,0.8429,10000.0
