,f1-score,precision,recall,support
0,0.8461756641769878,0.8024027254796485,0.895,5000.0
1,0.8273373660193145,0.8813022835179742,0.7796,5000.0
accuracy,0.8373,0.8373,0.8373,0.8373
macro avg,0.8367565150981511,0.8418525044988114,0.8372999999999999,10000.0
weighted avg,0.8367565150981511,0.8418525044988113,0.8373,10000.0
