,f1-score,precision,recall,support
0,0.8489013648243152,0.8225473644719565,0.877,5000.0
1,0.8385562105698624,0.8682801456414649,0.8108,5000.0
accuracy,0.8439,0.8439,0.8439,0.8439
macro avg,0.8437287876970888,0.8454137550567107,0.8439,10000.0
weighted avg,0.8437287876970888,0.8454137550567106,0.8439,10000.0
