,f1-score,precision,recall,support
0,0.8732587796743183,0.8569503273007316,0.8902,5000.0
1,0.8682439322863552,0.8857677902621723,0.8514,5000.0
accuracy,0.8708,0.8708,0.8708,0.8708
macro avg,0.8707513559803368,0.8713590587814519,0.8708,10000.0
weighted avg,0.8707513559803367,0.871359058781452,0.8708,10000.0
