,f1-score,precision,recall,support
0,0.8452058911932673,0.8468179080505922,0.8436,5000.0
1,0.845792993312706,0.8441920701334927,0.8474,5000.0
accuracy,0.8455,0.8455,0.8455,0.8455
macro avg,0.8454994422529867,0.8455049890920425,0.8455,10000.0
weighted avg,0.8454994422529866,0.8455049890920425,0.8455,10000.0
