,f1-score,precision,recall,support
0,0.8722994218480578,0.8849557522123894,0.86,5000.0
1,0.8758505078394635,0.8638397198988523,0.8882,5000.0
accuracy,0.8741,0.8741,0.8741,0.8741
macro avg,0.8740749648437607,0.8743977360556209,0.8741,10000.0
weighted avg,0.8740749648437606,0.8743977360556208,0.8741,10000.0
