,f1-score,precision,recall,support
0,0.8452488687782805,0.8499494438827098,0.8406,5000.0
1,0.8469418199900548,0.8423343224530169,0.8516,5000.0
accuracy,0.8461,0.8461,0.8461,0.8461
macro avg,0.8460953443841677,0.8461418831678633,0.8461000000000001,10000.0
weighted avg,0.8460953443841678,0.8461418831678633,0.8461,10000.0
