,f1-score,precision,recall,support
0,0.8538656338447788,0.8568011958146488,0.8509501187648456,3368.0
1,0.8548601864181091,0.8519610734296668,0.8577790973871734,3368.0
accuracy,0.8543646080760094,0.8543646080760094,0.8543646080760094,0.8543646080760094
macro avg,0.8543629101314439,0.8543811346221577,0.8543646080760094,6736.0
weighted avg,0.854362910131444,0.8543811346221578,0.8543646080760094,6736.0
