,f1-score,precision,recall,support
0,0.7675007598014385,0.7776637240812975,0.7576,5000.0
1,0.7734228452956856,0.7636966270228115,0.7834,5000.0
accuracy,0.7705,0.7705,0.7705,0.7705
macro avg,0.7704618025485621,0.7706801755520545,0.7705,10000.0
weighted avg,0.7704618025485621,0.7706801755520544,0.7705,10000.0
