,f1-score,precision,recall,support
0,0.7583367641004529,0.7811704834605598,0.7368,5000.0
1,0.7716841695838196,0.7509462528387585,0.7936,5000.0
accuracy,0.7652,0.7652,0.7652,0.7652
macro avg,0.7650104668421362,0.7660583681496591,0.7652,10000.0
weighted avg,0.7650104668421362,0.7660583681496591,0.7652,10000.0
