,f1-score,precision,recall,support
0,0.8202937806021461,0.8560556642748424,0.7874,5000.0
1,0.8341505624459187,0.8031845954452879,0.8676,5000.0
accuracy,0.8275,0.8275,0.8275,0.8275
macro avg,0.8272221715240324,0.8296201298600652,0.8275,10000.0
weighted avg,0.8272221715240324,0.8296201298600651,0.8275,10000.0
