,f1-score,precision,recall,support
0,0.8447386352574711,0.822871230798407,0.8678,5000.0
1,0.8360234399095302,0.86016500951978,0.8132,5000.0
accuracy,0.8405,0.8405,0.8405,0.8405
macro avg,0.8403810375835006,0.8415181201590936,0.8405,10000.0
weighted avg,0.8403810375835006,0.8415181201590934,0.8405,10000.0
