,f1-score,precision,recall,support
0,0.8648914218335463,0.850106239134634,0.8802,5000.0
1,0.8600223964165734,0.8758034418411776,0.8448,5000.0
accuracy,0.8625,0.8625,0.8625,0.8625
macro avg,0.8624569091250598,0.8629548404879058,0.8625,10000.0
weighted avg,0.86245690912506,0.8629548404879058,0.8625,10000.0
