,f1-score,precision,recall,support
0,0.8420615128844556,0.8762975778546713,0.8104,5000.0
1,0.8535080956052429,0.8236607142857143,0.8856,5000.0
accuracy,0.848,0.848,0.848,0.848
macro avg,0.8477848042448493,0.8499791460701929,0.8480000000000001,10000.0
weighted avg,0.8477848042448491,0.8499791460701929,0.848,10000.0
