,f1-score,precision,recall,support
0,0.8500941619585688,0.8032028469750889,0.9028,5000.0
1,0.8302771855010661,0.8890410958904109,0.7788,5000.0
accuracy,0.8408,0.8408,0.8408,0.8408
macro avg,0.8401856737298175,0.8461219714327499,0.8408,10000.0
weighted avg,0.8401856737298175,0.8461219714327499,0.8408,10000.0
