,f1-score,precision,recall,support
0,0.8697314345789926,0.832875709317225,0.91,5000.0
1,0.8570829401279229,0.9008155168613622,0.8174,5000.0
accuracy,0.8637,0.8637,0.8637,0.8637
macro avg,0.8634071873534577,0.8668456130892936,0.8637,10000.0
weighted avg,0.8634071873534577,0.8668456130892936,0.8637,10000.0
