,f1-score,precision,recall,support
0,0.8360826894967635,0.8746177370030581,0.8008,5000.0
1,0.8493571291498752,0.816303946883069,0.8852,5000.0
accuracy,0.843,0.843,0.843,0.843
macro avg,0.8427199093233193,0.8454608419430636,0.843,10000.0
weighted avg,0.8427199093233194,0.8454608419430635,0.843,10000.0
