,f1-score,precision,recall,support
0,0.8477732793522267,0.8581967213114754,0.8376,5000.0
1,0.8513833992094861,0.84140625,0.8616,5000.0
accuracy,0.8496,0.8496,0.8496,0.8496
macro avg,0.8495783392808565,0.8498014856557377,0.8496,10000.0
weighted avg,0.8495783392808564,0.8498014856557377,0.8496,10000.0
