,f1-score,precision,recall,support
0,0.877200163733115,0.8981559094719195,0.8572,5000.0
1,0.8826750097770826,0.8634276970160674,0.9028,5000.0
accuracy,0.88,0.88,0.88,0.88
macro avg,0.8799375867550988,0.8807918032439934,0.88,10000.0
weighted avg,0.8799375867550989,0.8807918032439935,0.88,10000.0
