,f1-score,precision,recall,support
0,0.8784969546815319,0.9078301685513122,0.851,5000.0
1,0.885872200135751,0.8597779032561641,0.9136,5000.0
accuracy,0.8823,0.8823,0.8823,0.8823
macro avg,0.8821845774086414,0.8838040359037381,0.8823,10000.0
weighted avg,0.8821845774086414,0.8838040359037381,0.8823,10000.0
