,f1-score,precision,recall,support
0,0.8524590163934427,0.8469891411648569,0.858,5000.0
1,0.8505284348263713,0.85612968591692,0.845,5000.0
accuracy,0.8515,0.8515,0.8515,0.8515
macro avg,0.851493725609907,0.8515594135408884,0.8514999999999999,10000.0
weighted avg,0.8514937256099071,0.8515594135408883,0.8515,10000.0
