,f1-score,precision,recall,support
0,0.8597660299126314,0.8576070901033973,0.8619358669833729,3368.0
1,0.859056407203453,0.8612354521038496,0.8568883610451307,3368.0
accuracy,0.8594121140142518,0.8594121140142518,0.8594121140142518,0.8594121140142518
macro avg,0.8594112185580423,0.8594212711036234,0.8594121140142518,6736.0
weighted avg,0.8594112185580423,0.8594212711036235,0.8594121140142518,6736.0
