,f1-score,precision,recall,support
0,0.8826319507518418,0.8908127928294969,0.8746,5000.0
1,0.8847487860469725,0.8768414849734826,0.8928,5000.0
accuracy,0.8837,0.8837,0.8837,0.8837
macro avg,0.8836903683994071,0.8838271389014898,0.8837,10000.0
weighted avg,0.8836903683994071,0.8838271389014897,0.8837,10000.0
