,f1-score,precision,recall,support
0,0.8253588516746412,0.8455882352941176,0.8060747663551402,428.0
1,0.8392070484581498,0.8211206896551724,0.8581081081081081,444.0
accuracy,0.8325688073394495,0.8325688073394495,0.8325688073394495,0.8325688073394495
macro avg,0.8322829500663955,0.833354462474645,0.8320914372316242,872.0
weighted avg,0.8324099977433084,0.833129989578875,0.8325688073394495,872.0
