,f1-score,precision,recall,support
0,0.8467681181256592,0.844604749023144,0.8489425981873112,3310.0
1,0.8588088296543107,0.8608405232396327,0.856786703601108,3610.0
accuracy,0.8530346820809248,0.8530346820809248,0.8530346820809248,0.8530346820809248
macro avg,0.8527884738899849,0.8527226361313883,0.8528646508942096,6920.0
weighted avg,0.8530494719722534,0.853074567653422,0.8530346820809248,6920.0
