,f1-score,precision,recall,support
0,0.82,0.8817204301075269,0.7663551401869159,428.0
1,0.8474576271186441,0.8,0.9009009009009009,444.0
accuracy,0.8348623853211009,0.8348623853211009,0.8348623853211009,0.8348623853211009
macro avg,0.833728813559322,0.8408602150537634,0.8336280205439084,872.0
weighted avg,0.8339807183952728,0.8401104863371807,0.8348623853211009,872.0
