,f1-score,precision,recall,support
0,0.8558345176061899,0.8964604697320543,0.8187311178247734,3310.0
1,0.8783801785000668,0.8460354118552733,0.9132963988919668,3610.0
accuracy,0.8680635838150289,0.8680635838150289,0.8680635838150289,0.8680635838150289
macro avg,0.8671073480531284,0.8712479407936637,0.86601375835837,6920.0
weighted avg,0.8675960545753945,0.870154912082462,0.8680635838150289,6920.0
