,f1-score,precision,recall,support
0,0.8714386959603119,0.8208277703604806,0.9287009063444108,3310.0
1,0.8663227708179807,0.9256692913385827,0.8141274238227146,3610.0
accuracy,0.8689306358381503,0.8689306358381503,0.8689306358381503,0.8689306358381503
macro avg,0.8688807333891463,0.8732485308495317,0.8714141650835627,6920.0
weighted avg,0.8687698390580264,0.8755211071713114,0.8689306358381503,6920.0
