,f1-score,precision,recall,support
0,0.8691746209994384,0.8906789413118527,0.8486842105263158,912.0
1,0.8747984954325632,0.8550420168067226,0.8954895489548955,909.0
accuracy,0.8720483250961011,0.8720483250961011,0.8720483250961011,0.8720483250961011
macro avg,0.8719865582160008,0.8728604790592877,0.8720868797406056,1821.0
weighted avg,0.8719819256999933,0.8728898340218125,0.8720483250961011,1821.0
