,f1-score,precision,recall,support
0,0.8736087818264979,0.8818097876269622,0.8655589123867069,3310.0
1,0.8861420134596897,0.8787796240806319,0.8936288088642659,3610.0
accuracy,0.8802023121387283,0.8802023121387283,0.8802023121387283,0.8802023121387283
macro avg,0.8798753976430937,0.8802947058537971,0.8795938606254864,6920.0
weighted avg,0.880147071739189,0.8802290231179661,0.8802023121387283,6920.0
