,f1-score,precision,recall,support
0,0.8359251031418596,0.8803475935828877,0.7957703927492447,3310.0
1,0.8628283364287609,0.8279022403258656,0.900831024930748,3610.0
accuracy,0.8505780346820809,0.8505780346820809,0.8505780346820809,0.8505780346820809
macro avg,0.8493767197853103,0.8541249169543766,0.8483007088399963,6920.0
weighted avg,0.8499598823565581,0.8529880957132563,0.8505780346820809,6920.0
