,f1-score,precision,recall,support
0,0.8497442455242966,0.9022403258655805,0.8030211480362538,3310.0
1,0.8760548523206749,0.8359335681932561,0.9202216066481994,3610.0
accuracy,0.8641618497109826,0.8641618497109826,0.8641618497109826,0.8641618497109826
macro avg,0.8628995489224858,0.8690869470294182,0.8616213773422265,6920.0
weighted avg,0.8634698655437945,0.8676496618197581,0.8641618497109826,6920.0
