,f1-score,precision,recall,support
0,0.8335388409371146,0.8825065274151436,0.7897196261682243,428.0
1,0.8553054662379421,0.8159509202453987,0.8986486486486487,444.0
accuracy,0.8451834862385321,0.8451834862385321,0.8451834862385321,0.8451834862385321
macro avg,0.8444221535875284,0.8492287238302711,0.8441841374084365,872.0
weighted avg,0.8446218473976277,0.8486181219296313,0.8451834862385321,872.0
