,f1-score,precision,recall,support
0,0.8687211093990754,0.8864779874213836,0.8516616314199396,3310.0
1,0.8840816326530612,0.868716577540107,0.9,3610.0
accuracy,0.876878612716763,0.876878612716763,0.876878612716763,0.876878612716763
macro avg,0.8764013710260683,0.8775972824807453,0.8758308157099698,6920.0
weighted avg,0.8767343303451576,0.8772122808214691,0.876878612716763,6920.0
