,f1-score,precision,recall,support
0,0.8815220524646873,0.8428886438809261,0.9238670694864048,3310.0
1,0.88090408577224,0.9234507897934386,0.8421052631578947,3610.0
accuracy,0.88121387283237,0.88121387283237,0.88121387283237,0.88121387283237
macro avg,0.8812130691184636,0.8831697168371824,0.8829861663221498,6920.0
weighted avg,0.8811996738866908,0.8849160061271935,0.88121387283237,6920.0
