,f1-score,precision,recall,support
0,0.8717379233759023,0.8830146231721034,0.8607456140350878,912.0
1,0.8745247148288974,0.8637339055793991,0.8855885588558856,909.0
accuracy,0.8731466227347611,0.8731466227347611,0.8731466227347611,0.8731466227347611
macro avg,0.8731313191023998,0.8733742643757513,0.8731670864454867,1821.0
weighted avg,0.8731290235575457,0.8733901463507041,0.8731466227347611,1821.0
