,f1-score,precision,recall,support
0,0.816778327993009,0.7937346669182864,0.8412,5000.0
1,0.8054839707246675,0.8310997660072325,0.7814,5000.0
accuracy,0.8113,0.8113,0.8113,0.8113
macro avg,0.8111311493588382,0.8124172164627594,0.8112999999999999,10000.0
weighted avg,0.8111311493588382,0.8124172164627594,0.8113,10000.0
