,f1-score,precision,recall,support
0,0.8497377352668929,0.8746559390218082,0.8262,5000.0
1,0.857837890434952,0.8353231002463521,0.8816,5000.0
accuracy,0.8539,0.8539,0.8539,0.8539
macro avg,0.8537878128509224,0.8549895196340802,0.8539000000000001,10000.0
weighted avg,0.8537878128509224,0.85498951963408,0.8539,10000.0
