,f1-score,precision,recall,support
0,0.8490429384376617,0.8795284030010718,0.8206,5000.0
1,0.8588292210933721,0.8318650421743206,0.8876,5000.0
accuracy,0.8541,0.8541,0.8541,0.8541
macro avg,0.8539360797655169,0.8556967225876961,0.8541,10000.0
weighted avg,0.8539360797655169,0.855696722587696,0.8541,10000.0
