,f1-score,precision,recall,support
0,0.8369006849315069,0.9000920810313076,0.782,5000.0
1,0.8569819819819819,0.8072842998585573,0.9132,5000.0
accuracy,0.8476,0.8476,0.8476,0.8476
macro avg,0.8469413334567444,0.8536881904449325,0.8476,10000.0
weighted avg,0.8469413334567445,0.8536881904449325,0.8476,10000.0
