,f1-score,precision,recall,support
0,0.8489223057644112,0.8510552763819096,0.8468,5000.0
1,0.8496758104738154,0.8475621890547264,0.8518,5000.0
accuracy,0.8493,0.8493,0.8493,0.8493
macro avg,0.8492990581191133,0.849308732718318,0.8492999999999999,10000.0
weighted avg,0.8492990581191134,0.8493087327183181,0.8493,10000.0
