,f1-score,precision,recall,support
0,0.8471279505622531,0.8583453089714638,0.8362,5000.0
1,0.8510218185408234,0.840319750438682,0.862,5000.0
accuracy,0.8491,0.8491,0.8491,0.8491
macro avg,0.8490748845515382,0.8493325297050729,0.8491,10000.0
weighted avg,0.8490748845515383,0.8493325297050729,0.8491,10000.0
