,f1-score,precision,recall,support
0,0.8498278185357089,0.8571428571428571,0.8426365795724465,3368.0
1,0.8523480052995731,0.8452554744525548,0.8595605700712589,3368.0
accuracy,0.8510985748218527,0.8510985748218527,0.8510985748218527,0.8510985748218527
macro avg,0.851087911917641,0.8511991657977059,0.8510985748218527,6736.0
weighted avg,0.851087911917641,0.8511991657977059,0.8510985748218527,6736.0
