,f1-score,precision,recall,support
0,0.8574793875147232,0.8646080760095012,0.8504672897196262,428.0
1,0.864804469273743,0.8580931263858093,0.8716216216216216,444.0
accuracy,0.8612385321100917,0.8612385321100917,0.8612385321100917,0.8612385321100917
macro avg,0.8611419283942331,0.8613506011976553,0.8610444556706238,872.0
weighted avg,0.8612091309791782,0.8612908310176213,0.8612385321100917,872.0
