,f1-score,precision,recall,support
0,0.9037582903463524,0.8823021582733813,0.9262839879154079,3310.0
1,0.9074415308291992,0.9291727140783744,0.8867036011080333,3610.0
accuracy,0.905635838150289,0.905635838150289,0.905635838150289,0.905635838150289
macro avg,0.9055999105877758,0.9057374361758779,0.9064937945117206,6920.0
weighted avg,0.9056797496155831,0.9067534164317664,0.905635838150289,6920.0
