,f1-score,precision,recall,support
0,0.8212003770818058,0.8621068836595558,0.784,5000.0
1,0.8366975987754711,0.8019438841004951,0.8746,5000.0
accuracy,0.8293,0.8293,0.8293,0.8293
macro avg,0.8289489879286385,0.8320253838800254,0.8293,10000.0
weighted avg,0.8289489879286386,0.8320253838800254,0.8293,10000.0
