,f1-score,precision,recall,support
0,0.8165166754896771,0.8674915635545557,0.7712,5000.0
1,0.8358124111795359,0.7940594059405941,0.8822,5000.0
accuracy,0.8267,0.8267,0.8267,0.8267
macro avg,0.8261645433346065,0.8307754847475749,0.8267,10000.0
weighted avg,0.8261645433346064,0.830775484747575,0.8267,10000.0
