,f1-score,precision,recall,support
0,0.8386243386243385,0.7947707736389685,0.8876,5000.0
1,0.8186066270178419,0.8727355072463768,0.7708,5000.0
accuracy,0.8292,0.8292,0.8292,0.8292
macro avg,0.8286154828210902,0.8337531404426727,0.8291999999999999,10000.0
weighted avg,0.8286154828210901,0.8337531404426727,0.8292,10000.0
