,f1-score,precision,recall,support
0,0.8224883996978526,0.8931333489571127,0.7622,5000.0
1,0.8467343706326284,0.7926042211756498,0.9088,5000.0
accuracy,0.8355,0.8355,0.8355,0.8355
macro avg,0.8346113851652405,0.8428687850663812,0.8355,10000.0
weighted avg,0.8346113851652405,0.8428687850663813,0.8355,10000.0
