,f1-score,precision,recall,support
0,0.8336103032820938,0.8671132238547969,0.8026,5000.0
1,0.8455456999614346,0.8162695457930007,0.877,5000.0
accuracy,0.8398,0.8398,0.8398,0.8398
macro avg,0.8395780016217642,0.8416913848238988,0.8398,10000.0
weighted avg,0.8395780016217643,0.8416913848238988,0.8398,10000.0
