,f1-score,precision,recall,support
0,0.8208413410207133,0.880439761795694,0.7688,5000.0
1,0.8422042505172089,0.7948171813986511,0.8956,5000.0
accuracy,0.8322,0.8322,0.8322,0.8322
macro avg,0.831522795768961,0.8376284715971726,0.8322,10000.0
weighted avg,0.831522795768961,0.8376284715971726,0.8322,10000.0
