,f1-score,precision,recall,support
0,0.8279950083194676,0.8624350086655113,0.7962,5000.0
1,0.8407164869029276,0.8107355126300149,0.873,5000.0
accuracy,0.8346,0.8346,0.8346,0.8346
macro avg,0.8343557476111976,0.8365852606477631,0.8346,10000.0
weighted avg,0.8343557476111975,0.8365852606477631,0.8346,10000.0
