,f1-score,precision,recall,support
0,0.8306137488156647,0.8768615247832852,0.789,5000.0
1,0.8467764974764309,0.8082166878749318,0.8892,5000.0
accuracy,0.8391,0.8391,0.8391,0.8391
macro avg,0.8386951231460478,0.8425391063291086,0.8391,10000.0
weighted avg,0.838695123146048,0.8425391063291084,0.8391,10000.0
