,f1-score,precision,recall,support
0,0.8401991851516523,0.8542497698680577,0.8266033254156769,3368.0
1,0.8452885317750183,0.8320391141788899,0.8589667458432304,3368.0
accuracy,0.8427850356294537,0.8427850356294537,0.8427850356294537,0.8427850356294537
macro avg,0.8427438584633353,0.8431444420234737,0.8427850356294537,6736.0
weighted avg,0.8427438584633353,0.8431444420234738,0.8427850356294537,6736.0
