,f1-score,precision,recall,support
0,0.85424739195231,0.8429411764705882,0.8658610271903323,3310.0
1,0.8628330995792427,0.8738636363636364,0.8520775623268698,3610.0
accuracy,0.8586705202312138,0.8586705202312138,0.8586705202312138,0.8586705202312138
macro avg,0.8585402457657764,0.8584024064171123,0.8589692947586011,6920.0
weighted avg,0.858726352144973,0.8590726909523663,0.8586705202312138,6920.0
