,f1-score,precision,recall,support
0,0.8147208121827412,0.8916666666666667,0.75,428.0
1,0.8472803347280334,0.791015625,0.9121621621621622,444.0
accuracy,0.8325688073394495,0.8325688073394495,0.8325688073394495,0.8325688073394495
macro avg,0.8310005734553874,0.8413411458333333,0.8310810810810811,872.0
weighted avg,0.8312992846713992,0.8404177417813457,0.8325688073394495,872.0
