,f1-score,precision,recall,support
0,0.8441852931648849,0.9099162011173184,0.7873111782477341,3310.0
1,0.8745108270284372,0.8264299802761341,0.9285318559556787,3610.0
accuracy,0.8609826589595375,0.8609826589595375,0.8609826589595375,0.8609826589595375
macro avg,0.859348060096661,0.8681730906967262,0.8579215171017064,6920.0
weighted avg,0.8600054054838768,0.8663634182796486,0.8609826589595375,6920.0
