,f1-score,precision,recall,support
0,0.8737864077669903,0.8775137111517367,0.8700906344410876,3310.0
1,0.8852097130242826,0.8818031885651457,0.8886426592797784,3610.0
accuracy,0.8797687861271676,0.8797687861271676,0.8797687861271676,0.8797687861271676
macro avg,0.8794980603956365,0.8796584498584412,0.879366646860433,6920.0
weighted avg,0.8797456753939882,0.8797514298601768,0.8797687861271676,6920.0
