,f1-score,precision,recall,support
0,0.8764705882352941,0.8987301587301587,0.8552870090634441,3310.0
1,0.891869918699187,0.8729442970822281,0.9116343490304709,3610.0
accuracy,0.8846820809248555,0.8846820809248555,0.8846820809248555,0.8846820809248555
macro avg,0.8841702534672405,0.8858372279061935,0.8834606790469575,6920.0
weighted avg,0.8845040539830763,0.8852782858184494,0.8846820809248555,6920.0
