,f1-score,precision,recall,support
0,0.8865490137920807,0.8706670550538887,0.9030211480362538,3310.0
1,0.8922079752007891,0.9079437912245483,0.8770083102493075,3610.0
accuracy,0.8894508670520231,0.8894508670520231,0.8894508670520231,0.8894508670520231
macro avg,0.8893784944964349,0.8893054231392186,0.8900147291427807,6920.0
weighted avg,0.8895011598448895,0.8901134448770218,0.8894508670520231,6920.0
