,f1-score,precision,recall,support
0,0.8108776266996292,0.8608923884514436,0.7663551401869159,428.0
1,0.8363636363636363,0.7963340122199593,0.8806306306306306,444.0
accuracy,0.8245412844036697,0.8245412844036697,0.8245412844036697,0.8245412844036697
macro avg,0.8236206315316328,0.8286132003357014,0.8234928854087733,872.0
weighted avg,0.8238544481340547,0.8280209216546787,0.8245412844036697,872.0
