,f1-score,precision,recall,support
0,0.7994825355756793,0.8956521739130435,0.7219626168224299,428.0
1,0.8403707518022656,0.7741935483870968,0.918918918918919,444.0
accuracy,0.8222477064220184,0.8222477064220184,0.8222477064220184,0.8222477064220184
macro avg,0.8199266436889725,0.8349228611500701,0.8204407678706744,872.0
weighted avg,0.8203017649387576,0.8338085618333184,0.8222477064220184,872.0
