,f1-score,precision,recall,support
0,0.8026134800550205,0.931364724660814,0.7051359516616315,3310.0
1,0.8569292123629112,0.7788853647485274,0.9523545706371191,3610.0
accuracy,0.8341040462427746,0.8341040462427746,0.8341040462427746,0.8341040462427746
macro avg,0.8297713462089659,0.8551250447046708,0.8287452611493753,6920.0
weighted avg,0.8309487103485877,0.8518198562672656,0.8341040462427746,6920.0
