,f1-score,precision,recall,support
0,0.8478513356562137,0.8429561200923787,0.852803738317757,428.0
1,0.8516421291053229,0.856492027334852,0.8468468468468469,444.0
accuracy,0.8497706422018348,0.8497706422018348,0.8497706422018348,0.8497706422018348
macro avg,0.8497467323807684,0.8497240737136154,0.849825292582302,872.0
weighted avg,0.8497815103023197,0.8498482563488674,0.8497706422018348,872.0
