,f1-score,precision,recall,support
0,0.8777809881537129,0.8410852713178295,0.9178247734138972,3310.0
1,0.8777103209019947,0.9177750906892382,0.8409972299168975,3610.0
accuracy,0.8777456647398844,0.8777456647398844,0.8777456647398844,0.8777456647398844
macro avg,0.8777456545278538,0.8794301810035339,0.8794110016653973,6920.0
weighted avg,0.8777441227232645,0.8810925325795038,0.8777456647398844,6920.0
