,f1-score,precision,recall,support
0,0.8653198653198654,0.8862068965517241,0.8453947368421053,912.0
1,0.870967741935484,0.8517350157728707,0.8910891089108911,909.0
accuracy,0.8682042833607908,0.8682042833607908,0.8682042833607908,0.8682042833607908
macro avg,0.8681438036276747,0.8689709561622974,0.8682419228764982,1821.0
weighted avg,0.8681391513405119,0.8689993514512422,0.8682042833607908,1821.0
