,f1-score,precision,recall,support
0,0.815365551425031,0.8680738786279684,0.7686915887850467,428.0
1,0.840981856990395,0.7991886409736308,0.8873873873873874,444.0
accuracy,0.8291284403669725,0.8291284403669725,0.8291284403669725,0.8291284403669725
macro avg,0.828173704207713,0.8336312598007996,0.8280394880862171,872.0
weighted avg,0.8284087161853768,0.8329992851434203,0.8291284403669725,872.0
