,f1-score,precision,recall,support
0,0.8463901689708141,0.8609375,0.8323262839879154,3310.0
1,0.8635743519781719,0.8508064516129032,0.8767313019390581,3610.0
accuracy,0.8554913294797688,0.8554913294797688,0.8554913294797688,0.8554913294797688
macro avg,0.854982260474493,0.8558719758064517,0.8545287929634868,6920.0
weighted avg,0.8553547499905484,0.8556523721564423,0.8554913294797688,6920.0
