,f1-score,precision,recall,support
0,0.8461538461538461,0.7795275590551181,0.9252336448598131,428.0
1,0.8217821782178218,0.9120879120879121,0.7477477477477478,444.0
accuracy,0.8348623853211009,0.8348623853211009,0.8348623853211009,0.8348623853211009
macro avg,0.8339680121858339,0.845807735571515,0.8364906963037804,872.0
weighted avg,0.8337444189020171,0.8470238855993387,0.8348623853211009,872.0
