,f1-score,precision,recall,support
0,0.8503137935638938,0.7619047619047619,0.9619335347432024,3310.0
1,0.8234923634073373,0.9540313754104341,0.724376731301939,3610.0
accuracy,0.8380057803468208,0.8380057803468208,0.8380057803468208,0.8380057803468208
macro avg,0.8369030784856155,0.857968068657598,0.8431551330225707,6920.0
weighted avg,0.8363216891036093,0.8621326628809869,0.8380057803468208,6920.0
