,f1-score,precision,recall,support
0,0.8386308068459658,0.8794871794871795,0.8014018691588785,428.0
1,0.8574514038876889,0.8236514522821576,0.8941441441441441,444.0
accuracy,0.8486238532110092,0.8486238532110092,0.8486238532110092,0.8486238532110092
macro avg,0.8480411053668273,0.8515693158846686,0.8477730066515112,872.0
weighted avg,0.848213771394733,0.8510570615066408,0.8486238532110092,872.0
