,f1-score,precision,recall,support
0,0.8695652173913044,0.8963911525029103,0.8442982456140351,912.0
1,0.8765366114377339,0.8523908523908524,0.9020902090209021,909.0
accuracy,0.8731466227347611,0.8731466227347611,0.8731466227347611,0.8731466227347611
macro avg,0.8730509144145191,0.8743910024468814,0.8731942273174687,1821.0
weighted avg,0.8730451719153047,0.8744272465161664,0.8731466227347611,1821.0
