,f1-score,precision,recall,support
0,0.8830570902394106,0.8973799126637555,0.8691842900302115,3310.0
1,0.8959584926269798,0.8834141087775983,0.9088642659279779,3610.0
accuracy,0.8898843930635838,0.8898843930635838,0.8898843930635838,0.8898843930635838
macro avg,0.8895077914331952,0.8903970107206769,0.8890242779790947,6920.0
weighted avg,0.8897874461092263,0.8900942837578267,0.8898843930635838,6920.0
