,f1-score,precision,recall,support
0,0.8781500148235991,0.8620488940628638,0.8948640483383686,3310.0
1,0.8841274316323654,0.9001148105625718,0.8686980609418282,3610.0
accuracy,0.88121387283237,0.88121387283237,0.88121387283237,0.88121387283237
macro avg,0.8811387232279823,0.8810818523127177,0.8817810546400984,6920.0
weighted avg,0.8812682915114093,0.8819069805605438,0.88121387283237,6920.0
