,f1-score,precision,recall,support
0,0.8980024213075061,0.8996361431170407,0.8963746223564955,3310.0
1,0.9068030973451326,0.9053009387078962,0.9083102493074793,3610.0
accuracy,0.9026011560693642,0.9026011560693642,0.9026011560693642,0.9026011560693642
macro avg,0.9024027593263193,0.9024685409124684,0.9023424358319874,6920.0
weighted avg,0.9025935254254009,0.9025913327244088,0.9026011560693642,6920.0
