,f1-score,precision,recall,support
0,0.8099472990777338,0.8902968863142651,0.7429003021148036,3310.0
1,0.8514418125643666,0.7953342953342953,0.9160664819944598,3610.0
accuracy,0.8332369942196531,0.8332369942196531,0.8332369942196531,0.8332369942196531
macro avg,0.8306945558210501,0.8428155908242803,0.8294833920546317,6920.0
weighted avg,0.8315940033677258,0.8407571531585294,0.8332369942196531,6920.0
