,f1-score,precision,recall,support
0,0.8655865586558656,0.8596543504171633,0.8716012084592145,3310.0
1,0.8751045441873432,0.8807519640852974,0.8695290858725762,3610.0
accuracy,0.8705202312138728,0.8705202312138728,0.8705202312138728,0.8705202312138728
macro avg,0.8703455514216044,0.8702031572512303,0.8705651471658953,6920.0
weighted avg,0.8705518661368821,0.8706604754665801,0.8705202312138728,6920.0
