,f1-score,precision,recall,support
0,0.8398576512455517,0.8530120481927711,0.8271028037383178,428.0
1,0.8501664816870145,0.838074398249453,0.8626126126126126,444.0
accuracy,0.8451834862385321,0.8451834862385321,0.8451834862385321,0.8451834862385321
macro avg,0.845012066466283,0.845543223221112,0.8448577081754651,872.0
weighted avg,0.8451066428923515,0.8454061805610816,0.8451834862385321,872.0
