,f1-score,precision,recall,support
0,0.7589141936968024,0.8930698429886302,0.6598,5000.0
1,0.8146117105961436,0.7302568981921979,0.921,5000.0
accuracy,0.7904,0.7904,0.7904,0.7904
macro avg,0.786762952146473,0.811663370590414,0.7904,10000.0
weighted avg,0.7867629521464728,0.811663370590414,0.7904,10000.0
