,f1-score,precision,recall,support
0,0.8429596073990184,0.7980700500357398,0.8932,5000.0
1,0.823054019566142,0.8787465940054496,0.774,5000.0
accuracy,0.8336,0.8336,0.8336,0.8336
macro avg,0.8330068134825802,0.8384083220205947,0.8336,10000.0
weighted avg,0.8330068134825802,0.8384083220205948,0.8336,10000.0
