,f1-score,precision,recall,support
0,0.8203150112504017,0.8834525732748673,0.7656,5000.0
1,0.8427861629324085,0.7931886359625905,0.899,5000.0
accuracy,0.8323,0.8323,0.8323,0.8323
macro avg,0.8315505870914051,0.8383206046187288,0.8323,10000.0
weighted avg,0.8315505870914051,0.8383206046187289,0.8323,10000.0
