,f1-score,precision,recall,support
0,0.829315540249677,0.8977166821994408,0.7706,5000.0
1,0.8518864400448263,0.7990539593552908,0.9122,5000.0
accuracy,0.8414,0.8414,0.8414,0.8414
macro avg,0.8406009901472516,0.8483853207773657,0.8413999999999999,10000.0
weighted avg,0.8406009901472516,0.8483853207773658,0.8414,10000.0
