,f1-score,precision,recall,support
0,0.7747290753977404,0.914534567229178,0.672,5000.0
1,0.8274766025075048,0.7407524502055011,0.9372,5000.0
accuracy,0.8046,0.8046,0.8046,0.8046
macro avg,0.8011028389526226,0.8276435087173395,0.8046,10000.0
weighted avg,0.8011028389526226,0.8276435087173395,0.8046,10000.0
