,f1-score,precision,recall,support
0,0.8488588500342835,0.8318295258206949,0.8666,5000.0
1,0.8424062914921867,0.8607806303485702,0.8248,5000.0
accuracy,0.8457,0.8457,0.8457,0.8457
macro avg,0.8456325707632351,0.8463050780846326,0.8457,10000.0
weighted avg,0.8456325707632352,0.8463050780846326,0.8457,10000.0
