,f1-score,precision,recall,support
0,0.8553772550583075,0.8525730180806675,0.8582,5000.0
1,0.8544195846292767,0.8572579021542178,0.8516,5000.0
accuracy,0.8549,0.8549,0.8549,0.8549
macro avg,0.8548984198437921,0.8549154601174427,0.8549,10000.0
weighted avg,0.854898419843792,0.8549154601174427,0.8549,10000.0
