,f1-score,precision,recall,support
0,0.8597097442985489,0.8488984207447846,0.8708,5000.0
1,0.8560429541079931,0.8673783617327038,0.845,5000.0
accuracy,0.8579,0.8579,0.8579,0.8579
macro avg,0.857876349203271,0.8581383912387441,0.8579,10000.0
weighted avg,0.857876349203271,0.8581383912387442,0.8579,10000.0
