,f1-score,precision,recall,support
0,0.8486123634906322,0.8502308773338687,0.847,5000.0
1,0.8491865455634295,0.8475791990436342,0.8508,5000.0
accuracy,0.8489,0.8489,0.8489,0.8489
macro avg,0.8488994545270309,0.8489050381887515,0.8489,10000.0
weighted avg,0.8488994545270309,0.8489050381887515,0.8489,10000.0
