,f1-score,precision,recall,support
0,0.8492765273311897,0.8533925686591276,0.8452,5000.0
1,0.8507165605095542,0.8466719492868463,0.8548,5000.0
accuracy,0.85,0.85,0.85,0.85
macro avg,0.849996543920372,0.850032258972987,0.85,10000.0
weighted avg,0.8499965439203719,0.8500322589729868,0.85,10000.0
