,f1-score,precision,recall,support
0,0.855457227138643,0.8704202028565514,0.841,5000.0
1,0.8602615793096666,0.8461984910040626,0.8748,5000.0
accuracy,0.8579,0.8579,0.8579,0.8579
macro avg,0.8578594032241549,0.858309346930307,0.8579,10000.0
weighted avg,0.8578594032241548,0.858309346930307,0.8579,10000.0
