,f1-score,precision,recall,support
0,0.8524253922674598,0.8747632077457378,0.8312,5000.0
1,0.8595960581520149,0.8392074680891598,0.881,5000.0
accuracy,0.8561,0.8561,0.8561,0.8561
macro avg,0.8560107252097373,0.8569853379174488,0.8561000000000001,10000.0
weighted avg,0.8560107252097372,0.8569853379174488,0.8561,10000.0
