,f1-score,precision,recall,support
0,0.8512696493349456,0.8669950738916257,0.836104513064133,3368.0
1,0.8564760793465578,0.841743119266055,0.8717339667458432,3368.0
accuracy,0.8539192399049881,0.8539192399049881,0.8539192399049881,0.8539192399049881
macro avg,0.8538728643407517,0.8543690965788404,0.8539192399049882,6736.0
weighted avg,0.8538728643407517,0.8543690965788404,0.8539192399049881,6736.0
