,f1-score,precision,recall,support
0,0.8530561844000824,0.8785502331496396,0.829,5000.0
1,0.8611165142968294,0.8381294964028777,0.8854,5000.0
accuracy,0.8572,0.8572,0.8572,0.8572
macro avg,0.857086349348456,0.8583398647762587,0.8572,10000.0
weighted avg,0.857086349348456,0.8583398647762588,0.8572,10000.0
