,f1-score,precision,recall,support
0,0.8242142025611177,0.8213457076566125,0.8271028037383178,428.0
1,0.8293785310734463,0.8321995464852607,0.8265765765765766,444.0
accuracy,0.8268348623853211,0.8268348623853211,0.8268348623853211,0.8268348623853211
macro avg,0.826796366817282,0.8267726270709366,0.8268396901574472,872.0
weighted avg,0.8268437459779456,0.8268722035739517,0.8268348623853211,872.0
