,f1-score,precision,recall,support
0,0.8585553419390277,0.7870090634441088,0.9444108761329305,3310.0
1,0.8429399207075327,0.937584803256445,0.7656509695290858,3610.0
accuracy,0.8511560693641619,0.8511560693641619,0.8511560693641619,0.8511560693641619
macro avg,0.8507476313232802,0.8622969333502769,0.8550309228310082,6920.0
weighted avg,0.8504091467590136,0.8655608583462091,0.8511560693641619,6920.0
