,f1-score,precision,recall,support
0,0.8121827411167512,0.8888888888888888,0.7476635514018691,428.0
1,0.8451882845188285,0.7890625,0.9099099099099099,444.0
accuracy,0.8302752293577982,0.8302752293577982,0.8302752293577982,0.8302752293577982
macro avg,0.8286855128177899,0.8389756944444444,0.8287867306558896,872.0
weighted avg,0.8289883159682677,0.838059856014271,0.8302752293577982,872.0
