,f1-score,precision,recall,support
0,0.8415961305925029,0.8721804511278195,0.8130841121495327,428.0
1,0.8571428571428571,0.8308668076109936,0.8851351351351351,444.0
accuracy,0.8497706422018348,0.8497706422018348,0.8497706422018348,0.8497706422018348
macro avg,0.84936949386768,0.8515236293694066,0.8491096236423339,872.0
weighted avg,0.8495121243864906,0.8511446051169587,0.8497706422018348,872.0
