,f1-score,precision,recall,support
0,0.8739726027397261,0.8806748466257669,0.8673716012084592,3310.0
1,0.8861072902338376,0.8800546448087432,0.8922437673130194,3610.0
accuracy,0.8803468208092485,0.8803468208092485,0.8803468208092485,0.8803468208092485
macro avg,0.8800399464867819,0.880364745717255,0.8798076842607393,6920.0
weighted avg,0.8803029816203247,0.8803513020362502,0.8803468208092485,6920.0
