,f1-score,precision,recall,support
0,0.8401937046004843,0.871859296482412,0.8107476635514018,428.0
1,0.8562091503267973,0.8291139240506329,0.8851351351351351,444.0
accuracy,0.8486238532110092,0.8486238532110092,0.8486238532110092,0.8486238532110092
macro avg,0.8482014274636408,0.8504866102665225,0.8479413993432685,872.0
weighted avg,0.8483483581583776,0.8500944508864144,0.8486238532110092,872.0
