,f1-score,precision,recall,support
0,0.7943383356070942,0.6923305588585018,0.9316,5000.0
1,0.7084139264990329,0.8954767726161369,0.586,5000.0
accuracy,0.7588,0.7588,0.7588,0.7588
macro avg,0.7513761310530636,0.7939036657373193,0.7587999999999999,10000.0
weighted avg,0.7513761310530636,0.7939036657373193,0.7588,10000.0
