,f1-score,precision,recall,support
0,0.7976758303703061,0.7041800643086816,0.9198,5000.0
1,0.7245247372771284,0.8844047275872009,0.6136,5000.0
accuracy,0.7667,0.7667,0.7667,0.7667
macro avg,0.7611002838237173,0.7942923959479413,0.7666999999999999,10000.0
weighted avg,0.7611002838237173,0.7942923959479412,0.7667,10000.0
