,f1-score,precision,recall,support
0,0.8293351610692254,0.8123920966813735,0.847,5000.0
1,0.8219066108102585,0.8401921871735951,0.8044,5000.0
accuracy,0.8257,0.8257,0.8257,0.8257
macro avg,0.825620885939742,0.8262921419274842,0.8257,10000.0
weighted avg,0.8256208859397418,0.8262921419274842,0.8257,10000.0
