,f1-score,precision,recall,support
0,0.8359507640067912,0.890370705244123,0.7878,5000.0
1,0.853819969742814,0.8097202295552367,0.903,5000.0
accuracy,0.8454,0.8454,0.8454,0.8454
macro avg,0.8448853668748026,0.8500454673996798,0.8453999999999999,10000.0
weighted avg,0.8448853668748026,0.8500454673996799,0.8454,10000.0
