,f1-score,precision,recall,support
0,0.8336598948128288,0.8605492867787949,0.8084,5000.0
1,0.843443657187227,0.819347539128795,0.869,5000.0
accuracy,0.8387,0.8387,0.8387,0.8387
macro avg,0.8385517760000278,0.839948412953795,0.8387,10000.0
weighted avg,0.838551776000028,0.8399484129537949,0.8387,10000.0
