,f1-score,precision,recall,support
0,0.8541169141314505,0.8881451090477219,0.8226,5000.0
1,0.8644999517793422,0.83479232631775,0.8964,5000.0
accuracy,0.8595,0.8595,0.8595,0.8595
macro avg,0.8593084329553964,0.861468717682736,0.8594999999999999,10000.0
weighted avg,0.8593084329553964,0.8614687176827359,0.8595,10000.0
