,f1-score,precision,recall,support
0,0.8654150197628457,0.8552734375,0.8758,5000.0
1,0.8621457489878542,0.8727459016393443,0.8518,5000.0
accuracy,0.8638,0.8638,0.8638,0.8638
macro avg,0.86378038437535,0.8640096695696722,0.8638,10000.0
weighted avg,0.86378038437535,0.8640096695696721,0.8638,10000.0
