,f1-score,precision,recall,support
0,0.8456375838926176,0.9216611609249646,0.7812,5000.0
1,0.8674967478163911,0.8101353696633113,0.9336,5000.0
accuracy,0.8574,0.8574,0.8574,0.8574
macro avg,0.8565671658545043,0.865898265294138,0.8573999999999999,10000.0
weighted avg,0.8565671658545043,0.865898265294138,0.8574,10000.0
