,f1-score,precision,recall,support
0,0.8427863714487919,0.8521774688202821,0.8336,5000.0
1,0.8461766742506677,0.8371501272264631,0.8554,5000.0
accuracy,0.8445,0.8445,0.8445,0.8445
macro avg,0.8444815228497298,0.8446637980233727,0.8445,10000.0
weighted avg,0.8444815228497299,0.8446637980233725,0.8445,10000.0
