,f1-score,precision,recall,support
0,0.8669449251756082,0.8828529960605432,0.8516,5000.0
1,0.8715731551537781,0.8566737492756422,0.887,5000.0
accuracy,0.8693,0.8693,0.8693,0.8693
macro avg,0.8692590401646931,0.8697633726680927,0.8693,10000.0
weighted avg,0.8692590401646932,0.8697633726680928,0.8693,10000.0
