,f1-score,precision,recall,support
0,0.810784785748676,0.7818012999071495,0.842,5000.0
1,0.7956318252730108,0.828819068255688,0.765,5000.0
accuracy,0.8035,0.8035,0.8035,0.8035
macro avg,0.8032083055108434,0.8053101840814187,0.8035,10000.0
weighted avg,0.8032083055108433,0.8053101840814189,0.8035,10000.0
