,f1-score,precision,recall,support
0,0.8047058823529412,0.7892307692307692,0.8208,5000.0
1,0.7967346938775511,0.8133333333333334,0.7808,5000.0
accuracy,0.8008,0.8008,0.8008,0.8008
macro avg,0.8007202881152462,0.8012820512820513,0.8008,10000.0
weighted avg,0.8007202881152462,0.8012820512820513,0.8008,10000.0
