,f1-score,precision,recall,support
0,0.8271158416864729,0.8556767158434894,0.8004,5000.0
1,0.8379347089024509,0.8125117414991546,0.865,5000.0
accuracy,0.8327,0.8327,0.8327,0.8327
macro avg,0.8325252752944619,0.834094228671322,0.8327,10000.0
weighted avg,0.832525275294462,0.834094228671322,0.8327,10000.0
