,f1-score,precision,recall,support
0,0.8322929671244279,0.8673026886383348,0.8,5000.0
1,0.8448209472468232,0.8144023756495917,0.8776,5000.0
accuracy,0.8388,0.8388,0.8388,0.8388
macro avg,0.8385569571856255,0.8408525321439633,0.8388,10000.0
weighted avg,0.8385569571856256,0.8408525321439633,0.8388,10000.0
