,f1-score,precision,recall,support
0,0.8480601259394678,0.8615352868345026,0.835,5000.0
1,0.8526688989560766,0.839930151338766,0.8658,5000.0
accuracy,0.8504,0.8504,0.8504,0.8504
macro avg,0.8503645124477721,0.8507327190866343,0.8504,10000.0
weighted avg,0.8503645124477722,0.8507327190866343,0.8504,10000.0
