,f1-score,precision,recall,support
0,0.8498182889696494,0.834973943254198,0.8652,5000.0
1,0.8442814950605968,0.8601369578750778,0.829,5000.0
accuracy,0.8471,0.8471,0.8471,0.8471
macro avg,0.847049892015123,0.8475554505646379,0.8471,10000.0
weighted avg,0.847049892015123,0.847555450564638,0.8471,10000.0
