,f1-score,precision,recall,support
0,0.8597646120087771,0.8575407879029049,0.862,5000.0
1,0.8590334870663726,0.8612786489746683,0.8568,5000.0
accuracy,0.8594,0.8594,0.8594,0.8594
macro avg,0.8593990495375748,0.8594097184387866,0.8593999999999999,10000.0
weighted avg,0.8593990495375748,0.8594097184387866,0.8594,10000.0
