,f1-score,precision,recall,support
0,0.8148471615720523,0.8971153846153846,0.7464,5000.0
1,0.8435424354243541,0.7828767123287671,0.9144,5000.0
accuracy,0.8304,0.8304,0.8304,0.8304
macro avg,0.8291947984982032,0.8399960484720759,0.8304,10000.0
weighted avg,0.8291947984982033,0.8399960484720759,0.8304,10000.0
