,f1-score,precision,recall,support
0,0.8461139358721594,0.8792322622385162,0.8154,5000.0
1,0.8568947216057127,0.8278948349804214,0.888,5000.0
accuracy,0.8517,0.8517,0.8517,0.8517
macro avg,0.8515043287389361,0.8535635486094688,0.8517,10000.0
weighted avg,0.851504328738936,0.8535635486094688,0.8517,10000.0
