,f1-score,precision,recall,support
0,0.847861178369653,0.8554560260586319,0.8404,5000.0
1,0.8505154639175259,0.8431603773584906,0.858,5000.0
accuracy,0.8492,0.8492,0.8492,0.8492
macro avg,0.8491883211435894,0.8493082017085613,0.8492,10000.0
weighted avg,0.8491883211435893,0.8493082017085614,0.8492,10000.0
