,f1-score,precision,recall,support
0,0.8409154600653901,0.7889570552147239,0.9002,5000.0
1,0.8167832167832169,0.8838183934807916,0.7592,5000.0
accuracy,0.8297,0.8297,0.8297,0.8297
macro avg,0.8288493384243034,0.8363877243477578,0.8297,10000.0
weighted avg,0.8288493384243034,0.8363877243477579,0.8297,10000.0
