,f1-score,precision,recall,support
0,0.8468641785302039,0.8157894736842105,0.8804,5000.0
1,0.8342357351103706,0.870112945264987,0.8012,5000.0
accuracy,0.8408,0.8408,0.8408,0.8408
macro avg,0.8405499568202872,0.8429512094745988,0.8408,10000.0
weighted avg,0.8405499568202873,0.8429512094745987,0.8408,10000.0
