,f1-score,precision,recall,support
0,0.8297148835992675,0.735507806461586,0.9516,5000.0
1,0.7710702145117806,0.9314641744548287,0.6578,5000.0
accuracy,0.8047,0.8047,0.8047,0.8047
macro avg,0.800392549055524,0.8334859904582073,0.8047,10000.0
weighted avg,0.800392549055524,0.8334859904582074,0.8047,10000.0
