,f1-score,precision,recall,support
0,0.8501070663811563,0.8280242700037922,0.8734,5000.0
1,0.841661525807115,0.866060093101989,0.8186,5000.0
accuracy,0.846,0.846,0.846,0.846
macro avg,0.8458842960941356,0.8470421815528906,0.846,10000.0
weighted avg,0.8458842960941356,0.8470421815528906,0.846,10000.0
