,f1-score,precision,recall,support
0,0.8789821679022239,0.8805700521878763,0.8774,5000.0
1,0.8794170493112398,0.8778397768035073,0.881,5000.0
accuracy,0.8792,0.8792,0.8792,0.8792
macro avg,0.8791996086067319,0.8792049144956918,0.8792,10000.0
weighted avg,0.8791996086067319,0.8792049144956918,0.8792,10000.0
