,f1-score,precision,recall,support
0,0.8796776050662061,0.8454444854297307,0.9168,5000.0
1,0.8690749634579245,0.909130624726955,0.8324,5000.0
accuracy,0.8746,0.8746,0.8746,0.8746
macro avg,0.8743762842620653,0.8772875550783429,0.8746,10000.0
weighted avg,0.8743762842620654,0.8772875550783429,0.8746,10000.0
