,f1-score,precision,recall,support
0,0.8521424260712129,0.8571428571428571,0.8472,5000.0
1,0.8538476834360708,0.8489521550019771,0.8588,5000.0
accuracy,0.853,0.853,0.853,0.853
macro avg,0.8529950547536418,0.8530475060724171,0.853,10000.0
weighted avg,0.8529950547536419,0.853047506072417,0.853,10000.0
