,f1-score,precision,recall,support
0,0.861098704778919,0.8635413556285458,0.8586698337292161,3368.0
1,0.861880088823094,0.859462651313847,0.8643111638954869,3368.0
accuracy,0.8614904988123515,0.8614904988123515,0.8614904988123515,0.8614904988123515
macro avg,0.8614893968010064,0.8615020034711964,0.8614904988123515,6736.0
weighted avg,0.8614893968010064,0.8615020034711964,0.8614904988123515,6736.0
