,f1-score,precision,recall,support
0,0.7961040154369198,0.7363590005099439,0.8664,5000.0
1,0.7566085335088296,0.837745931503522,0.6898,5000.0
accuracy,0.7781,0.7781,0.7781,0.7781
macro avg,0.7763562744728747,0.7870524660067328,0.7781,10000.0
weighted avg,0.7763562744728747,0.787052466006733,0.7781,10000.0
