,f1-score,precision,recall,support
0,0.8299570288520564,0.8496020108923334,0.8112,5000.0
1,0.8374731077645218,0.8193647148871029,0.8564,5000.0
accuracy,0.8338,0.8338,0.8338,0.8338
macro avg,0.833715068308289,0.8344833628897181,0.8338000000000001,10000.0
weighted avg,0.8337150683082891,0.834483362889718,0.8338,10000.0
