,f1-score,precision,recall,support
0,0.8328835374714553,0.8657747086750108,0.8024,5000.0
1,0.844684545629944,0.8158777487886694,0.8756,5000.0
accuracy,0.839,0.839,0.839,0.839
macro avg,0.8387840415506996,0.8408262287318401,0.839,10000.0
weighted avg,0.8387840415506995,0.8408262287318401,0.839,10000.0
