,f1-score,precision,recall,support
0,0.8533279791185624,0.8566821205402136,0.85,5000.0
1,0.8544675764518378,0.8511609446318714,0.8578,5000.0
accuracy,0.8539,0.8539,0.8539,0.8539
macro avg,0.8538977777852002,0.8539215325860425,0.8539,10000.0
weighted avg,0.8538977777852,0.8539215325860426,0.8539,10000.0
