,f1-score,precision,recall,support
0,0.850567530979902,0.8872474473169671,0.8168,5000.0
1,0.8619794171395595,0.8302760793033167,0.8962,5000.0
accuracy,0.8565,0.8565,0.8565,0.8565
macro avg,0.8562734740597308,0.8587617633101419,0.8565,10000.0
weighted avg,0.8562734740597309,0.858761763310142,0.8565,10000.0
