,f1-score,precision,recall,support
0,0.8516343707183401,0.8338443848217708,0.8702,5000.0
1,0.8450214680024536,0.8642827268925136,0.8266,5000.0
accuracy,0.8484,0.8484,0.8484,0.8484
macro avg,0.8483279193603969,0.8490635558571422,0.8484,10000.0
weighted avg,0.8483279193603969,0.8490635558571423,0.8484,10000.0
