,f1-score,precision,recall,support
0,0.8704489393191909,0.8590068159688413,0.8822,5000.0
1,0.8669031931069437,0.8789311408016444,0.8552,5000.0
accuracy,0.8687,0.8687,0.8687,0.8687
macro avg,0.8686760662130673,0.8689689783852428,0.8687,10000.0
weighted avg,0.8686760662130674,0.8689689783852428,0.8687,10000.0
