,f1-score,precision,recall,support
0,0.8690148034711588,0.8875912408759125,0.8512,5000.0
1,0.8742773150416463,0.8570605187319885,0.8922,5000.0
accuracy,0.8717,0.8717,0.8717,0.8717
macro avg,0.8716460592564026,0.8723258798039505,0.8716999999999999,10000.0
weighted avg,0.8716460592564025,0.8723258798039504,0.8717,10000.0
