,f1-score,precision,recall,support
0,0.8537740407847685,0.826070693847017,0.8834,5000.0
1,0.8432611623329535,0.8747044917257684,0.814,5000.0
accuracy,0.8487,0.8487,0.8487,0.8487
macro avg,0.8485176015588609,0.8503875927863926,0.8487,10000.0
weighted avg,0.8485176015588609,0.8503875927863926,0.8487,10000.0
