,f1-score,precision,recall,support
0,0.8763098619136226,0.858568412972558,0.8948,5000.0
1,0.8709776279497397,0.8901649613698058,0.8526,5000.0
accuracy,0.8737,0.8737,0.8737,0.8737
macro avg,0.8736437449316812,0.8743666871711819,0.8737,10000.0
weighted avg,0.8736437449316811,0.8743666871711819,0.8737,10000.0
