,f1-score,precision,recall,support
0,0.8744561839651958,0.9069617533304685,0.8442,5000.0
1,0.8828532766286489,0.8542835765057988,0.9134,5000.0
accuracy,0.8788,0.8788,0.8788,0.8788
macro avg,0.8786547302969223,0.8806226649181337,0.8788,10000.0
weighted avg,0.8786547302969222,0.8806226649181336,0.8788,10000.0
