,f1-score,precision,recall,support
0,0.8529323308270678,0.8550753768844221,0.8508,5000.0
1,0.8536658354114713,0.8515422885572139,0.8558,5000.0
accuracy,0.8533,0.8533,0.8533,0.8533
macro avg,0.8532990831192695,0.853308832720818,0.8533,10000.0
weighted avg,0.8532990831192696,0.8533088327208181,0.8533,10000.0
