,f1-score,precision,recall,support
0,0.8578227245687091,0.8593563766388558,0.8562945368171021,3368.0
1,0.8583283935981032,0.8568047337278106,0.8598574821852731,3368.0
accuracy,0.8580760095011877,0.8580760095011877,0.8580760095011877,0.8580760095011877
macro avg,0.8580755590834062,0.8580805551833333,0.8580760095011877,6736.0
weighted avg,0.8580755590834063,0.8580805551833333,0.8580760095011877,6736.0
