,f1-score,precision,recall,support
0,0.8362369337979093,0.8314087759815243,0.8411214953271028,428.0
1,0.840317100792752,0.8451025056947609,0.8355855855855856,444.0
accuracy,0.838302752293578,0.838302752293578,0.838302752293578,0.838302752293578
macro avg,0.8382770172953307,0.8382556408381425,0.8383535404563442,872.0
weighted avg,0.838314450020054,0.8383812713859705,0.838302752293578,872.0
