,f1-score,precision,recall,support
0,0.865580448065173,0.8347362514029181,0.8987915407854985,3310.0
1,0.8673557278208441,0.9001787842669845,0.8368421052631579,3610.0
accuracy,0.8664739884393063,0.8664739884393063,0.8664739884393063,0.8664739884393063
macro avg,0.8664680879430086,0.8674575178349513,0.8678168230243282,6920.0
weighted avg,0.8665065694406026,0.8688760698479007,0.8664739884393063,6920.0
