,f1-score,precision,recall,support
0,0.8278388278388278,0.8670076726342711,0.7920560747663551,428.0
1,0.8475675675675677,0.814968814968815,0.8828828828828829,444.0
accuracy,0.838302752293578,0.838302752293578,0.838302752293578,0.838302752293578
macro avg,0.8377031977031977,0.840988243801543,0.837469478824619,872.0
weighted avg,0.8378841953153879,0.840510823089016,0.838302752293578,872.0
