,f1-score,precision,recall,support
0,0.8412322274881516,0.8533653846153846,0.8294392523364486,428.0
1,0.8511111111111112,0.8399122807017544,0.8626126126126126,444.0
accuracy,0.8463302752293578,0.8463302752293578,0.8463302752293578,0.8463302752293578
macro avg,0.8461716692996314,0.8466388326585694,0.8460259324745305,872.0
weighted avg,0.8462623012594751,0.8465154096868848,0.8463302752293578,872.0
