,f1-score,precision,recall,support
0,0.7748414376321354,0.8217488789237668,0.733,5000.0
1,0.7979127134724858,0.7590252707581228,0.841,5000.0
accuracy,0.787,0.787,0.787,0.787
macro avg,0.7863770755523106,0.7903870748409447,0.7869999999999999,10000.0
weighted avg,0.7863770755523106,0.7903870748409448,0.787,10000.0
