,f1-score,precision,recall,support
0,0.7663531423685335,0.8230027548209367,0.717,5000.0
1,0.7946260804208943,0.7492912827781715,0.8458,5000.0
accuracy,0.7814,0.7814,0.7814,0.7814
macro avg,0.780489611394714,0.7861470187995541,0.7814,10000.0
weighted avg,0.780489611394714,0.786147018799554,0.7814,10000.0
