,f1-score,precision,recall,support
0,0.8129276765975366,0.8581907090464548,0.7722,5000.0
1,0.8307780211408438,0.792946736956917,0.8724,5000.0
accuracy,0.8223,0.8223,0.8223,0.8223
macro avg,0.8218528488691902,0.8255687230016859,0.8223,10000.0
weighted avg,0.8218528488691902,0.8255687230016859,0.8223,10000.0
