,f1-score,precision,recall,support
0,0.8057203389830508,0.8565315315315315,0.7606,5000.0
1,0.8263257575757577,0.7847122302158274,0.8726,5000.0
accuracy,0.8166,0.8166,0.8166,0.8166
macro avg,0.8160230482794042,0.8206218808736794,0.8166,10000.0
weighted avg,0.8160230482794042,0.8206218808736794,0.8166,10000.0
