,f1-score,precision,recall,support
0,0.8283926556569904,0.85028427037271,0.8076,5000.0
1,0.8367964101063311,0.8167968006094077,0.8578,5000.0
accuracy,0.8327,0.8327,0.8327,0.8327
macro avg,0.8325945328816607,0.8335405354910589,0.8327,10000.0
weighted avg,0.8325945328816607,0.8335405354910589,0.8327,10000.0
