,f1-score,precision,recall,support
0,0.8191389554883768,0.85543217940344,0.7858,5000.0
1,0.833285288747958,0.8019234325873867,0.8672,5000.0
accuracy,0.8265,0.8265,0.8265,0.8265
macro avg,0.8262121221181674,0.8286778059954134,0.8265,10000.0
weighted avg,0.8262121221181674,0.8286778059954133,0.8265,10000.0
