,f1-score,precision,recall,support
0,0.783629654478363,0.8886634542226731,0.7008,5000.0
1,0.8249977389888759,0.7530130427604425,0.9122,5000.0
accuracy,0.8065,0.8065,0.8065,0.8065
macro avg,0.8043136967336194,0.8208382484915577,0.8065,10000.0
weighted avg,0.8043136967336193,0.8208382484915578,0.8065,10000.0
