,f1-score,precision,recall,support
0,0.7814195298372514,0.8983887733887734,0.6914,5000.0
1,0.8265781922525107,0.7491872561768531,0.9218,5000.0
accuracy,0.8066,0.8066,0.8066,0.8066
macro avg,0.803998861044881,0.8237880147828133,0.8066,10000.0
weighted avg,0.803998861044881,0.8237880147828133,0.8066,10000.0
