,f1-score,precision,recall,support
0,0.8373784022796501,0.8230635503187174,0.8522,5000.0
1,0.8315178662323118,0.8467758656437901,0.8168,5000.0
accuracy,0.8345,0.8345,0.8345,0.8345
macro avg,0.834448134255981,0.8349197079812538,0.8345,10000.0
weighted avg,0.834448134255981,0.8349197079812537,0.8345,10000.0
