,f1-score,precision,recall,support
0,0.8371816470121891,0.8296994696523277,0.8448,5000.0
1,0.8341911393682511,0.8419229985740476,0.8266,5000.0
accuracy,0.8357,0.8357,0.8357,0.8357
macro avg,0.8356863931902201,0.8358112341131876,0.8357,10000.0
weighted avg,0.8356863931902201,0.8358112341131877,0.8357,10000.0
