,f1-score,precision,recall,support
0,0.83065164923572,0.8353559870550162,0.826,5000.0
1,0.8325377883850438,0.8279272151898734,0.8372,5000.0
accuracy,0.8316,0.8316,0.8316,0.8316
macro avg,0.8315947188103818,0.8316416011224448,0.8316,10000.0
weighted avg,0.8315947188103819,0.8316416011224448,0.8316,10000.0
