,f1-score,precision,recall,support
0,0.8236770550094122,0.8632178868917142,0.7876,5000.0
1,0.8384748036022227,0.804707613093049,0.8752,5000.0
accuracy,0.8314,0.8314,0.8314,0.8314
macro avg,0.8310759293058174,0.8339627499923816,0.8313999999999999,10000.0
weighted avg,0.8310759293058174,0.8339627499923816,0.8314,10000.0
