,f1-score,precision,recall,support
0,0.8215261719571157,0.8657509968985379,0.7816,5000.0
1,0.8380698073621973,0.8009478672985783,0.8788,5000.0
accuracy,0.8302,0.8302,0.8302,0.8302
macro avg,0.8297979896596566,0.833349432098558,0.8302,10000.0
weighted avg,0.8297979896596563,0.833349432098558,0.8302,10000.0
