,f1-score,precision,recall,support
0,0.7872763419483101,0.825543120473996,0.7524,5000.0
1,0.8053241405726324,0.7725519015248944,0.841,5000.0
accuracy,0.7967,0.7967,0.7967,0.7967
macro avg,0.7963002412604712,0.7990475109994453,0.7967,10000.0
weighted avg,0.7963002412604712,0.7990475109994452,0.7967,10000.0
