,f1-score,precision,recall,support
0,0.8348909657320872,0.8682505399568035,0.804,5000.0
1,0.8466730954676952,0.8175046554934823,0.878,5000.0
accuracy,0.841,0.841,0.841,0.841
macro avg,0.8407820305998912,0.8428775977251428,0.841,10000.0
weighted avg,0.8407820305998912,0.8428775977251429,0.841,10000.0
