,f1-score,precision,recall,support
0,0.8480415744394187,0.8172880727137822,0.8812,5000.0
1,0.8356748881257154,0.8711217183770883,0.803,5000.0
accuracy,0.8421,0.8421,0.8421,0.8421
macro avg,0.8418582312825671,0.8442048955454353,0.8421000000000001,10000.0
weighted avg,0.8418582312825671,0.8442048955454353,0.8421,10000.0
