,f1-score,precision,recall,support
0,0.8470811580446131,0.8061427280939476,0.8924,5000.0
1,0.8297939778129952,0.8795072788353864,0.7854,5000.0
accuracy,0.8389,0.8389,0.8389,0.8389
macro avg,0.8384375679288042,0.8428250034646669,0.8389,10000.0
weighted avg,0.8384375679288041,0.8428250034646669,0.8389,10000.0
