,f1-score,precision,recall,support
0,0.8431755160727123,0.8665822250369433,0.821,5000.0
1,0.8512130955860858,0.8299448983469504,0.8736,5000.0
accuracy,0.8473,0.8473,0.8473,0.8473
macro avg,0.8471943058293991,0.8482635616919468,0.8472999999999999,10000.0
weighted avg,0.8471943058293991,0.8482635616919468,0.8473,10000.0
