,f1-score,precision,recall,support
0,0.8637259989621173,0.8977346278317152,0.8322,5000.0
1,0.8733236854799806,0.8436160298229264,0.9052,5000.0
accuracy,0.8687,0.8687,0.8687,0.8687
macro avg,0.868524842221049,0.8706753288273208,0.8687,10000.0
weighted avg,0.8685248422210491,0.8706753288273208,0.8687,10000.0
