,f1-score,precision,recall,support
0,0.8641055656060445,0.9233568342051399,0.812,5000.0
1,0.8795623880033953,0.832232732464751,0.9326,5000.0
accuracy,0.8723,0.8723,0.8723,0.8723
macro avg,0.8718339768047199,0.8777947833349455,0.8723000000000001,10000.0
weighted avg,0.8718339768047199,0.8777947833349455,0.8723,10000.0
