,f1-score,precision,recall,support
0,0.8518665607625099,0.8458201892744479,0.858,5000.0
1,0.8497179693795326,0.8559253246753247,0.8436,5000.0
accuracy,0.8508,0.8508,0.8508,0.8508
macro avg,0.8507922650710212,0.8508727569748863,0.8508,10000.0
weighted avg,0.8507922650710212,0.8508727569748862,0.8508,10000.0
