,f1-score,precision,recall,support
0,0.8797830671889124,0.8835989509784143,0.876,5000.0
1,0.8808125062232401,0.8770573071584374,0.8846,5000.0
accuracy,0.8803,0.8803,0.8803,0.8803
macro avg,0.8802977867060763,0.880328129068426,0.8803000000000001,10000.0
weighted avg,0.8802977867060763,0.880328129068426,0.8803,10000.0
