,f1-score,precision,recall,support
0,0.8537663335895465,0.821560650887574,0.8886,5000.0
1,0.841326105087573,0.8787020905923345,0.807,5000.0
accuracy,0.8478,0.8478,0.8478,0.8478
macro avg,0.8475462193385597,0.8501313707399543,0.8478,10000.0
weighted avg,0.8475462193385596,0.8501313707399543,0.8478,10000.0
