,f1-score,precision,recall,support
0,0.8812166050143855,0.9061707523245984,0.8576,5000.0
1,0.8874172185430463,0.8648443432042521,0.9112,5000.0
accuracy,0.8844,0.8844,0.8844,0.8844
macro avg,0.884316911778716,0.8855075477644252,0.8844000000000001,10000.0
weighted avg,0.8843169117787159,0.8855075477644252,0.8844,10000.0
