,f1-score,precision,recall,support
0,0.8538000196637499,0.8396828466447496,0.8684,5000.0
1,0.8487129921660392,0.8637399047421827,0.8342,5000.0
accuracy,0.8513,0.8513,0.8513,0.8513
macro avg,0.8512565059148945,0.8517113756934661,0.8513,10000.0
weighted avg,0.8512565059148947,0.8517113756934661,0.8513,10000.0
