,f1-score,precision,recall,support
0,0.8864541832669321,0.8829365079365079,0.89,5000.0
1,0.8855421686746987,0.8891129032258065,0.882,5000.0
accuracy,0.886,0.886,0.886,0.886
macro avg,0.8859981759708154,0.8860247055811572,0.886,10000.0
weighted avg,0.8859981759708154,0.8860247055811571,0.886,10000.0
