,f1-score,precision,recall,support
0,0.7526807333102733,0.8886468826572285,0.6528,5000.0
1,0.8106294694093759,0.7256203571993046,0.9182,5000.0
accuracy,0.7855,0.7855,0.7855,0.7855
macro avg,0.7816551013598245,0.8071336199282666,0.7855000000000001,10000.0
weighted avg,0.7816551013598246,0.8071336199282666,0.7855,10000.0
