,f1-score,precision,recall,support
0,0.8067632850241546,0.8943524829600779,0.7348,5000.0
1,0.8384135145060595,0.774949083503055,0.9132,5000.0
accuracy,0.824,0.824,0.824,0.824
macro avg,0.8225883997651071,0.8346507832315664,0.8240000000000001,10000.0
weighted avg,0.822588399765107,0.8346507832315665,0.824,10000.0
