,f1-score,precision,recall,support
0,0.8083324148572688,0.9003191750552418,0.7334,5000.0
1,0.8408529331014918,0.775097013666273,0.9188,5000.0
accuracy,0.8261,0.8261,0.8261,0.8261
macro avg,0.8245926739793803,0.8377080943607574,0.8261000000000001,10000.0
weighted avg,0.8245926739793802,0.8377080943607574,0.8261,10000.0
