,f1-score,precision,recall,support
0,0.8465577018325904,0.8386653581943081,0.8546,5000.0
1,0.8436143361938415,0.8517838939857288,0.8356,5000.0
accuracy,0.8451,0.8451,0.8451,0.8451
macro avg,0.8450860190132159,0.8452246260900185,0.8451,10000.0
weighted avg,0.845086019013216,0.8452246260900185,0.8451,10000.0
