,f1-score,precision,recall,support
0,0.8084054388133499,0.9225442421133624,0.7194,5000.0
1,0.8464102333123142,0.7700376987379118,0.9396,5000.0
accuracy,0.8295,0.8295,0.8295,0.8295
macro avg,0.8274078360628321,0.8462909704256372,0.8295,10000.0
weighted avg,0.8274078360628321,0.8462909704256372,0.8295,10000.0
