,f1-score,precision,recall,support
0,0.8489916379734382,0.8354307841239109,0.863,5000.0
1,0.8439247585155059,0.8583247156153051,0.83,5000.0
accuracy,0.8465,0.8465,0.8465,0.8465
macro avg,0.8464581982444721,0.8468777498696081,0.8465,10000.0
weighted avg,0.8464581982444721,0.846877749869608,0.8465,10000.0
