,f1-score,precision,recall,support
0,0.8286200297682329,0.8844757149341806,0.7794,5000.0
1,0.8478383990938266,0.802824454772971,0.8982,5000.0
accuracy,0.8388,0.8388,0.8388,0.8388
macro avg,0.8382292144310297,0.8436500848535758,0.8388,10000.0
weighted avg,0.8382292144310297,0.843650084853576,0.8388,10000.0
