,f1-score,precision,recall,support
0,0.843048403707518,0.8690021231422506,0.8186,5000.0
1,0.8518950437317785,0.8285444234404536,0.8766,5000.0
accuracy,0.8476,0.8476,0.8476,0.8476
macro avg,0.8474717237196483,0.8487732732913521,0.8476,10000.0
weighted avg,0.8474717237196481,0.8487732732913522,0.8476,10000.0
