,f1-score,precision,recall,support
0,0.8475499092558983,0.8546156974379829,0.8406,5000.0
1,0.8500297560007934,0.8431719795356158,0.857,5000.0
accuracy,0.8488,0.8488,0.8488,0.8488
macro avg,0.8487898326283458,0.8488938384867994,0.8488,10000.0
weighted avg,0.848789832628346,0.8488938384867993,0.8488,10000.0
