,f1-score,precision,recall,support
0,0.8546754020250149,0.8572281959378734,0.8521377672209026,3368.0
1,0.8555358200118414,0.8530106257378984,0.8580760095011877,3368.0
accuracy,0.8551068883610451,0.8551068883610451,0.8551068883610451,0.8551068883610451
macro avg,0.8551056110184281,0.8551194108378859,0.8551068883610451,6736.0
weighted avg,0.8551056110184282,0.8551194108378858,0.8551068883610451,6736.0
