,f1-score,precision,recall,support
0,0.8551078551078551,0.8703396851698426,0.8404,5000.0
1,0.8600078647267008,0.845707656612529,0.8748,5000.0
accuracy,0.8576,0.8576,0.8576,0.8576
macro avg,0.857557859917278,0.8580236708911858,0.8576,10000.0
weighted avg,0.8575578599172778,0.8580236708911858,0.8576,10000.0
