,f1-score,precision,recall,support
0,0.8671262926982137,0.9007161458333334,0.83595166163142,3310.0
1,0.8862965942611961,0.8588877338877339,0.9155124653739612,3610.0
accuracy,0.8774566473988439,0.8774566473988439,0.8774566473988439,0.8774566473988439
macro avg,0.876711443479705,0.8798019398605337,0.8757320635026906,6920.0
weighted avg,0.8771269846985557,0.878895254630499,0.8774566473988439,6920.0
