,f1-score,precision,recall,support
0,0.8892206628844431,0.8789846517119244,0.8996978851963746,3310.0
1,0.8961075329039485,0.9060022650056625,0.8864265927977839,3610.0
accuracy,0.8927745664739885,0.8927745664739885,0.8927745664739885,0.8927745664739885
macro avg,0.8926640978941958,0.8924934583587935,0.8930622389970793,6920.0
weighted avg,0.8928133797587805,0.8930791002654497,0.8927745664739885,6920.0
