,f1-score,precision,recall,support
0,0.8530465949820788,0.8728606356968215,0.8341121495327103,428.0
1,0.86438809261301,0.8466522678185745,0.8828828828828829,444.0
accuracy,0.8589449541284404,0.8589449541284404,0.8589449541284404,0.8589449541284404
macro avg,0.8587173437975444,0.859756451757698,0.8584975162077966,872.0
weighted avg,0.8588213942345254,0.8595160080156956,0.8589449541284404,872.0
