,f1-score,precision,recall,support
0,0.9023699508123415,0.8905560458958517,0.9145015105740181,3310.0
1,0.9081475248913196,0.9196251065038341,0.8969529085872576,3610.0
accuracy,0.9053468208092486,0.9053468208092486,0.9053468208092486,0.9053468208092486
macro avg,0.9052587378518305,0.9050905761998429,0.9057272095806379,6920.0
weighted avg,0.9053839742841783,0.9057206858951027,0.9053468208092486,6920.0
