,f1-score,precision,recall,support
0,0.8539576365663323,0.8166311300639659,0.8948598130841121,428.0
1,0.845336481700118,0.8883374689826302,0.8063063063063063,444.0
accuracy,0.8497706422018348,0.8497706422018348,0.8497706422018348,0.8497706422018348
macro avg,0.8496470591332251,0.8524842995232981,0.8505830596952092,872.0
weighted avg,0.8495679659693148,0.8531421558436527,0.8497706422018348,872.0
