,f1-score,precision,recall,support
0,0.8323424494649226,0.847457627118644,0.8177570093457944,428.0
1,0.8438538205980067,0.8300653594771242,0.8581081081081081,444.0
accuracy,0.838302752293578,0.838302752293578,0.838302752293578,0.838302752293578
macro avg,0.8380981350314647,0.8387614932978842,0.8379325587269513,872.0
weighted avg,0.8382037439409425,0.8386019312094298,0.838302752293578,872.0
