,f1-score,precision,recall,support
0,0.8511879949979158,0.788011319783895,0.9253776435045318,3310.0
1,0.8387776606954688,0.9185624793933399,0.7717451523545706,3610.0
accuracy,0.8452312138728324,0.8452312138728324,0.8452312138728324,0.8452312138728324
macro avg,0.8449828278466922,0.8532868995886175,0.8485613979295512,6920.0
weighted avg,0.8447138177100785,0.8561167657651229,0.8452312138728324,6920.0
