,f1-score,precision,recall,support
0,0.8526826311003335,0.8555352798053528,0.8498489425981873,3310.0
1,0.8657829328914666,0.8631607929515418,0.868421052631579,3610.0
accuracy,0.8595375722543352,0.8595375722543352,0.8595375722543352,0.8595375722543352
macro avg,0.8592327819959,0.8593480363784474,0.8591349976148832,6920.0
weighted avg,0.8595167480751875,0.8595133292934658,0.8595375722543352,6920.0
