,f1-score,precision,recall,support
0,0.8554307116104868,0.8484398216939079,0.8625377643504532,3310.0
1,0.865317515701326,0.8720112517580872,0.8587257617728532,3610.0
accuracy,0.8605491329479769,0.8605491329479769,0.8605491329479769,0.8605491329479769
macro avg,0.8603741136559064,0.8602255367259976,0.8606317630616531,6920.0
weighted avg,0.8605884229931355,0.8607364781291228,0.8605491329479769,6920.0
