,f1-score,precision,recall,support
0,0.8312849162011173,0.7965738758029979,0.8691588785046729,428.0
1,0.8221436984687868,0.8617283950617284,0.786036036036036,444.0
accuracy,0.8268348623853211,0.8268348623853211,0.8268348623853211,0.8268348623853211
macro avg,0.8267143073349521,0.8291511354323631,0.8275974572703544,872.0
weighted avg,0.8266304429520867,0.8297488833154707,0.8268348623853211,872.0
