,f1-score,precision,recall,support
0,0.8427092079485028,0.7849322210636079,0.9096676737160121,3310.0
1,0.8320884374066327,0.9030479896238651,0.7714681440443213,3610.0
accuracy,0.8375722543352602,0.8375722543352602,0.8375722543352602,0.8375722543352602
macro avg,0.8373988226775677,0.8439901053437365,0.8405679088801667,6920.0
weighted avg,0.8371686036629319,0.8465504182460544,0.8375722543352602,6920.0
