,f1-score,precision,recall,support
0,0.8166259168704157,0.8564102564102564,0.780373831775701,428.0
1,0.8380129589632829,0.8049792531120332,0.8738738738738738,444.0
accuracy,0.8279816513761468,0.8279816513761468,0.8279816513761468,0.8279816513761468
macro avg,0.8273194379168494,0.8306947547611447,0.8271238528247874,872.0
weighted avg,0.8275156493121967,0.8302229106941886,0.8279816513761468,872.0
