,f1-score,precision,recall,support
0,0.8504743261556995,0.8477934554187931,0.8531722054380665,3310.0
1,0.8620641755799416,0.8645862357202564,0.8595567867036011,3610.0
accuracy,0.8565028901734104,0.8565028901734104,0.8565028901734104,0.8565028901734104
macro avg,0.8562692508678206,0.8561898455695247,0.8563644960708339,6920.0
weighted avg,0.8565204759275945,0.8565538509228803,0.8565028901734104,6920.0
