,f1-score,precision,recall,support
0,0.829736211031175,0.8522167487684729,0.8084112149532711,428.0
1,0.8439560439560441,0.8240343347639485,0.8648648648648649,444.0
accuracy,0.8371559633027523,0.8371559633027523,0.8371559633027523,0.8371559633027523
macro avg,0.8368461274936095,0.8381255417662107,0.836638039909068,872.0
weighted avg,0.8369765846764063,0.8378669875092885,0.8371559633027523,872.0
