,f1-score,precision,recall,support
0,0.8639976008397061,0.8576957427805895,0.870392749244713,3310.0
1,0.8735183377492679,0.8795282224094355,0.867590027700831,3610.0
accuracy,0.8689306358381503,0.8689306358381503,0.8689306358381503,0.8689306358381503
macro avg,0.868757969294487,0.8686119825950125,0.868991388472772,6920.0
weighted avg,0.8689643436494631,0.8690852299858112,0.8689306358381503,6920.0
