,f1-score,precision,recall,support
0,0.8584371460928653,0.832967032967033,0.8855140186915887,428.0
1,0.8548199767711963,0.882494004796163,0.8288288288288288,444.0
accuracy,0.856651376146789,0.856651376146789,0.856651376146789,0.856651376146789
macro avg,0.8566285614320308,0.857730518881598,0.8571714237602088,872.0
weighted avg,0.8565953763923824,0.8581848947699386,0.856651376146789,872.0
