,f1-score,precision,recall,support
0,0.8790896159317212,0.8306451612903226,0.9335347432024169,3310.0
1,0.8751835535976505,0.93125,0.8254847645429363,3610.0
accuracy,0.8771676300578035,0.8771676300578035,0.8771676300578035,0.8771676300578035
macro avg,0.8771365847646859,0.8809475806451613,0.8795097538726766,6920.0
weighted avg,0.8770519157834559,0.883128321368637,0.8771676300578035,6920.0
