,f1-score,precision,recall,support
0,0.8374384236453202,0.8854166666666666,0.794392523364486,428.0
1,0.8583690987124463,0.819672131147541,0.9009009009009009,444.0
accuracy,0.8486238532110092,0.8486238532110092,0.8486238532110092,0.8486238532110092
macro avg,0.8479037611788832,0.8525443989071038,0.8476467121326934,872.0
weighted avg,0.8480957857207834,0.8519412380307816,0.8486238532110092,872.0
