,f1-score,precision,recall,support
0,0.8516746411483254,0.8725490196078431,0.8317757009345794,428.0
1,0.8634361233480176,0.8448275862068966,0.8828828828828829,444.0
accuracy,0.8577981651376146,0.8577981651376146,0.8577981651376146,0.8577981651376146
macro avg,0.8575553822481714,0.8586883029073699,0.8573292919087312,872.0
weighted avg,0.8576632857545906,0.8584339778302971,0.8577981651376146,872.0
