,f1-score,precision,recall,support
0,0.8455089820359283,0.8673218673218673,0.8247663551401869,428.0
1,0.8580858085808581,0.8387096774193549,0.8783783783783784,444.0
accuracy,0.8520642201834863,0.8520642201834863,0.8520642201834863,0.8520642201834863
macro avg,0.8517973953083933,0.8530157723706111,0.8515723667592827,872.0
weighted avg,0.8519127790381632,0.8527532752155421,0.8520642201834863,872.0
