,f1-score,precision,recall,support
0,0.8835920177383592,0.8934977578475336,0.8739035087719298,912.0
1,0.8857453754080522,0.876210979547901,0.8954895489548955,909.0
accuracy,0.8846787479406919,0.8846787479406919,0.8846787479406919,0.8846787479406919
macro avg,0.8846686965732057,0.8848543686977173,0.8846965288634127,1821.0
weighted avg,0.8846669228024728,0.8848686082185572,0.8846787479406919,1821.0
