,f1-score,precision,recall,support
0,0.8970169389896567,0.890211246652782,0.9039274924471299,3310.0
1,0.9041707351094993,0.9106490587243607,0.8977839335180056,3610.0
accuracy,0.9007225433526012,0.9007225433526012,0.9007225433526012,0.9007225433526012
macro avg,0.9005938370495781,0.9004301526885714,0.9008557129825677,6920.0
weighted avg,0.9007489048845458,0.9008731688461924,0.9007225433526012,6920.0
