,f1-score,precision,recall,support
0,0.6828852937598834,0.8714684880471903,0.5614,5000.0
1,0.7786739111978946,0.6765009588434873,0.9172,5000.0
accuracy,0.7393,0.7393,0.7393,0.7393
macro avg,0.7307796024788891,0.7739847234453388,0.7393000000000001,10000.0
weighted avg,0.730779602478889,0.7739847234453388,0.7393,10000.0
