,f1-score,precision,recall,support
0,0.8259718250185363,0.8779554154469714,0.7798,5000.0
1,0.8443981437636139,0.8019427954668106,0.8916,5000.0
accuracy,0.8357,0.8357,0.8357,0.8357
macro avg,0.835184984391075,0.839949105456891,0.8357,10000.0
weighted avg,0.835184984391075,0.8399491054568909,0.8357,10000.0
