,f1-score,precision,recall,support
0,0.8700084961767204,0.8238870016091543,0.9216,5000.0
1,0.8536196449452536,0.9110506013160881,0.803,5000.0
accuracy,0.8623,0.8623,0.8623,0.8623
macro avg,0.8618140705609869,0.8674688014626212,0.8623000000000001,10000.0
weighted avg,0.8618140705609869,0.8674688014626212,0.8623,10000.0
