,f1-score,precision,recall,support
0,0.80661267058693,0.905806130077249,0.727,5000.0
1,0.841357968508237,0.7720060130282278,0.9244,5000.0
accuracy,0.8257,0.8257,0.8257,0.8257
macro avg,0.8239853195475835,0.8389060715527383,0.8257,10000.0
weighted avg,0.8239853195475835,0.8389060715527383,0.8257,10000.0
