,f1-score,precision,recall,support
0,0.8404928404928405,0.9443751558992267,0.7572,5000.0
1,0.8692566645437176,0.7973627107327658,0.9554,5000.0
accuracy,0.8563,0.8563,0.8563,0.8563
macro avg,0.854874752518279,0.8708689333159962,0.8563000000000001,10000.0
weighted avg,0.854874752518279,0.8708689333159962,0.8563,10000.0
