,f1-score,precision,recall,support
0,0.8776616337591947,0.8503375843960991,0.9068,5000.0
1,0.8692594124948284,0.9001713796058269,0.8404,5000.0
accuracy,0.8736,0.8736,0.8736,0.8736
macro avg,0.8734605231270116,0.875254482000963,0.8736,10000.0
weighted avg,0.8734605231270116,0.8752544820009629,0.8736,10000.0
