,f1-score,precision,recall,support
0,0.8521183053557153,0.8514376996805112,0.8528,5000.0
1,0.8518815052041633,0.8525641025641025,0.8512,5000.0
accuracy,0.852,0.852,0.852,0.852
macro avg,0.8519999052799393,0.8520009011223069,0.852,10000.0
weighted avg,0.8519999052799394,0.8520009011223069,0.852,10000.0
