,f1-score,precision,recall,support
0,0.8577350111028867,0.8553291998819014,0.8601543942992874,3368.0
1,0.8569301771624237,0.8593610032845626,0.8545130641330166,3368.0
accuracy,0.857333729216152,0.857333729216152,0.857333729216152,0.857333729216152
macro avg,0.8573325941326553,0.857345101583232,0.857333729216152,6736.0
weighted avg,0.8573325941326552,0.8573451015832319,0.857333729216152,6736.0
