,f1-score,precision,recall,support
0,0.8828464570908722,0.8924994890660126,0.8734,5000.0
1,0.8853270010883547,0.8760524769923634,0.8948,5000.0
accuracy,0.8841,0.8841,0.8841,0.8841
macro avg,0.8840867290896135,0.884275983029188,0.8841,10000.0
weighted avg,0.8840867290896134,0.8842759830291881,0.8841,10000.0
