,f1-score,precision,recall,support
0,0.8560679949839767,0.7944142746314973,0.9280966767371601,3310.0
1,0.8449647306018311,0.9220438912545038,0.7797783933518005,3610.0
accuracy,0.8507225433526011,0.8507225433526011,0.8507225433526011,0.8507225433526011
macro avg,0.8505163627929039,0.8582290829430006,0.8539375350444803,6920.0
weighted avg,0.8502756850967591,0.8609956208755801,0.8507225433526011,6920.0
