,f1-score,precision,recall,support
0,0.8271604938271604,0.8769633507853403,0.7827102803738317,428.0
1,0.8501070663811563,0.810204081632653,0.8941441441441441,444.0
accuracy,0.8394495412844036,0.8394495412844036,0.8394495412844036,0.8394495412844036
macro avg,0.8386337801041583,0.8435837162089966,0.838427212258988,872.0
weighted avg,0.8388442991184152,0.8429712458497977,0.8394495412844036,872.0
