,f1-score,precision,recall,support
0,0.8633828996282529,0.8858868404322949,0.8419939577039275,3310.0
1,0.8805525460455038,0.8614202437731849,0.9005540166204986,3610.0
accuracy,0.8725433526011561,0.8725433526011561,0.8725433526011561,0.8725433526011561
macro avg,0.8719677228368783,0.8736535421027399,0.871273987162213,6920.0
weighted avg,0.8723398972534373,0.8731231967994355,0.8725433526011561,6920.0
