,f1-score,precision,recall,support
0,0.8560025542784163,0.9075829383886256,0.8099697885196374,3310.0
1,0.8809398099260823,0.8414019162884518,0.9243767313019391,3610.0
accuracy,0.8696531791907515,0.8696531791907515,0.8696531791907515,0.8696531791907515
macro avg,0.8684711821022493,0.8744924273385387,0.8671732599107882,6920.0
weighted avg,0.8690117295512594,0.8730578676109338,0.8696531791907515,6920.0
