,f1-score,precision,recall,support
0,0.8835304822565969,0.8870280146163215,0.8800604229607251,3310.0
1,0.8940104885454044,0.8908140814081408,0.897229916897507,3610.0
accuracy,0.8890173410404625,0.8890173410404625,0.8890173410404625,0.8890173410404625
macro avg,0.8887704854010007,0.8889210480122312,0.888645169929116,6920.0
weighted avg,0.8889976531673766,0.8890031159340192,0.8890173410404625,6920.0
