,f1-score,precision,recall,support
0,0.7880364109232769,0.8885630498533724,0.7079439252336449,428.0
1,0.8328205128205127,0.7645951035781544,0.9144144144144144,444.0
accuracy,0.8130733944954128,0.8130733944954128,0.8130733944954128,0.8130733944954128
macro avg,0.8104284618718949,0.8265790767157635,0.8111791698240296,872.0
weighted avg,0.8108393251920529,0.8254417561077338,0.8130733944954128,872.0
