,f1-score,precision,recall,support
0,0.8045860731748441,0.910339565051507,0.720845921450151,3310.0
1,0.8534580857251232,0.78506629448709,0.9349030470914127,3610.0
accuracy,0.832514450867052,0.832514450867052,0.832514450867052,0.832514450867052
macro avg,0.8290220794499836,0.8477029297692985,0.8278744842707819,6920.0
weighted avg,0.8300814438838768,0.8449874687021508,0.832514450867052,6920.0
