,f1-score,precision,recall,support
0,0.843159065628476,0.8046709129511678,0.8855140186915887,428.0
1,0.8331360946745563,0.8778054862842892,0.7927927927927928,444.0
accuracy,0.838302752293578,0.838302752293578,0.838302752293578,0.838302752293578
macro avg,0.8381475801515161,0.8412381996177285,0.8391534057421908,872.0
weighted avg,0.8380556262895535,0.8419091590061057,0.838302752293578,872.0
