,f1-score,precision,recall,support
0,0.8698553948832035,0.8057702215352911,0.9450151057401812,3310.0
1,0.8592057761732852,0.9400921658986175,0.7911357340720222,3610.0
accuracy,0.8647398843930636,0.8647398843930636,0.8647398843930636,0.8647398843930636
macro avg,0.8645305855282444,0.8729311937169544,0.8680754199061017,6920.0
weighted avg,0.8642997411920467,0.8758427965571998,0.8647398843930636,6920.0
