,f1-score,precision,recall,support
0,0.8533333333333333,0.8135593220338984,0.897196261682243,428.0
1,0.8436018957345972,0.89,0.8018018018018018,444.0
accuracy,0.8486238532110092,0.8486238532110092,0.8486238532110092,0.8486238532110092
macro avg,0.8484676145339652,0.8517796610169492,0.8494990317420223,872.0
weighted avg,0.8483783352899402,0.8524809516404915,0.8486238532110092,872.0
