,f1-score,precision,recall,support
0,0.8761799000555247,0.8875140607424072,0.8651315789473685,912.0
1,0.8788701792504073,0.8680257510729614,0.88998899889989,909.0
accuracy,0.8775398132894014,0.8775398132894014,0.8775398132894014,0.8775398132894014
macro avg,0.877525039652966,0.8777699059076843,0.8775602889236293,1821.0
weighted avg,0.8775228236075008,0.8777859588810529,0.8775398132894014,1821.0
