,f1-score,precision,recall,support
0,0.8911901545850218,0.8854756934088875,0.8969788519637463,3310.0
1,0.8989828619200223,0.9044014578076816,0.8936288088642659,3610.0
accuracy,0.8952312138728323,0.8952312138728323,0.8952312138728323,0.8952312138728323
macro avg,0.8950865082525221,0.8949385756082846,0.8953038304140061,6920.0
weighted avg,0.8952554253190321,0.8953488161660619,0.8952312138728323,6920.0
