,f1-score,precision,recall,support
0,0.7463458511355969,0.852336928608115,0.6638,5000.0
1,0.7968665586169638,0.7246970193252539,0.885,5000.0
accuracy,0.7744,0.7744,0.7744,0.7744
macro avg,0.7716062048762804,0.7885169739666844,0.7744,10000.0
weighted avg,0.7716062048762804,0.7885169739666844,0.7744,10000.0
