,f1-score,precision,recall,support
0,0.742151195738411,0.8563955009155114,0.6548,5000.0
1,0.7964570099311086,0.7205763315525336,0.8902,5000.0
accuracy,0.7725,0.7725,0.7725,0.7725
macro avg,0.7693041028347598,0.7884859162340225,0.7725,10000.0
weighted avg,0.7693041028347598,0.7884859162340224,0.7725,10000.0
