,f1-score,precision,recall,support
0,0.7806531811504124,0.8973759418030657,0.6908,5000.0
1,0.825934893731504,0.7486587546740368,0.921,5000.0
accuracy,0.8059,0.8059,0.8059,0.8059
macro avg,0.8032940374409582,0.8230173482385512,0.8059000000000001,10000.0
weighted avg,0.8032940374409582,0.8230173482385511,0.8059,10000.0
