,f1-score,precision,recall,support
0,0.845790336580191,0.8167256472341218,0.877,5000.0
1,0.8339736268300282,0.8671993090045347,0.8032,5000.0
accuracy,0.8401,0.8401,0.8401,0.8401
macro avg,0.8398819817051095,0.8419624781193282,0.8401000000000001,10000.0
weighted avg,0.8398819817051095,0.8419624781193282,0.8401,10000.0
