,f1-score,precision,recall,support
0,0.8561369193154034,0.8377033492822966,0.8754,5000.0
1,0.8495140664961637,0.8695287958115183,0.8304,5000.0
accuracy,0.8529,0.8529,0.8529,0.8529
macro avg,0.8528254929057835,0.8536160725469075,0.8529,10000.0
weighted avg,0.8528254929057836,0.8536160725469075,0.8529,10000.0
