,f1-score,precision,recall,support
0,0.8587418385324904,0.891159389115939,0.8286,5000.0
1,0.8683219012655782,0.8398430199962624,0.8988,5000.0
accuracy,0.8637,0.8637,0.8637,0.8637
macro avg,0.8635318698990343,0.8655012045561007,0.8637,10000.0
weighted avg,0.8635318698990344,0.8655012045561007,0.8637,10000.0
