,f1-score,precision,recall,support
0,0.844350111178492,0.8534940743767879,0.8354,5000.0
1,0.8476152780526419,0.8388170779475127,0.8566,5000.0
accuracy,0.846,0.846,0.846,0.846
macro avg,0.845982694615567,0.8461555761621503,0.8460000000000001,10000.0
weighted avg,0.845982694615567,0.8461555761621504,0.846,10000.0
