,f1-score,precision,recall,support
0,0.8676816184734852,0.8869855859619804,0.8492,5000.0
1,0.8732008224811515,0.8553615960099751,0.8918,5000.0
accuracy,0.8705,0.8705,0.8705,0.8705
macro avg,0.8704412204773184,0.8711735909859777,0.8705,10000.0
weighted avg,0.8704412204773183,0.8711735909859777,0.8705,10000.0
