,f1-score,precision,recall,support
0,0.8476794523306151,0.8534360429758767,0.842,5000.0
1,0.8497069633455846,0.8440892046575883,0.8554,5000.0
accuracy,0.8487,0.8487,0.8487,0.8487
macro avg,0.8486932078380999,0.8487626238167325,0.8487,10000.0
weighted avg,0.8486932078380998,0.8487626238167326,0.8487,10000.0
