,f1-score,precision,recall,support
0,0.873502538071066,0.8870103092783506,0.8604,5000.0
1,0.8772413793103447,0.8644660194174757,0.8904,5000.0
accuracy,0.8754,0.8754,0.8754,0.8754
macro avg,0.8753719586907054,0.8757381643479132,0.8754,10000.0
weighted avg,0.8753719586907053,0.8757381643479132,0.8754,10000.0
