,f1-score,precision,recall,support
0,0.8307132926959684,0.8926683521029648,0.7768,5000.0
1,0.8513475443703634,0.8024429102496017,0.9066,5000.0
accuracy,0.8417,0.8417,0.8417,0.8417
macro avg,0.8410304185331658,0.8475556311762833,0.8417,10000.0
weighted avg,0.841030418533166,0.8475556311762833,0.8417,10000.0
