,f1-score,precision,recall,support
0,0.8634408602150537,0.9337209302325581,0.803,5000.0
1,0.8813084112149533,0.8271929824561404,0.943,5000.0
accuracy,0.873,0.873,0.873,0.873
macro avg,0.8723746357150035,0.8804569563443492,0.873,10000.0
weighted avg,0.8723746357150034,0.8804569563443493,0.873,10000.0
