,f1-score,precision,recall,support
0,0.8566450488820057,0.8300506471581317,0.885,5000.0
1,0.8468300754990176,0.8768472906403941,0.8188,5000.0
accuracy,0.8519,0.8519,0.8519,0.8519
macro avg,0.8517375621905117,0.8534489688992629,0.8519,10000.0
weighted avg,0.8517375621905118,0.8534489688992629,0.8519,10000.0
