,f1-score,precision,recall,support
0,0.8848413631022327,0.8668457405986185,0.9036,5000.0
1,0.8798528810788719,0.8993316624895572,0.8612,5000.0
accuracy,0.8824,0.8824,0.8824,0.8824
macro avg,0.8823471220905523,0.8830887015440878,0.8824,10000.0
weighted avg,0.8823471220905523,0.8830887015440878,0.8824,10000.0
