,f1-score,precision,recall,support
0,0.8822808093194359,0.9020058503969912,0.8634,5000.0
1,0.8872136283532406,0.8690065209052551,0.9062,5000.0
accuracy,0.8848,0.8848,0.8848,0.8848
macro avg,0.8847472188363382,0.8855061856511232,0.8848,10000.0
weighted avg,0.8847472188363383,0.885506185651123,0.8848,10000.0
