,f1-score,precision,recall,support
0,0.8411185255799174,0.8870643431635389,0.7996978851963746,3310.0
1,0.8674794593161941,0.8315548780487805,0.9066481994459834,3610.0
accuracy,0.8554913294797688,0.8554913294797688,0.8554913294797688,0.8554913294797688
macro avg,0.8542989924480557,0.8593096106061597,0.853173042321179,6920.0
weighted avg,0.8548703999712409,0.8581063707554063,0.8554913294797688,6920.0
