,f1-score,precision,recall,support
0,0.8664320900774103,0.8110671936758893,0.9299093655589123,3310.0
1,0.8590942835931701,0.92576,0.8013850415512466,3610.0
accuracy,0.8628612716763006,0.8628612716763006,0.8628612716763006,0.8628612716763006
macro avg,0.8627631868352902,0.8684135968379447,0.8656472035550795,6920.0
weighted avg,0.8626041303363543,0.8708997125819644,0.8628612716763006,6920.0
