,f1-score,precision,recall,support
0,0.8452914798206278,0.8125,0.8808411214953271,428.0
1,0.8380281690140845,0.875,0.8040540540540541,444.0
accuracy,0.841743119266055,0.841743119266055,0.841743119266055,0.841743119266055
macro avg,0.8416598244173561,0.84375,0.8424475877746906,872.0
weighted avg,0.841593188538397,0.8443233944954128,0.841743119266055,872.0
