,f1-score,precision,recall,support
0,0.8776917663617171,0.8216073781291172,0.9419939577039275,3310.0
1,0.8709725315515963,0.93856,0.8124653739612189,3610.0
accuracy,0.874421965317919,0.874421965317919,0.874421965317919,0.874421965317919
macro avg,0.8743321489566567,0.8800836890645586,0.8772296658325731,6920.0
weighted avg,0.8741865008032581,0.8826187892496211,0.874421965317919,6920.0
