,f1-score,precision,recall,support
0,0.8539325842696629,0.8225108225108225,0.8878504672897196,428.0
1,0.8477751756440282,0.8829268292682927,0.8153153153153153,444.0
accuracy,0.8509174311926605,0.8509174311926605,0.8509174311926605,0.8509174311926605
macro avg,0.8508538799568455,0.8527188258895576,0.8515828913025174,872.0
weighted avg,0.8507973899694544,0.8532731011809106,0.8509174311926605,872.0
