,f1-score,precision,recall,support
0,0.8843728100911001,0.8248366013071895,0.9531722054380665,3310.0
1,0.8769574944071589,0.9499192245557351,0.814404432132964,3610.0
accuracy,0.8807803468208093,0.8807803468208093,0.8807803468208093,0.8807803468208093
macro avg,0.8806651522491296,0.8873779129314623,0.8837883187855152,6920.0
weighted avg,0.8805044156374834,0.8900892414700868,0.8807803468208093,6920.0
