,f1-score,precision,recall,support
0,0.8785046728971961,0.8809261300992283,0.8760964912280702,912.0
1,0.8787712561711465,0.8763676148796499,0.8811881188118812,909.0
accuracy,0.8786381109280615,0.8786381109280615,0.8786381109280615,0.8786381109280615
macro avg,0.8786379645341713,0.8786468724894391,0.8786423050199756,1821.0
weighted avg,0.878637744943336,0.8786506274443151,0.8786381109280615,1821.0
