,f1-score,precision,recall,support
0,0.8906507105459985,0.8820740740740741,0.8993957703927492,3310.0
1,0.8978336827393432,0.9060648801128349,0.8897506925207757,3610.0
accuracy,0.894364161849711,0.894364161849711,0.894364161849711,0.894364161849711
macro avg,0.8942421966426708,0.8940694770934545,0.8945732314567625,6920.0
weighted avg,0.8943978969069775,0.8945895090162599,0.894364161849711,6920.0
