,f1-score,precision,recall,support
0,0.846431709460119,0.8268167079916079,0.867,5000.0
1,0.838782412626832,0.8602060121925583,0.8184,5000.0
accuracy,0.8427,0.8427,0.8427,0.8427
macro avg,0.8426070610434755,0.8435113600920832,0.8427,10000.0
weighted avg,0.8426070610434756,0.8435113600920832,0.8427,10000.0
