,f1-score,precision,recall,support
0,0.841897233201581,0.83203125,0.852,5000.0
1,0.8380566801619432,0.8483606557377049,0.828,5000.0
accuracy,0.84,0.84,0.84,0.84
macro avg,0.8399769566817621,0.8401959528688525,0.84,10000.0
weighted avg,0.839976956681762,0.8401959528688523,0.84,10000.0
