,f1-score,precision,recall,support
0,0.8273759461732549,0.8721187943262412,0.787,5000.0
1,0.8434401220442411,0.8059402332361516,0.8846,5000.0
accuracy,0.8358,0.8358,0.8358,0.8358
macro avg,0.835408034108748,0.8390295137811964,0.8358000000000001,10000.0
weighted avg,0.835408034108748,0.8390295137811963,0.8358,10000.0
