,f1-score,precision,recall,support
0,0.8299363057324841,0.8843891402714932,0.7818,5000.0
1,0.8485822306238185,0.8044802867383513,0.8978,5000.0
accuracy,0.8398,0.8398,0.8398,0.8398
macro avg,0.8392592681781513,0.8444347135049222,0.8398000000000001,10000.0
weighted avg,0.8392592681781512,0.8444347135049222,0.8398,10000.0
