,f1-score,precision,recall,support
0,0.819759965709387,0.8829639889196675,0.765,5000.0
1,0.8423322084739406,0.7926958362738179,0.8986,5000.0
accuracy,0.8318,0.8318,0.8318,0.8318
macro avg,0.8310460870916638,0.8378299125967428,0.8318,10000.0
weighted avg,0.8310460870916638,0.8378299125967428,0.8318,10000.0
