,f1-score,precision,recall,support
0,0.8249918927683494,0.8976711362032463,0.7632,5000.0
1,0.849381337798865,0.7940511393285788,0.913,5000.0
accuracy,0.8381,0.8381,0.8381,0.8381
macro avg,0.8371866152836072,0.8458611377659127,0.8381000000000001,10000.0
weighted avg,0.8371866152836072,0.8458611377659127,0.8381,10000.0
