,f1-score,precision,recall,support
0,0.8429033562474727,0.8522076860179886,0.8338,5000.0
1,0.8462603878116344,0.8373140172278778,0.8554,5000.0
accuracy,0.8446,0.8446,0.8446,0.8446
macro avg,0.8445818720295535,0.8447608516229332,0.8446,10000.0
weighted avg,0.8445818720295536,0.8447608516229331,0.8446,10000.0
