,f1-score,precision,recall,support
0,0.8435428800964048,0.8471157724889068,0.84,5000.0
1,0.844851623182633,0.8413328044426814,0.8484,5000.0
accuracy,0.8442,0.8442,0.8442,0.8442
macro avg,0.8441972516395189,0.8442242884657941,0.8442000000000001,10000.0
weighted avg,0.8441972516395188,0.8442242884657942,0.8442,10000.0
