,f1-score,precision,recall,support
0,0.8460194174757281,0.8220754716981132,0.8714,5000.0
1,0.8364948453608246,0.8631914893617021,0.8114,5000.0
accuracy,0.8414,0.8414,0.8414,0.8414
macro avg,0.8412571314182764,0.8426334805299076,0.8413999999999999,10000.0
weighted avg,0.8412571314182762,0.8426334805299077,0.8414,10000.0
