,f1-score,precision,recall,support
0,0.8498527968596663,0.8342967244701349,0.866,5000.0
1,0.8440366972477065,0.8607068607068608,0.828,5000.0
accuracy,0.847,0.847,0.847,0.847
macro avg,0.8469447470536864,0.8475017925884978,0.847,10000.0
weighted avg,0.8469447470536863,0.8475017925884979,0.847,10000.0
