,f1-score,precision,recall,support
0,0.8384599714809533,0.8542963885429639,0.8232,5000.0
1,0.8442349243763505,0.8294094944037051,0.8596,5000.0
accuracy,0.8414,0.8414,0.8414,0.8414
macro avg,0.8413474479286519,0.8418529414733344,0.8414,10000.0
weighted avg,0.841347447928652,0.8418529414733344,0.8414,10000.0
