,f1-score,precision,recall,support
0,0.8424629324546954,0.8682088285229203,0.8182,5000.0
1,0.8512830482115087,0.8281013615733737,0.8758,5000.0
accuracy,0.847,0.847,0.847,0.847
macro avg,0.846872990333102,0.8481550950481469,0.847,10000.0
weighted avg,0.8468729903331019,0.8481550950481469,0.847,10000.0
