,f1-score,precision,recall,support
0,0.837051506116994,0.861222762851703,0.8142,5000.0
1,0.8457120607417503,0.8238194576142613,0.8688,5000.0
accuracy,0.8415,0.8415,0.8415,0.8415
macro avg,0.8413817834293722,0.8425211102329822,0.8415,10000.0
weighted avg,0.8413817834293721,0.8425211102329823,0.8415,10000.0
