,f1-score,precision,recall,support
0,0.8426179604261796,0.8644597126795752,0.8218527315914489,3368.0
1,0.85018835120255,0.830220713073005,0.8711401425178147,3368.0
accuracy,0.8464964370546318,0.8464964370546318,0.8464964370546318,0.8464964370546318
macro avg,0.8464031558143648,0.8473402128762901,0.8464964370546317,6736.0
weighted avg,0.8464031558143649,0.8473402128762902,0.8464964370546318,6736.0
