,f1-score,precision,recall,support
0,0.8422690034221715,0.8746500107688994,0.8122,5000.0
1,0.8531428019696823,0.8247153257420198,0.8836,5000.0
accuracy,0.8479,0.8479,0.8479,0.8479
macro avg,0.8477059026959268,0.8496826682554596,0.8479000000000001,10000.0
weighted avg,0.8477059026959268,0.8496826682554595,0.8479,10000.0
