,f1-score,precision,recall,support
0,0.7298823529411764,0.8862857142857142,0.6204,5000.0
1,0.8003478260869564,0.708,0.9204,5000.0
accuracy,0.7704,0.7704,0.7704,0.7704
macro avg,0.7651150895140664,0.7971428571428572,0.7704,10000.0
weighted avg,0.7651150895140664,0.7971428571428572,0.7704,10000.0
