,f1-score,precision,recall,support
0,0.7293643263757116,0.8959790209790209,0.615,5000.0
1,0.802731673582296,0.7069123020706456,0.9286,5000.0
accuracy,0.7718,0.7718,0.7718,0.7718
macro avg,0.7660479999790037,0.8014456615248333,0.7718,10000.0
weighted avg,0.7660479999790039,0.8014456615248333,0.7718,10000.0
