,f1-score,precision,recall,support
0,0.8128719418117699,0.905252822778596,0.7376,5000.0
1,0.844590884129599,0.7786027674654067,0.9228,5000.0
accuracy,0.8302,0.8302,0.8302,0.8302
macro avg,0.8287314129706844,0.8419277951220013,0.8302,10000.0
weighted avg,0.8287314129706845,0.8419277951220014,0.8302,10000.0
