,f1-score,precision,recall,support
0,0.8513527414875013,0.8765092141495446,0.8276,5000.0
1,0.859422122774589,0.8367114983898466,0.8834,5000.0
accuracy,0.8555,0.8555,0.8555,0.8555
macro avg,0.8553874321310451,0.8566103562696956,0.8554999999999999,10000.0
weighted avg,0.855387432131045,0.8566103562696957,0.8555,10000.0
