,f1-score,precision,recall,support
0,0.8363506644073841,0.754707870593916,0.9378,5000.0
1,0.7911687720496188,0.9178769474518088,0.6952,5000.0
accuracy,0.8165,0.8165,0.8165,0.8165
macro avg,0.8137597182285015,0.8362924090228624,0.8165,10000.0
weighted avg,0.8137597182285015,0.8362924090228624,0.8165,10000.0
