,f1-score,precision,recall,support
0,0.8531366657561685,0.7830519806117332,0.937,5000.0
1,0.8211156704003548,0.9215832710978342,0.7404,5000.0
accuracy,0.8387,0.8387,0.8387,0.8387
macro avg,0.8371261680782617,0.8523176258547838,0.8387,10000.0
weighted avg,0.8371261680782616,0.8523176258547838,0.8387,10000.0
