,f1-score,precision,recall,support
0,0.8500426823484776,0.8084069998195923,0.8962,5000.0
1,0.8328222480702125,0.8835539600628225,0.7876,5000.0
accuracy,0.8419,0.8419,0.8419,0.8419
macro avg,0.841432465209345,0.8459804799412074,0.8419,10000.0
weighted avg,0.841432465209345,0.8459804799412073,0.8419,10000.0
