,f1-score,precision,recall,support
0,0.8751083293211362,0.8438254410399257,0.9088,5000.0
1,0.8651066042641705,0.9011917659804983,0.8318,5000.0
accuracy,0.8703,0.8703,0.8703,0.8703
macro avg,0.8701074667926534,0.8725086035102121,0.8703000000000001,10000.0
weighted avg,0.8701074667926534,0.872508603510212,0.8703,10000.0
