,f1-score,precision,recall,support
0,0.8415357402975757,0.8770331815224464,0.8088,5000.0
1,0.8534026374049476,0.8226015958433847,0.8866,5000.0
accuracy,0.8477,0.8477,0.8477,0.8477
macro avg,0.8474691888512617,0.8498173886829155,0.8477,10000.0
weighted avg,0.8474691888512617,0.8498173886829155,0.8477,10000.0
