,f1-score,precision,recall,support
0,0.8460354908195712,0.8683933459675721,0.8248,5000.0
1,0.8535752609501512,0.8331746334031613,0.875,5000.0
accuracy,0.8499,0.8499,0.8499,0.8499
macro avg,0.8498053758848612,0.8507839896853667,0.8499,10000.0
weighted avg,0.8498053758848612,0.8507839896853667,0.8499,10000.0
