,f1-score,precision,recall,support
0,0.8538199318227391,0.8560514676316847,0.8516,5000.0
1,0.8545780969479353,0.8523676880222841,0.8568,5000.0
accuracy,0.8542,0.8542,0.8542,0.8542
macro avg,0.8541990143853372,0.8542095778269845,0.8542000000000001,10000.0
weighted avg,0.8541990143853371,0.8542095778269845,0.8542,10000.0
