,f1-score,precision,recall,support
0,0.8633457249070632,0.8647602025618112,0.8619358669833729,3368.0
1,0.8637913146583667,0.8623853211009175,0.8652019002375297,3368.0
accuracy,0.8635688836104513,0.8635688836104513,0.8635688836104513,0.8635688836104513
macro avg,0.863568519782715,0.8635727618313643,0.8635688836104514,6736.0
weighted avg,0.863568519782715,0.8635727618313643,0.8635688836104513,6736.0
