,f1-score,precision,recall,support
0,0.8833012268072593,0.8957433682911783,0.8712,5000.0
1,0.8864555588438393,0.8746350009733307,0.8986,5000.0
accuracy,0.8849,0.8849,0.8849,0.8849
macro avg,0.8848783928255493,0.8851891846322545,0.8849,10000.0
weighted avg,0.8848783928255493,0.8851891846322546,0.8849,10000.0
