,f1-score,precision,recall,support
0,0.7387369467926406,0.7347181008902077,0.7428,5000.0
1,0.7358471593765711,0.7399393326592518,0.7318,5000.0
accuracy,0.7373,0.7373,0.7373,0.7373
macro avg,0.7372920530846059,0.7373287167747298,0.7373000000000001,10000.0
weighted avg,0.7372920530846059,0.7373287167747298,0.7373,10000.0
