,f1-score,precision,recall,support
0,0.8115700759546353,0.8458035133376708,0.78,5000.0
1,0.8256810087592646,0.7958804973093339,0.8578,5000.0
accuracy,0.8189,0.8189,0.8189,0.8189
macro avg,0.81862554235695,0.8208420053235024,0.8189,10000.0
weighted avg,0.81862554235695,0.8208420053235024,0.8189,10000.0
