,f1-score,precision,recall,support
0,0.8309718619038116,0.8291517323775388,0.8328,5000.0
1,0.8302264982962517,0.8320610687022901,0.8284,5000.0
accuracy,0.8306,0.8306,0.8306,0.8306
macro avg,0.8305991801000316,0.8306064005399145,0.8306,10000.0
weighted avg,0.8305991801000316,0.8306064005399144,0.8306,10000.0
