,f1-score,precision,recall,support
0,0.8450960566228513,0.854601226993865,0.8358,5000.0
1,0.8484668644906034,0.8393346379647749,0.8578,5000.0
accuracy,0.8468,0.8468,0.8468,0.8468
macro avg,0.8467814605567273,0.84696793247932,0.8468,10000.0
weighted avg,0.8467814605567273,0.84696793247932,0.8468,10000.0
