,f1-score,precision,recall,support
0,0.8419631665220326,0.8128840067026625,0.8732,5000.0
1,0.8297850244054419,0.8630373730827392,0.799,5000.0
accuracy,0.8361,0.8361,0.8361,0.8361
macro avg,0.8358740954637373,0.8379606898927008,0.8361000000000001,10000.0
weighted avg,0.8358740954637371,0.8379606898927008,0.8361,10000.0
