,f1-score,precision,recall,support
0,0.8585108461989447,0.8393198318685517,0.8786,5000.0
1,0.8517304935490477,0.8726395300041964,0.8318,5000.0
accuracy,0.8552,0.8552,0.8552,0.8552
macro avg,0.8551206698739962,0.855979680936374,0.8552,10000.0
weighted avg,0.8551206698739963,0.8559796809363741,0.8552,10000.0
