,f1-score,precision,recall,support
0,0.8461769716404449,0.847961438039767,0.8444,5000.0
1,0.8468216744835845,0.8450507866958773,0.8486,5000.0
accuracy,0.8465,0.8465,0.8465,0.8465
macro avg,0.8464993230620147,0.8465061123678221,0.8465,10000.0
weighted avg,0.8464993230620148,0.846506112367822,0.8465,10000.0
