,f1-score,precision,recall,support
0,0.868113188681132,0.8680263947210558,0.8682,5000.0
1,0.8680868086808682,0.8681736347269454,0.868,5000.0
accuracy,0.8681,0.8681,0.8681,0.8681
macro avg,0.8680999986810001,0.8681000147240006,0.8681,10000.0
weighted avg,0.8680999986810001,0.8681000147240007,0.8681,10000.0
