,f1-score,precision,recall,support
0,0.8674574522949974,0.8956336528221512,0.841,5000.0
1,0.8753032508491023,0.8501413760603205,0.902,5000.0
accuracy,0.8715,0.8715,0.8715,0.8715
macro avg,0.8713803515720498,0.8728875144412358,0.8714999999999999,10000.0
weighted avg,0.8713803515720497,0.8728875144412359,0.8715,10000.0
