,f1-score,precision,recall,support
0,0.8757012105107764,0.862042239875993,0.8898,5000.0
1,0.8716332960666735,0.8861334986567473,0.8576,5000.0
accuracy,0.8737,0.8737,0.8737,0.8737
macro avg,0.873667253288725,0.8740878692663702,0.8737,10000.0
weighted avg,0.8736672532887249,0.8740878692663702,0.8737,10000.0
