,f1-score,precision,recall,support
0,0.8475941211999194,0.8532630725577625,0.842,5000.0
1,0.8495926882575005,0.8440584287406238,0.8552,5000.0
accuracy,0.8486,0.8486,0.8486,0.8486
macro avg,0.8485934047287099,0.8486607506491931,0.8486,10000.0
weighted avg,0.8485934047287099,0.8486607506491931,0.8486,10000.0
