,f1-score,precision,recall,support
0,0.8520958083832335,0.8592995169082126,0.8450118764845606,3368.0
1,0.8545347467608951,0.8475467289719626,0.8616389548693587,3368.0
accuracy,0.8533254156769596,0.8533254156769596,0.8533254156769596,0.8533254156769596
macro avg,0.8533152775720643,0.8534231229400876,0.8533254156769596,6736.0
weighted avg,0.8533152775720643,0.8534231229400876,0.8533254156769596,6736.0
