,f1-score,precision,recall,support
0,0.8762002042900919,0.8954070981210855,0.8578,5000.0
1,0.8812928501469148,0.863531669865643,0.8998,5000.0
accuracy,0.8788,0.8788,0.8788,0.8788
macro avg,0.8787465272185033,0.8794693839933643,0.8788,10000.0
weighted avg,0.8787465272185034,0.8794693839933643,0.8788,10000.0
