,f1-score,precision,recall,support
0,0.8581560283687945,0.868421052631579,0.8481308411214953,428.0
1,0.8663697104677061,0.8568281938325991,0.8761261261261262,444.0
accuracy,0.8623853211009175,0.8623853211009175,0.8623853211009175,0.8623853211009175
macro avg,0.8622628694182503,0.8626246232320891,0.8621284836238108,872.0
weighted avg,0.8623382242998916,0.8625182667293462,0.8623853211009175,872.0
