,f1-score,precision,recall,support
0,0.8837719298245614,0.8837719298245614,0.8837719298245614,912.0
1,0.8833883388338833,0.8833883388338833,0.8833883388338833,909.0
accuracy,0.8835804503020318,0.8835804503020318,0.8835804503020318,0.8835804503020318
macro avg,0.8835801343292224,0.8835801343292224,0.8835801343292224,1821.0
weighted avg,0.8835804503020318,0.8835804503020318,0.8835804503020318,1821.0
