,f1-score,precision,recall,support
0,0.80970625798212,0.8929577464788733,0.7406542056074766,428.0
1,0.8449531737773153,0.7852998065764023,0.9144144144144144,444.0
accuracy,0.8291284403669725,0.8291284403669725,0.8291284403669725,0.8291284403669725
macro avg,0.8273297158797177,0.8391287765276378,0.8275343100109456,872.0
weighted avg,0.8276530820796735,0.8381410890055967,0.8291284403669725,872.0
