,f1-score,precision,recall,support
0,0.8296320311233586,0.8950682056663168,0.7731117824773414,3310.0
1,0.8629904836396819,0.8150701797586801,0.9168975069252078,3610.0
accuracy,0.848121387283237,0.848121387283237,0.848121387283237,0.848121387283237
macro avg,0.8463112573815202,0.8550691927124985,0.8450046447012746,6920.0
weighted avg,0.8470343452250821,0.8533351314572751,0.848121387283237,6920.0
