,f1-score,precision,recall,support
0,0.838479809976247,0.8526570048309179,0.8247663551401869,428.0
1,0.8492239467849224,0.8362445414847162,0.8626126126126126,444.0
accuracy,0.8440366972477065,0.8440366972477065,0.8440366972477065,0.8440366972477065
macro avg,0.8438518783805847,0.844450773157817,0.8436894838763997,872.0
weighted avg,0.8439504484430497,0.8443002000995948,0.8440366972477065,872.0
