,f1-score,precision,recall,support
0,0.8592338835253813,0.8865681233933161,0.8335347432024169,3310.0
1,0.8781342679967646,0.8553046218487395,0.9022160664819945,3610.0
accuracy,0.869364161849711,0.869364161849711,0.869364161849711,0.869364161849711
macro avg,0.868684075761073,0.8709363726210277,0.8678754048422057,6920.0
weighted avg,0.8690937661759149,0.8702586955644257,0.869364161849711,6920.0
