,f1-score,precision,recall,support
0,0.8296836982968371,0.8654822335025381,0.7967289719626168,428.0
1,0.8481561822125815,0.8179916317991632,0.8806306306306306,444.0
accuracy,0.8394495412844036,0.8394495412844036,0.8394495412844036,0.8394495412844036
macro avg,0.8389199402547093,0.8417369326508506,0.8386798012966237,872.0
weighted avg,0.8390894125842115,0.8413012390572417,0.8394495412844036,872.0
