,f1-score,precision,recall,support
0,0.8632984372629343,0.8671136848521792,0.8595166163141994,3310.0
1,0.8757069940681474,0.8722176422093982,0.8792243767313019,3610.0
accuracy,0.8697976878612717,0.8697976878612717,0.8697976878612717,0.8697976878612717
macro avg,0.8695027156655408,0.8696656635307887,0.8693704965227507,6920.0
weighted avg,0.8697716872725904,0.8697762984446012,0.8697976878612717,6920.0
