,f1-score,precision,recall,support
0,0.6631537084907536,0.6593515223408462,0.667,5000.0
1,0.6592234962784149,0.6630918656414407,0.6554,5000.0
accuracy,0.6612,0.6612,0.6612,0.6612
macro avg,0.6611886023845843,0.6612216939911435,0.6612,10000.0
weighted avg,0.6611886023845843,0.6612216939911435,0.6612,10000.0
