,f1-score,precision,recall,support
0,0.665526606981189,0.6695001011940903,0.6616,5000.0
1,0.6694502435629784,0.6655465507017198,0.6734,5000.0
accuracy,0.6675,0.6675,0.6675,0.6675
macro avg,0.6674884252720837,0.667523325947905,0.6675,10000.0
weighted avg,0.6674884252720839,0.6675233259479051,0.6675,10000.0
