,f1-score,precision,recall,support
0,0.7691178013217246,0.8087359364659166,0.7332,5000.0
1,0.7897200726091526,0.7559904883848546,0.8266,5000.0
accuracy,0.7799,0.7799,0.7799,0.7799
macro avg,0.7794189369654385,0.7823632124253856,0.7799,10000.0
weighted avg,0.7794189369654386,0.7823632124253856,0.7799,10000.0
