,f1-score,precision,recall,support
0,0.7582063934777945,0.8176770013882462,0.7068,5000.0
1,0.7889117812324405,0.7418104966537513,0.8424,5000.0
accuracy,0.7746,0.7746,0.7746,0.7746
macro avg,0.7735590873551175,0.7797437490209987,0.7746,10000.0
weighted avg,0.7735590873551175,0.7797437490209989,0.7746,10000.0
