,f1-score,precision,recall,support
0,0.7204833836858006,0.9102290076335878,0.5962,5000.0
1,0.8027292110874201,0.6997769516728625,0.9412,5000.0
accuracy,0.7687,0.7687,0.7687,0.7687
macro avg,0.7616062973866103,0.8050029796532252,0.7686999999999999,10000.0
weighted avg,0.7616062973866102,0.8050029796532252,0.7687,10000.0
