,f1-score,precision,recall,support
0,0.7286353197147346,0.9208677054689887,0.6028,5000.0
1,0.8085614394133197,0.7047718150735841,0.9482,5000.0
accuracy,0.7755,0.7755,0.7755,0.7755
macro avg,0.7685983795640272,0.8128197602712863,0.7755000000000001,10000.0
weighted avg,0.7685983795640272,0.8128197602712864,0.7755,10000.0
