,f1-score,precision,recall,support
0,0.84552067381317,0.8107562408223201,0.8834,5000.0
1,0.8310301507537687,0.8719244288224957,0.7938,5000.0
accuracy,0.8386,0.8386,0.8386,0.8386
macro avg,0.8382754122834694,0.8413403348224079,0.8386,10000.0
weighted avg,0.8382754122834692,0.8413403348224079,0.8386,10000.0
