,f1-score,precision,recall,support
0,0.8458795180722893,0.8163720930232559,0.8776,5000.0
1,0.83387012987013,0.8676756756756757,0.8026,5000.0
accuracy,0.8401,0.8401,0.8401,0.8401
macro avg,0.8398748239712097,0.8420238843494658,0.8401000000000001,10000.0
weighted avg,0.8398748239712097,0.8420238843494657,0.8401,10000.0
