,f1-score,precision,recall,support
0,0.8576720608305712,0.8366298972993533,0.8798,5000.0
1,0.8501334428248819,0.8732602277520034,0.8282,5000.0
accuracy,0.854,0.854,0.854,0.854
macro avg,0.8539027518277266,0.8549450625256784,0.8540000000000001,10000.0
weighted avg,0.8539027518277266,0.8549450625256785,0.854,10000.0
