,f1-score,precision,recall,support
0,0.7926139642238893,0.9369713506139155,0.6868,5000.0
1,0.8414644905161006,0.7528018942383583,0.9538,5000.0
accuracy,0.8203,0.8203,0.8203,0.8203
macro avg,0.8170392273699949,0.8448866224261369,0.8203,10000.0
weighted avg,0.817039227369995,0.8448866224261368,0.8203,10000.0
