,f1-score,precision,recall,support
0,0.8638671875,0.8440839694656489,0.8846,5000.0
1,0.857172131147541,0.878781512605042,0.8366,5000.0
accuracy,0.8606,0.8606,0.8606,0.8606
macro avg,0.8605196593237705,0.8614327410353455,0.8606,10000.0
weighted avg,0.8605196593237706,0.8614327410353455,0.8606,10000.0
