,f1-score,precision,recall,support
0,0.8647603541263865,0.8802568883364409,0.8498,5000.0
1,0.8693600707755824,0.8548231200463947,0.8844,5000.0
accuracy,0.8671,0.8671,0.8671,0.8671
macro avg,0.8670602124509845,0.8675400041914179,0.8671,10000.0
weighted avg,0.8670602124509845,0.8675400041914177,0.8671,10000.0
