,f1-score,precision,recall,support
0,0.8418916176172113,0.8545529460238979,0.8296,5000.0
1,0.8464419475655429,0.8344345122425184,0.8588,5000.0
accuracy,0.8442,0.8442,0.8442,0.8442
macro avg,0.8441667825913771,0.8444937291332082,0.8442000000000001,10000.0
weighted avg,0.8441667825913771,0.8444937291332081,0.8442,10000.0
