,f1-score,precision,recall,support
0,0.8634036453000206,0.8845992446496014,0.8432,5000.0
1,0.8696501856556575,0.850210164310279,0.89,5000.0
accuracy,0.8666,0.8666,0.8666,0.8666
macro avg,0.866526915477839,0.8674047044799402,0.8666,10000.0
weighted avg,0.8665269154778391,0.8674047044799401,0.8666,10000.0
