,f1-score,precision,recall,support
0,0.7439972361375022,0.6547582851930678,0.8614,5000.0
1,0.6480645927333175,0.7974868497954413,0.5458,5000.0
accuracy,0.7036,0.7036,0.7036,0.7036
macro avg,0.6960309144354099,0.7261225674942545,0.7036,10000.0
weighted avg,0.6960309144354098,0.7261225674942545,0.7036,10000.0
