,f1-score,precision,recall,support
0,0.7473591549295775,0.6674528301886793,0.849,5000.0
1,0.6678240740740741,0.7925824175824175,0.577,5000.0
accuracy,0.713,0.713,0.713,0.713
macro avg,0.7075916145018257,0.7300176238855485,0.713,10000.0
weighted avg,0.7075916145018258,0.7300176238855485,0.713,10000.0
