,f1-score,precision,recall,support
0,0.7926802542187157,0.8766359670382937,0.7234,5000.0
1,0.8260069891484275,0.7645556690500511,0.8982,5000.0
accuracy,0.8108,0.8108,0.8108,0.8108
macro avg,0.8093436216835717,0.8205958180441724,0.8108,10000.0
weighted avg,0.8093436216835717,0.8205958180441725,0.8108,10000.0
