,f1-score,precision,recall,support
0,0.7963820869181557,0.8878504672897196,0.722,5000.0
1,0.8311688311688312,0.7657566565554432,0.9088,5000.0
accuracy,0.8154,0.8154,0.8154,0.8154
macro avg,0.8137754590434935,0.8268035619225814,0.8154,10000.0
weighted avg,0.8137754590434936,0.8268035619225815,0.8154,10000.0
