,f1-score,precision,recall,support
0,0.8412852969814995,0.8197343453510436,0.864,5000.0
1,0.8324768756423433,0.8562367864693446,0.81,5000.0
accuracy,0.837,0.837,0.837,0.837
macro avg,0.8368810863119214,0.8379855659101941,0.837,10000.0
weighted avg,0.8368810863119214,0.837985565910194,0.837,10000.0
