,f1-score,precision,recall,support
0,0.8470328050129009,0.7853725222146275,0.9192,5000.0
1,0.8185395714910363,0.9026036644165863,0.7488,5000.0
accuracy,0.834,0.834,0.834,0.834
macro avg,0.8327861882519686,0.843988093315607,0.8340000000000001,10000.0
weighted avg,0.8327861882519686,0.843988093315607,0.834,10000.0
