,f1-score,precision,recall,support
0,0.86345300524405,0.8708299430431244,0.8562,5000.0
1,0.8657278857596191,0.8585759244689221,0.873,5000.0
accuracy,0.8646,0.8646,0.8646,0.8646
macro avg,0.8645904455018345,0.8647029337560233,0.8646,10000.0
weighted avg,0.8645904455018346,0.8647029337560234,0.8646,10000.0
