,f1-score,precision,recall,support
0,0.8443520967132603,0.7999284180386542,0.894,5000.0
1,0.8249043773905652,0.8798730734360835,0.7764,5000.0
accuracy,0.8352,0.8352,0.8352,0.8352
macro avg,0.8346282370519127,0.8399007457373688,0.8351999999999999,10000.0
weighted avg,0.8346282370519128,0.839900745737369,0.8352,10000.0
