,f1-score,precision,recall,support
0,0.8654836863194046,0.8274352426121854,0.9072,5000.0
1,0.85185963437697,0.8972996901283754,0.8108,5000.0
accuracy,0.859,0.859,0.859,0.859
macro avg,0.8586716603481873,0.8623674663702804,0.859,10000.0
weighted avg,0.8586716603481873,0.8623674663702805,0.859,10000.0
