,f1-score,precision,recall,support
0,0.869467672853355,0.8870162297128589,0.8526,5000.0
1,0.8744359427113989,0.8581055063534848,0.8914,5000.0
accuracy,0.872,0.872,0.872,0.872
macro avg,0.8719518077823769,0.8725608680331718,0.872,10000.0
weighted avg,0.871951807782377,0.8725608680331719,0.872,10000.0
