,f1-score,precision,recall,support
0,0.8331242158092848,0.8729184925503944,0.7968,5000.0
1,0.84706784208509,0.8130978660779985,0.884,5000.0
accuracy,0.8404,0.8404,0.8404,0.8404
macro avg,0.8400960289471874,0.8430081793141965,0.8404,10000.0
weighted avg,0.8400960289471874,0.8430081793141966,0.8404,10000.0
