,f1-score,precision,recall,support
0,0.8645338401435961,0.9156788190561396,0.8188,5000.0
1,0.8781460727514485,0.8361367335865437,0.9246,5000.0
accuracy,0.8717,0.8717,0.8717,0.8717
macro avg,0.8713399564475224,0.8759077763213416,0.8716999999999999,10000.0
weighted avg,0.8713399564475223,0.8759077763213415,0.8717,10000.0
