,f1-score,precision,recall,support
0,0.8473867595818816,0.843607532210109,0.8512,5000.0
1,0.8460070316423908,0.8498486377396569,0.8422,5000.0
accuracy,0.8467,0.8467,0.8467,0.8467
macro avg,0.8466968956121361,0.8467280849748829,0.8467,10000.0
weighted avg,0.8466968956121361,0.8467280849748829,0.8467,10000.0
