,f1-score,precision,recall,support
0,0.8572691117984975,0.8506284712072494,0.8640142517814727,3368.0
1,0.8550052371689362,0.8618401206636501,0.8482779097387173,3368.0
accuracy,0.856146080760095,0.856146080760095,0.856146080760095,0.856146080760095
macro avg,0.8561371744837168,0.8562342959354498,0.856146080760095,6736.0
weighted avg,0.8561371744837168,0.8562342959354498,0.856146080760095,6736.0
