,f1-score,precision,recall,support
0,0.879734085414988,0.8861607142857143,0.8734,5000.0
1,0.8814535345512312,0.8751971608832808,0.8878,5000.0
accuracy,0.8806,0.8806,0.8806,0.8806
macro avg,0.8805938099831097,0.8806789375844976,0.8806,10000.0
weighted avg,0.8805938099831095,0.8806789375844976,0.8806,10000.0
