,f1-score,precision,recall,support
0,0.7733333333333332,0.9006211180124224,0.677570093457944,428.0
1,0.8289738430583502,0.7490909090909091,0.9279279279279279,444.0
accuracy,0.805045871559633,0.805045871559633,0.805045871559633,0.805045871559633
macro avg,0.8011535881958417,0.8248560135516658,0.8027490106929359,872.0
weighted avg,0.8016640515878143,0.823465828148716,0.805045871559633,872.0
