,f1-score,precision,recall,support
0,0.7877952077228065,0.9173022882376556,0.6903323262839879,3310.0
1,0.8468715014305261,0.7685707834725671,0.9429362880886426,3610.0
accuracy,0.8221098265895954,0.8221098265895954,0.8221098265895954,0.8221098265895954
macro avg,0.8173333545766663,0.8429365358551113,0.8166343071863152,6920.0
weighted avg,0.8186139100761111,0.8397125870523999,0.8221098265895954,6920.0
