,f1-score,precision,recall,support
0,0.832313341493268,0.8740359897172236,0.794392523364486,428.0
1,0.8522114347357065,0.8178053830227743,0.8896396396396397,444.0
accuracy,0.8428899082568807,0.8428899082568807,0.8428899082568807,0.8428899082568807
macro avg,0.8422623881144873,0.845920686369999,0.8420160815020628,872.0
weighted avg,0.842444939428638,0.8454048092443618,0.8428899082568807,872.0
