,f1-score,precision,recall,support
0,0.8639926233287228,0.8792618079449483,0.8492447129909365,3310.0
1,0.8793126960316378,0.8659683051302712,0.8930747922437673,3610.0
accuracy,0.8721098265895953,0.8721098265895953,0.8721098265895953,0.8721098265895953
macro avg,0.8716526596801804,0.8726150565376098,0.8711597526173519,6920.0
weighted avg,0.8719847421809661,0.8723269025748638,0.8721098265895953,6920.0
