,f1-score,precision,recall,support
0,0.8793383547481907,0.860156024270442,0.8993957703927492,3310.0
1,0.8844249540246145,0.9037294015611448,0.8659279778393352,3610.0
accuracy,0.8819364161849711,0.8819364161849711,0.8819364161849711,0.8819364161849711
macro avg,0.8818816543864025,0.8819427129157934,0.8826618741160421,6920.0
weighted avg,0.8819919130412384,0.8828872225391468,0.8819364161849711,6920.0
