,f1-score,precision,recall,support
0,0.8436363636363637,0.8765743073047859,0.8130841121495327,428.0
1,0.8596300326441785,0.8315789473684211,0.8896396396396397,444.0
accuracy,0.8520642201834863,0.8520642201834863,0.8520642201834863,0.8520642201834863
macro avg,0.8516331981402712,0.8540766273366035,0.8513618758945862,872.0
weighted avg,0.8517799290485997,0.8536638258692973,0.8520642201834863,872.0
