,f1-score,precision,recall,support
0,0.8810975609756098,0.8892307692307693,0.8731117824773413,3310.0
1,0.8928571428571428,0.885558583106267,0.9002770083102493,3610.0
accuracy,0.8872832369942196,0.8872832369942196,0.8872832369942196,0.8872832369942196
macro avg,0.8869773519163763,0.8873946761685181,0.8866943953937954,6920.0
weighted avg,0.8872322561479125,0.8873150767583049,0.8872832369942196,6920.0
