,f1-score,precision,recall,support
0,0.8457831325301205,0.8731343283582089,0.8200934579439252,428.0
1,0.8599562363238512,0.8361702127659575,0.8851351351351351,444.0
accuracy,0.8532110091743119,0.8532110091743119,0.8532110091743119,0.8532110091743119
macro avg,0.8528696844269859,0.8546522705620831,0.8526142965395301,872.0
weighted avg,0.8529997129021577,0.8543131502355488,0.8532110091743119,872.0
