,f1-score,precision,recall,support
0,0.876940133037694,0.8867713004484304,0.8673245614035088,912.0
1,0.8792165397170839,0.8697524219590959,0.8888888888888888,909.0
accuracy,0.8780889621087314,0.8780889621087314,0.8780889621087314,0.8780889621087314
macro avg,0.878078336377389,0.8782618612037632,0.8781067251461988,1821.0
weighted avg,0.8780764612483285,0.8782758800493062,0.8780889621087314,1821.0
