,f1-score,precision,recall,support
0,0.8071065989847717,0.8833333333333333,0.7429906542056075,428.0
1,0.8410041841004184,0.78515625,0.9054054054054054,444.0
accuracy,0.8256880733944955,0.8256880733944955,0.8256880733944955,0.8256880733944955
macro avg,0.824055391542595,0.8342447916666667,0.8241980298055065,872.0
weighted avg,0.8243663785620046,0.8333440844801222,0.8256880733944955,872.0
