,f1-score,precision,recall,support
0,0.8312399355877617,0.89,0.7797583081570997,3310.0
1,0.8626474442988205,0.8186567164179105,0.9116343490304709,3610.0
accuracy,0.8485549132947977,0.8485549132947977,0.8485549132947977,0.8485549132947977
macro avg,0.8469436899432911,0.8543283582089553,0.8456963285937853,6920.0
weighted avg,0.8476244885425191,0.8527818997498059,0.8485549132947977,6920.0
