,f1-score,precision,recall,support
0,0.8450749637272287,0.905979951607328,0.7918429003021148,3310.0
1,0.874165248134084,0.8289048919791407,0.9246537396121883,3610.0
accuracy,0.8611271676300578,0.8611271676300578,0.8611271676300578,0.8611271676300578
macro avg,0.8596201059306563,0.8674424217932344,0.8582483199571516,6920.0
weighted avg,0.8602506756793599,0.8657717196336638,0.8611271676300578,6920.0
