,f1-score,precision,recall,support
0,0.8490566037735849,0.8571428571428571,0.8411214953271028,428.0
1,0.8571428571428571,0.8495575221238938,0.8648648648648649,444.0
accuracy,0.8532110091743119,0.8532110091743119,0.8532110091743119,0.8532110091743119
macro avg,0.8530997304582211,0.8533501896333755,0.8529931800959838,872.0
weighted avg,0.8531739162689483,0.8532805994038437,0.8532110091743119,872.0
