,f1-score,precision,recall,support
0,0.8471411901983664,0.8461538461538461,0.8481308411214953,428.0
1,0.8523111612175873,0.8532731376975169,0.8513513513513513,444.0
accuracy,0.8497706422018348,0.8497706422018348,0.8497706422018348,0.8497706422018348
macro avg,0.8497261757079768,0.8497134919256815,0.8497410962364234,872.0
weighted avg,0.8497736066347588,0.8497788065269996,0.8497706422018348,872.0
