,f1-score,precision,recall,support
0,0.8462455303933254,0.8637469586374696,0.8294392523364486,428.0
1,0.8574585635359115,0.841648590021692,0.8738738738738738,444.0
accuracy,0.8520642201834863,0.8520642201834863,0.8520642201834863,0.8520642201834863
macro avg,0.8518520469646185,0.8526977743295808,0.8516565631051611,872.0
weighted avg,0.851954918828312,0.8524950370028305,0.8520642201834863,872.0
