,f1-score,precision,recall,support
0,0.893137690825552,0.8766366016875182,0.9102719033232628,3310.0
1,0.8983504863950372,0.9147286821705426,0.8825484764542936,3610.0
accuracy,0.8958092485549133,0.8958092485549133,0.8958092485549133,0.8958092485549133
macro avg,0.8957440886102946,0.8956826419290305,0.8964101898887782,6920.0
weighted avg,0.8958570827339106,0.8965083373152231,0.8958092485549133,6920.0
