,f1-score,precision,recall,support
0,0.8266033254156769,0.8405797101449275,0.8130841121495327,428.0
1,0.8381374722838137,0.8253275109170306,0.8513513513513513,444.0
accuracy,0.8325688073394495,0.8325688073394495,0.8325688073394495,0.8325688073394495
macro avg,0.8323703988497453,0.832953610530979,0.832217731750442,872.0
weighted avg,0.8324762167109209,0.8328136820976957,0.8325688073394495,872.0
