,f1-score,precision,recall,support
0,0.8422944436124007,0.8351648351648352,0.8495468277945619,3310.0
1,0.8529945553539019,0.859836757669575,0.8462603878116344,3610.0
accuracy,0.8478323699421966,0.8478323699421966,0.8478323699421966,0.8478323699421966
macro avg,0.8476444994831513,0.8475007964172051,0.8479036078030981,6920.0
weighted avg,0.8478764383214786,0.8480355924252557,0.8478323699421966,6920.0
