,f1-score,precision,recall,support
0,0.8359201773835919,0.7953586497890295,0.8808411214953271,428.0
1,0.8242280285035629,0.871859296482412,0.7815315315315315,444.0
accuracy,0.8302752293577982,0.8302752293577982,0.8302752293577982,0.8302752293577982
macro avg,0.8300741029435774,0.8336089731357208,0.8311863265134294,872.0
weighted avg,0.8299668355226597,0.8343108139310729,0.8302752293577982,872.0
