,f1-score,precision,recall,support
0,0.8495550611790879,0.7869654817104585,0.9229607250755287,3310.0
1,0.8372442839951865,0.9160631994733377,0.7709141274238227,3610.0
accuracy,0.8436416184971098,0.8436416184971098,0.8436416184971098,0.8436416184971098
macro avg,0.8433996725871371,0.8515143405918981,0.8469374262496757,6920.0
weighted avg,0.8431328204805497,0.8543127015260645,0.8436416184971098,6920.0
