,f1-score,precision,recall,support
0,0.8325688073394495,0.8175675675675675,0.8481308411214953,428.0
1,0.8325688073394495,0.8481308411214953,0.8175675675675675,444.0
accuracy,0.8325688073394495,0.8325688073394495,0.8325688073394495,0.8325688073394495
macro avg,0.8325688073394495,0.8328492043445315,0.8328492043445315,872.0
weighted avg,0.8325688073394495,0.8331296013496132,0.8325688073394495,872.0
