,f1-score,precision,recall,support
0,0.85385500575374,0.814936847885777,0.8966767371601209,3310.0
1,0.8524970963995355,0.8956680902989628,0.8132963988919668,3610.0
accuracy,0.8531791907514451,0.8531791907514451,0.8531791907514451,0.8531791907514451
macro avg,0.8531760510766377,0.8553024690923698,0.8549865680260438,6920.0
weighted avg,0.8531466166253183,0.8570524237689564,0.8531791907514451,6920.0
