,f1-score,precision,recall,support
0,0.8246674727932285,0.8546365914786967,0.7967289719626168,428.0
1,0.8418756815703381,0.8160676532769556,0.8693693693693694,444.0
accuracy,0.8337155963302753,0.8337155963302753,0.8337155963302753,0.8337155963302753
macro avg,0.8332715771817834,0.8353521223778262,0.833049170665993,872.0
weighted avg,0.8334294506568026,0.8349982789080854,0.8337155963302753,872.0
