,f1-score,precision,recall,support
0,0.8293269230769232,0.8539603960396039,0.8060747663551402,428.0
1,0.8442982456140351,0.8226495726495726,0.8671171171171171,444.0
accuracy,0.8371559633027523,0.8371559633027523,0.8371559633027523,0.8371559633027523
macro avg,0.8368125843454792,0.8383049843445882,0.8365959417361286,872.0
weighted avg,0.8369499359283885,0.8380177290841293,0.8371559633027523,872.0
