,f1-score,precision,recall,support
0,0.7307210936747859,0.704473733061073,0.759,5000.0
1,0.7090398418807865,0.7387817038803381,0.6816,5000.0
accuracy,0.7203,0.7203,0.7203,0.7203
macro avg,0.7198804677777861,0.7216277184707056,0.7202999999999999,10000.0
weighted avg,0.7198804677777861,0.7216277184707055,0.7203,10000.0
