,f1-score,precision,recall,support
0,0.8169135935979236,0.8893336472804333,0.7554,5000.0
1,0.8425555658885893,0.7874152616026421,0.906,5000.0
accuracy,0.8307,0.8307,0.8307,0.8307
macro avg,0.8297345797432565,0.8383744544415377,0.8307,10000.0
weighted avg,0.8297345797432565,0.8383744544415377,0.8307,10000.0
