,f1-score,precision,recall,support
0,0.8134933506325007,0.8853847964226876,0.7524,5000.0
1,0.8395498093200633,0.7847330898974092,0.9026,5000.0
accuracy,0.8275,0.8275,0.8275,0.8275
macro avg,0.826521579976282,0.8350589431600484,0.8274999999999999,10000.0
weighted avg,0.8265215799762821,0.8350589431600484,0.8275,10000.0
