,f1-score,precision,recall,support
0,0.8617738850296989,0.8676261909588485,0.856,5000.0
1,0.8636137876229264,0.8579040852575488,0.8694,5000.0
accuracy,0.8627,0.8627,0.8627,0.8627
macro avg,0.8626938363263126,0.8627651381081987,0.8627,10000.0
weighted avg,0.8626938363263125,0.8627651381081987,0.8627,10000.0
