,f1-score,precision,recall,support
0,0.8510593443659746,0.8997102741252507,0.8074,5000.0
1,0.8655949776467232,0.8253219662615636,0.91,5000.0
accuracy,0.8587,0.8587,0.8587,0.8587
macro avg,0.858327161006349,0.8625161201934072,0.8587,10000.0
weighted avg,0.858327161006349,0.8625161201934072,0.8587,10000.0
