,f1-score,precision,recall,support
0,0.8712770297837618,0.8890507910074937,0.8542,5000.0
1,0.8762259709690073,0.8596997690531177,0.8934,5000.0
accuracy,0.8738,0.8738,0.8738,0.8738
macro avg,0.8737515003763845,0.8743752800303057,0.8737999999999999,10000.0
weighted avg,0.8737515003763845,0.8743752800303056,0.8738,10000.0
