,f1-score,precision,recall,support
0,0.866785079928952,0.9074600743819733,0.8296,5000.0
1,0.8777447502157446,0.8430650211825382,0.9154,5000.0
accuracy,0.8725,0.8725,0.8725,0.8725
macro avg,0.8722649150723483,0.8752625477822558,0.8725,10000.0
weighted avg,0.8722649150723483,0.8752625477822558,0.8725,10000.0
