,f1-score,precision,recall,support
0,0.8534201954397393,0.8511518015357353,0.8557007125890737,3368.0
1,0.8526347127121167,0.8549253731343284,0.850356294536817,3368.0
accuracy,0.8530285035629454,0.8530285035629454,0.8530285035629454,0.8530285035629454
macro avg,0.853027454075928,0.8530385873350319,0.8530285035629454,6736.0
weighted avg,0.8530274540759281,0.8530385873350318,0.8530285035629454,6736.0
