,f1-score,precision,recall,support
0,0.7899630334938949,0.897886427298192,0.7052,5000.0
1,0.8306691953400163,0.7572863494154454,0.9198,5000.0
accuracy,0.8125,0.8125,0.8125,0.8125
macro avg,0.8103161144169555,0.8275863883568186,0.8125,10000.0
weighted avg,0.8103161144169555,0.8275863883568186,0.8125,10000.0
