,f1-score,precision,recall,support
0,0.7959595959595961,0.9069053708439898,0.7092,5000.0
1,0.8360685302073941,0.761247947454844,0.9272,5000.0
accuracy,0.8182,0.8182,0.8182,0.8182
macro avg,0.8160140630834951,0.8340766591494169,0.8182,10000.0
weighted avg,0.8160140630834951,0.834076659149417,0.8182,10000.0
