,f1-score,precision,recall,support
0,0.8451671548328451,0.8537033258518669,0.8368,5000.0
1,0.8482027923556787,0.8399686212982937,0.8566,5000.0
accuracy,0.8467,0.8467,0.8467,0.8467
macro avg,0.8466849735942619,0.8468359735750803,0.8467,10000.0
weighted avg,0.8466849735942619,0.8468359735750804,0.8467,10000.0
