,f1-score,precision,recall,support
0,0.8463192382512542,0.8670023075309419,0.8266,5000.0
1,0.8533176976448744,0.8343206573667112,0.8732,5000.0
accuracy,0.8499,0.8499,0.8499,0.8499
macro avg,0.8498184679480643,0.8506614824488266,0.8499,10000.0
weighted avg,0.8498184679480643,0.8506614824488264,0.8499,10000.0
