,f1-score,precision,recall,support
0,0.8411915204678363,0.7743943472409152,0.9206,5000.0
1,0.8080830388692579,0.902120315581854,0.7318,5000.0
accuracy,0.8262,0.8262,0.8262,0.8262
macro avg,0.824637279668547,0.8382573314113846,0.8262,10000.0
weighted avg,0.8246372796685472,0.8382573314113846,0.8262,10000.0
