,f1-score,precision,recall,support
0,0.8455008488964347,0.8444045481747456,0.8466,5000.0
1,0.8450986282166816,0.8462001203128133,0.844,5000.0
accuracy,0.8453,0.8453,0.8453,0.8453
macro avg,0.8452997385565582,0.8453023342437795,0.8452999999999999,10000.0
weighted avg,0.845299738556558,0.8453023342437794,0.8453,10000.0
