,f1-score,precision,recall,support
0,0.8513403736799351,0.8646864686468647,0.8384,5000.0
1,0.8557919621749408,0.843167701863354,0.8688,5000.0
accuracy,0.8536,0.8536,0.8536,0.8536
macro avg,0.853566167927438,0.8539270852551093,0.8536,10000.0
weighted avg,0.8535661679274381,0.8539270852551093,0.8536,10000.0
