,f1-score,precision,recall,support
0,0.8455528846153846,0.8469101123595506,0.8442,5000.0
1,0.8460463258785943,0.8446969696969697,0.8474,5000.0
accuracy,0.8458,0.8458,0.8458,0.8458
macro avg,0.8457996052469894,0.8458035410282602,0.8458,10000.0
weighted avg,0.8457996052469895,0.8458035410282603,0.8458,10000.0
