,f1-score,precision,recall,support
0,0.845634880676669,0.8515514094504157,0.8398,5000.0
1,0.8477505214023239,0.8419806667981851,0.8536,5000.0
accuracy,0.8467,0.8467,0.8467,0.8467
macro avg,0.8466927010394965,0.8467660381243004,0.8467,10000.0
weighted avg,0.8466927010394963,0.8467660381243004,0.8467,10000.0
