,f1-score,precision,recall,support
0,0.8511355747297431,0.8441865040330514,0.8582,5000.0
1,0.8486437430674599,0.8558063860077283,0.8416,5000.0
accuracy,0.8499,0.8499,0.8499,0.8499
macro avg,0.8498896588986016,0.8499964450203898,0.8499,10000.0
weighted avg,0.8498896588986016,0.84999644502039,0.8499,10000.0
