,f1-score,precision,recall,support
0,0.847991967871486,0.8514112903225807,0.8446,5000.0
1,0.849203187250996,0.8458333333333333,0.8526,5000.0
accuracy,0.8486,0.8486,0.8486,0.8486
macro avg,0.848597577561241,0.848622311827957,0.8486,10000.0
weighted avg,0.8485975775612409,0.848622311827957,0.8486,10000.0
