,f1-score,precision,recall,support
0,0.8507662550215742,0.8526692514166418,0.8488717339667459,3368.0
1,0.85142941786402,0.8495418267809637,0.8533254156769596,3368.0
accuracy,0.8510985748218527,0.8510985748218527,0.8510985748218527,0.8510985748218527
macro avg,0.8510978364427971,0.8511055390988027,0.8510985748218527,6736.0
weighted avg,0.8510978364427971,0.8511055390988027,0.8510985748218527,6736.0
