,f1-score,precision,recall,support
0,0.8536262842030313,0.8685572345270131,0.8392,5000.0
1,0.8584914937555316,0.8444573418456182,0.873,5000.0
accuracy,0.8561,0.8561,0.8561,0.8561
macro avg,0.8560588889792815,0.8565072881863156,0.8561,10000.0
weighted avg,0.8560588889792814,0.8565072881863158,0.8561,10000.0
