,f1-score,precision,recall,support
0,0.8317757009345794,0.8317757009345794,0.8317757009345794,428.0
1,0.8378378378378378,0.8378378378378378,0.8378378378378378,444.0
accuracy,0.8348623853211009,0.8348623853211009,0.8348623853211009,0.8348623853211009
macro avg,0.8348067693862087,0.8348067693862087,0.8348067693862087,872.0
weighted avg,0.8348623853211009,0.8348623853211009,0.8348623853211009,872.0
