,f1-score,precision,recall,support
0,0.8232385661310259,0.8740157480314961,0.7780373831775701,428.0
1,0.8470588235294116,0.8065173116089613,0.8918918918918919,444.0
accuracy,0.8360091743119266,0.8360091743119266,0.8360091743119266,0.8360091743119266
macro avg,0.8351486948302187,0.8402665298202288,0.834964637534731,872.0
weighted avg,0.8353672293017635,0.8396472781099302,0.8360091743119266,872.0
