,f1-score,precision,recall,support
0,0.8363201911589009,0.8557457212713936,0.8177570093457944,428.0
1,0.8489525909592062,0.8315334773218143,0.8671171171171171,444.0
accuracy,0.8428899082568807,0.8428899082568807,0.8428899082568807,0.8428899082568807
macro avg,0.8426363910590535,0.8436395992966039,0.8424370632314557,872.0
weighted avg,0.842752284635203,0.8434174686181675,0.8428899082568807,872.0
