,f1-score,precision,recall,support
0,0.8595238095238096,0.8469208211143695,0.8725075528700906,3310.0
1,0.8674157303370785,0.8797720797720797,0.8554016620498615,3610.0
accuracy,0.8635838150289017,0.8635838150289017,0.8635838150289017,0.8635838150289017
macro avg,0.8634697699304441,0.8633464504432247,0.863954607459976,6920.0
weighted avg,0.8636408375781306,0.864058544200256,0.8635838150289017,6920.0
