,f1-score,precision,recall,support
0,0.8388625592417063,0.8509615384615384,0.8271028037383178,428.0
1,0.8488888888888888,0.8377192982456141,0.8603603603603603,444.0
accuracy,0.8440366972477065,0.8440366972477065,0.8440366972477065,0.8440366972477065
macro avg,0.8438757240652975,0.8443404183535763,0.8437315820493391,872.0
weighted avg,0.8439677087409597,0.8442189299112283,0.8440366972477065,872.0
