,f1-score,precision,recall,support
0,0.8688524590163935,0.8660130718954249,0.8717105263157895,912.0
1,0.8675496688741722,0.8704318936877077,0.8646864686468647,909.0
accuracy,0.8682042833607908,0.8682042833607908,0.8682042833607908,0.8682042833607908
macro avg,0.8682010639452828,0.8682224827915663,0.868198497481327,1821.0
weighted avg,0.8682021370837856,0.8682188429054112,0.8682042833607908,1821.0
