,f1-score,precision,recall,support
0,0.8599319627274071,0.8423645320197044,0.8782477341389728,3310.0
1,0.8662240429439186,0.8838281925626982,0.8493074792243768,3610.0
accuracy,0.863150289017341,0.863150289017341,0.863150289017341,0.863150289017341
macro avg,0.8630780028356628,0.8630963622912013,0.8637776066816748,6920.0
weighted avg,0.8632143918576971,0.8639951410601968,0.863150289017341,6920.0
