,f1-score,precision,recall,support
0,0.8532534712768854,0.7765113974231913,0.9468277945619336,3310.0
1,0.8340006159531876,0.9389736477115118,0.7501385041551246,3610.0
accuracy,0.8442196531791908,0.8442196531791908,0.8442196531791908,0.8442196531791908
macro avg,0.8436270436150366,0.8577425225673516,0.8484831493585291,6920.0
weighted avg,0.8432097129360547,0.8612641031371852,0.8442196531791908,6920.0
