,f1-score,precision,recall,support
0,0.8571428571428572,0.8521939953810623,0.8621495327102804,428.0
1,0.8607021517553793,0.8656036446469249,0.8558558558558559,444.0
accuracy,0.8589449541284404,0.8589449541284404,0.8589449541284404,0.8589449541284404
macro avg,0.8589225044491182,0.8588988200139935,0.8590026942830682,872.0
weighted avg,0.8589551585281322,0.8590218443191849,0.8589449541284404,872.0
