,f1-score,precision,recall,support
0,0.8881149325206791,0.8545099134320022,0.9244712990936556,3310.0
1,0.8890487839976975,0.9251272836178497,0.8556786703601108,3610.0
accuracy,0.8885838150289017,0.8885838150289017,0.8885838150289017,0.8885838150289017
macro avg,0.8885818582591882,0.889818598524926,0.8900749847268832,6920.0
weighted avg,0.8886021007044994,0.8913493218671048,0.8885838150289017,6920.0
