,f1-score,precision,recall,support
0,0.8514150943396227,0.8595238095238096,0.8434579439252337,428.0
1,0.859375,0.8517699115044248,0.8671171171171171,444.0
accuracy,0.8555045871559633,0.8555045871559633,0.8555045871559633,0.8555045871559633
macro avg,0.8553950471698113,0.8556468605141172,0.8552875305211753,872.0
weighted avg,0.8554680738272461,0.8555757238350402,0.8555045871559633,872.0
