,f1-score,precision,recall,support
0,0.8939505990238131,0.8756882063170096,0.9129909365558913,3310.0
1,0.8987145076988275,0.9169789564716057,0.881163434903047,3610.0
accuracy,0.8963872832369942,0.8963872832369942,0.8963872832369942,0.8963872832369942
macro avg,0.8963325533613203,0.8963335813943076,0.8970771857294692,6920.0
weighted avg,0.8964358172776862,0.8972286121057512,0.8963872832369942,6920.0
