,f1-score,precision,recall,support
0,0.884256719692814,0.884742041712404,0.8837719298245614,912.0
1,0.8840021990104453,0.8835164835164835,0.8844884488448845,909.0
accuracy,0.8841295991213619,0.8841295991213619,0.8841295991213619,0.8841295991213619
macro avg,0.8841294593516297,0.8841292626144437,0.884130189334723,1821.0
weighted avg,0.884129669006228,0.8841302721351982,0.8841295991213619,1821.0
