,f1-score,precision,recall,support
0,0.8959046909903202,0.8834067547723935,0.908761329305136,3310.0
1,0.9018947368421053,0.9140825035561878,0.8900277008310249,3610.0
accuracy,0.8989884393063584,0.8989884393063584,0.8989884393063584,0.8989884393063584
macro avg,0.8988997139162127,0.8987446291642907,0.8993945150680804,6920.0
weighted avg,0.8990295559505723,0.8994095659153845,0.8989884393063584,6920.0
