,f1-score,precision,recall,support
0,0.8110137672090113,0.8733153638814016,0.7570093457943925,428.0
1,0.8402116402116402,0.7924151696606786,0.8941441441441441,444.0
accuracy,0.8268348623853211,0.8268348623853211,0.8268348623853211,0.8268348623853211
macro avg,0.8256127037103258,0.8328652667710401,0.8255767449692684,872.0
weighted avg,0.8258805741048452,0.8321230631543363,0.8268348623853211,872.0
