,f1-score,precision,recall,support
0,0.8345209817893902,0.8768718801996672,0.7960725075528701,3310.0
1,0.8611295681063124,0.8275862068965517,0.8975069252077562,3610.0
accuracy,0.8489884393063584,0.8489884393063584,0.8489884393063584,0.8489884393063584
macro avg,0.8478252749478512,0.8522290435481095,0.8467897163803131,6920.0
weighted avg,0.8484020506628135,0.8511607124794003,0.8489884393063584,6920.0
