,f1-score,precision,recall,support
0,0.8358913813459269,0.8448687350835322,0.8271028037383178,428.0
1,0.8450390189520625,0.8366445916114791,0.8536036036036037,444.0
accuracy,0.8405963302752294,0.8405963302752294,0.8405963302752294,0.8405963302752294
macro avg,0.8404652001489947,0.8407566633475057,0.8403532036709607,872.0
weighted avg,0.8405491234297849,0.840681212489964,0.8405963302752294,872.0
