,f1-score,precision,recall,support
0,0.8547705314009663,0.8542546771273386,0.8552870090634441,3310.0
1,0.8666851441241685,0.8671658347199113,0.8662049861495845,3610.0
accuracy,0.8609826589595375,0.8609826589595375,0.8609826589595375,0.8609826589595375
macro avg,0.8607278377625673,0.8607102559236249,0.8607459976065144,6920.0
weighted avg,0.8609861024892265,0.8609901220564119,0.8609826589595375,6920.0
