,f1-score,precision,recall,support
0,0.861870897155361,0.7873563218390804,0.9519637462235649,3310.0
1,0.845281862745098,0.9455106237148732,0.7642659279778393,3610.0
accuracy,0.8540462427745664,0.8540462427745664,0.8540462427745664,0.8540462427745664
macro avg,0.8535763799502295,0.8664334727769768,0.8581148371007021,6920.0
weighted avg,0.8532167910540532,0.8698616729621458,0.8540462427745664,6920.0
