,f1-score,precision,recall,support
0,0.8883417813178855,0.8531293463143255,0.9265861027190332,3310.0
1,0.8888248017303533,0.9269172932330827,0.8537396121883657,3610.0
accuracy,0.8885838150289017,0.8885838150289017,0.8885838150289017,0.8885838150289017
macro avg,0.8885832915241194,0.8900233197737041,0.8901628574536995,6920.0
weighted avg,0.8885937616197653,0.8916227694901511,0.8885838150289017,6920.0
