,f1-score,precision,recall,support
0,0.8557692307692306,0.8811881188118812,0.8317757009345794,428.0
1,0.868421052631579,0.8461538461538461,0.8918918918918919,444.0
accuracy,0.8623853211009175,0.8623853211009175,0.8623853211009175,0.8623853211009175
macro avg,0.8620951417004048,0.8636709824828637,0.8618337964132357,872.0
weighted avg,0.8622112134606098,0.8633495671373772,0.8623853211009175,872.0
