,f1-score,precision,recall,support
0,0.8749305169538633,0.887260428410372,0.8629385964912281,912.0
1,0.877916440586001,0.8661670235546038,0.88998899889989,909.0
accuracy,0.8764415156507414,0.8764415156507414,0.8764415156507414,0.8764415156507414
macro avg,0.8764234787699321,0.876713725982488,0.876463797695559,1821.0
weighted avg,0.8764210191952763,0.8767311011100462,0.8764415156507414,1821.0
