,f1-score,precision,recall,support
0,0.2553118574366004,0.8911483253588517,0.149,5000.0
1,0.6931657723806834,0.5356831078131821,0.9818,5000.0
accuracy,0.5654,0.5654,0.5654,0.5654
macro avg,0.47423881490864195,0.7134157165860169,0.5654,10000.0
weighted avg,0.47423881490864195,0.7134157165860168,0.5654,10000.0
