,f1-score,precision,recall,support
0,0.2568306010928962,0.8785046728971962,0.1504,5000.0
1,0.6923076923076924,0.5354330708661418,0.9792,5000.0
accuracy,0.5648,0.5648,0.5648,0.5648
macro avg,0.47456914670029426,0.706968871881669,0.5648,10000.0
weighted avg,0.47456914670029426,0.7069688718816689,0.5648,10000.0
