,f1-score,precision,recall,support
0,0.8301351734568484,0.7870586126545976,0.8782,5000.0
1,0.8092559176308247,0.862248360099525,0.7624,5000.0
accuracy,0.8203,0.8203,0.8203,0.8203
macro avg,0.8196955455438366,0.8246534863770614,0.8203,10000.0
weighted avg,0.8196955455438365,0.8246534863770614,0.8203,10000.0
