,f1-score,precision,recall,support
0,0.8221003977211652,0.8886823146641878,0.7648,5000.0
1,0.8452837244087128,0.7935755660874144,0.9042,5000.0
accuracy,0.8345,0.8345,0.8345,0.8345
macro avg,0.833692061064939,0.8411289403758011,0.8345,10000.0
weighted avg,0.8336920610649391,0.8411289403758012,0.8345,10000.0
