,f1-score,precision,recall,support
0,0.8340270023347883,0.8468357039785611,0.8216,5000.0
1,0.8389003842743128,0.8267624781510973,0.8514,5000.0
accuracy,0.8365,0.8365,0.8365,0.8365
macro avg,0.8364636933045506,0.8367990910648292,0.8365,10000.0
weighted avg,0.8364636933045505,0.8367990910648292,0.8365,10000.0
