,f1-score,precision,recall,support
0,0.8441384978937635,0.8679484470737376,0.8216,5000.0
1,0.8522450569786696,0.8306436301499905,0.875,5000.0
accuracy,0.8483,0.8483,0.8483,0.8483
macro avg,0.8481917774362165,0.8492960386118641,0.8483,10000.0
weighted avg,0.8481917774362165,0.8492960386118641,0.8483,10000.0
