,f1-score,precision,recall,support
0,0.8333677899524499,0.8624304664099273,0.8062,5000.0
1,0.8438892116986247,0.8180623357116035,0.8714,5000.0
accuracy,0.8388,0.8388,0.8388,0.8388
macro avg,0.8386285008255373,0.8402464010607653,0.8388,10000.0
weighted avg,0.8386285008255374,0.8402464010607653,0.8388,10000.0
