,f1-score,precision,recall,support
0,0.8548994974874371,0.8969683655536028,0.8166,5000.0
1,0.867343032159265,0.8316813509544787,0.9062,5000.0
accuracy,0.8614,0.8614,0.8614,0.8614
macro avg,0.861121264823351,0.8643248582540408,0.8613999999999999,10000.0
weighted avg,0.8611212648233512,0.8643248582540407,0.8614,10000.0
