,f1-score,precision,recall,support
0,0.845404984423676,0.8235963581183612,0.8684,5000.0
1,0.8367598684210527,0.86082910321489,0.814,5000.0
accuracy,0.8412,0.8412,0.8412,0.8412
macro avg,0.8410824264223643,0.8422127306666256,0.8412,10000.0
weighted avg,0.8410824264223644,0.8422127306666256,0.8412,10000.0
