,f1-score,precision,recall,support
0,0.8653028955430379,0.855245165071303,0.8756,5000.0
1,0.8620584961036333,0.8725670969063717,0.8518,5000.0
accuracy,0.8637,0.8637,0.8637,0.8637
macro avg,0.8636806958233356,0.8639061309888374,0.8637,10000.0
weighted avg,0.8636806958233355,0.8639061309888373,0.8637,10000.0
