,f1-score,precision,recall,support
0,0.8622569694475877,0.8877356492268588,0.8382,5000.0
1,0.8697344099620585,0.8467512786512597,0.894,5000.0
accuracy,0.8661,0.8661,0.8661,0.8661
macro avg,0.8659956897048231,0.8672434639390592,0.8661,10000.0
weighted avg,0.8659956897048231,0.867243463939059,0.8661,10000.0
