,f1-score,precision,recall,support
0,0.765128406966447,0.7530505520046484,0.7776,5000.0
1,0.7573447189183694,0.7701054372544965,0.745,5000.0
accuracy,0.7613,0.7613,0.7613,0.7613
macro avg,0.7612365629424083,0.7615779946295724,0.7613,10000.0
weighted avg,0.7612365629424082,0.7615779946295724,0.7613,10000.0
