,f1-score,precision,recall,support
0,0.8261078535037969,0.7952989080140662,0.8594,5000.0
1,0.8115035948733978,0.8470741788122689,0.7788,5000.0
accuracy,0.8191,0.8191,0.8191,0.8191
macro avg,0.8188057241885973,0.8211865434131675,0.8191,10000.0
weighted avg,0.8188057241885974,0.8211865434131675,0.8191,10000.0
