,f1-score,precision,recall,support
0,0.8354531797696545,0.8367101303911735,0.8342,5000.0
1,0.835946080878682,0.8346959122632104,0.8372,5000.0
accuracy,0.8357,0.8357,0.8357,0.8357
macro avg,0.8356996303241683,0.8357030213271919,0.8357000000000001,10000.0
weighted avg,0.8356996303241682,0.8357030213271919,0.8357,10000.0
