,f1-score,precision,recall,support
0,0.8286642306130735,0.8413025556471558,0.8164,5000.0
1,0.8336618052818288,0.8216783216783217,0.846,5000.0
accuracy,0.8312,0.8312,0.8312,0.8312
macro avg,0.8311630179474512,0.8314904386627388,0.8311999999999999,10000.0
weighted avg,0.8311630179474511,0.8314904386627388,0.8312,10000.0
