,f1-score,precision,recall,support
0,0.7056202030205497,0.9259259259259259,0.57,5000.0
1,0.8005368226807583,0.6893961282866223,0.9544,5000.0
accuracy,0.7622,0.7622,0.7622,0.7622
macro avg,0.7530785128506541,0.8076610271062741,0.7622,10000.0
weighted avg,0.7530785128506541,0.8076610271062741,0.7622,10000.0
