,f1-score,precision,recall,support
0,0.8125740122725805,0.879925390533924,0.7548,5000.0
1,0.8374568200914947,0.7853265627735948,0.897,5000.0
accuracy,0.8259,0.8259,0.8259,0.8259
macro avg,0.8250154161820376,0.8326259766537594,0.8259000000000001,10000.0
weighted avg,0.8250154161820378,0.8326259766537595,0.8259,10000.0
