,f1-score,precision,recall,support
0,0.8064199148378645,0.8879538350565039,0.7386,5000.0
1,0.836454201641915,0.7762369457284711,0.9068,5000.0
accuracy,0.8227,0.8227,0.8227,0.8227
macro avg,0.8214370582398898,0.8320953903924875,0.8227,10000.0
weighted avg,0.8214370582398897,0.8320953903924876,0.8227,10000.0
