,f1-score,precision,recall,support
0,0.8293897882938979,0.8619499568593615,0.7992,5000.0
1,0.8413739868776534,0.8128262490678598,0.872,5000.0
accuracy,0.8356,0.8356,0.8356,0.8356
macro avg,0.8353818875857757,0.8373881029636107,0.8356,10000.0
weighted avg,0.8353818875857756,0.8373881029636108,0.8356,10000.0
