,f1-score,precision,recall,support
0,0.8230978830433872,0.8645970937912814,0.7854,5000.0
1,0.8385924650984893,0.8034078417002565,0.877,5000.0
accuracy,0.8312,0.8312,0.8312,0.8312
macro avg,0.8308451740709382,0.8340024677457689,0.8311999999999999,10000.0
weighted avg,0.830845174070938,0.834002467745769,0.8312,10000.0
