,f1-score,precision,recall,support
0,0.8266583229036296,0.8637750653879687,0.7926,5000.0
1,0.8403764886669227,0.8083887657058388,0.875,5000.0
accuracy,0.8338,0.8338,0.8338,0.8338
macro avg,0.8335174057852761,0.8360819155469037,0.8338,10000.0
weighted avg,0.8335174057852761,0.8360819155469037,0.8338,10000.0
