,f1-score,precision,recall,support
0,0.8205506910011605,0.8682741683411476,0.7778,5000.0
1,0.8383233532934131,0.7987683390690092,0.882,5000.0
accuracy,0.8299,0.8299,0.8299,0.8299
macro avg,0.8294370221472869,0.8335212537050785,0.8299000000000001,10000.0
weighted avg,0.8294370221472869,0.8335212537050783,0.8299,10000.0
