,f1-score,precision,recall,support
0,0.8100158982511924,0.8048973143759873,0.8152,5000.0
1,0.8075684380032206,0.8128038897893031,0.8024,5000.0
accuracy,0.8088,0.8088,0.8088,0.8088
macro avg,0.8087921681272066,0.8088506020826451,0.8088,10000.0
weighted avg,0.8087921681272066,0.8088506020826451,0.8088,10000.0
