,f1-score,precision,recall,support
0,0.8367327931451989,0.7829876241938295,0.8984,5000.0
1,0.8107524560077729,0.8808350926577527,0.751,5000.0
accuracy,0.8247,0.8247,0.8247,0.8247
macro avg,0.8237426245764858,0.8319113584257911,0.8247,10000.0
weighted avg,0.8237426245764858,0.831911358425791,0.8247,10000.0
