,f1-score,precision,recall,support
0,0.8219414750026994,0.8932175545646562,0.7612,5000.0
1,0.8464475277027657,0.7919498170412964,0.909,5000.0
accuracy,0.8351,0.8351,0.8351,0.8351
macro avg,0.8341945013527325,0.8425836858029763,0.8351,10000.0
weighted avg,0.8341945013527325,0.8425836858029763,0.8351,10000.0
