,f1-score,precision,recall,support
0,0.844372438768703,0.8064809757873658,0.886,5000.0
1,0.8282318291785001,0.8735300643443532,0.7874,5000.0
accuracy,0.8367,0.8367,0.8367,0.8367
macro avg,0.8363021339736016,0.8400055200658595,0.8367,10000.0
weighted avg,0.8363021339736016,0.8400055200658595,0.8367,10000.0
