,f1-score,precision,recall,support
0,0.8456635116863048,0.8177063877474785,0.8756,5000.0
1,0.8343354758449097,0.8661213947481705,0.8048,5000.0
accuracy,0.8402,0.8402,0.8402,0.8402
macro avg,0.8399994937656072,0.8419138912478246,0.8402000000000001,10000.0
weighted avg,0.8399994937656072,0.8419138912478246,0.8402,10000.0
