,f1-score,precision,recall,support
0,0.8490547556077971,0.8320215012478402,0.8668,5000.0
1,0.8426105607190277,0.8609893550407013,0.825,5000.0
accuracy,0.8459,0.8459,0.8459,0.8459
macro avg,0.8458326581634124,0.8465054281442708,0.8459,10000.0
weighted avg,0.8458326581634122,0.8465054281442707,0.8459,10000.0
