,f1-score,precision,recall,support
0,0.8440240417775151,0.8318120023305496,0.8566,5000.0
1,0.8393056542482996,0.852195423623995,0.8268,5000.0
accuracy,0.8417,0.8417,0.8417,0.8417
macro avg,0.8416648480129074,0.8420037129772724,0.8417,10000.0
weighted avg,0.8416648480129073,0.8420037129772724,0.8417,10000.0
