,f1-score,precision,recall,support
0,0.8488765162060051,0.8440094899169632,0.8538,5000.0
1,0.8471132568899618,0.8520841764467827,0.8422,5000.0
accuracy,0.848,0.848,0.848,0.848
macro avg,0.8479948865479834,0.8480468331818729,0.848,10000.0
weighted avg,0.8479948865479834,0.8480468331818729,0.848,10000.0
