,f1-score,precision,recall,support
0,0.8394227817009519,0.8595682246908405,0.8202,5000.0
1,0.8466125720989345,0.8280742015681775,0.866,5000.0
accuracy,0.8431,0.8431,0.8431,0.8431
macro avg,0.8430176768999431,0.843821213129509,0.8431,10000.0
weighted avg,0.843017676899943,0.8438212131295091,0.8431,10000.0
