,f1-score,precision,recall,support
0,0.8386026744065512,0.8704540563804605,0.809,5000.0
1,0.8496088090408578,0.8215953670838781,0.8796,5000.0
accuracy,0.8443,0.8443,0.8443,0.8443
macro avg,0.8441057417237046,0.8460247117321693,0.8443,10000.0
weighted avg,0.8441057417237043,0.8460247117321694,0.8443,10000.0
