,f1-score,precision,recall,support
0,0.8479567307692308,0.8493178170144462,0.8466,5000.0
1,0.8484424920127795,0.8470893141945773,0.8498,5000.0
accuracy,0.8482,0.8482,0.8482,0.8482
macro avg,0.8481996113910052,0.8482035656045117,0.8482000000000001,10000.0
weighted avg,0.8481996113910052,0.8482035656045118,0.8482,10000.0
