,f1-score,precision,recall,support
0,0.8383973632711916,0.8643023996602252,0.814,5000.0
1,0.8475366825381402,0.8242298242298243,0.8722,5000.0
accuracy,0.8431,0.8431,0.8431,0.8431
macro avg,0.842967022904666,0.8442661119450248,0.8431,10000.0
weighted avg,0.842967022904666,0.8442661119450248,0.8431,10000.0
