,f1-score,precision,recall,support
0,0.8436308161708619,0.867587072481958,0.8209619952494062,3368.0
1,0.8518143703917883,0.8300929839391378,0.8747030878859857,3368.0
accuracy,0.8478325415676959,0.8478325415676959,0.8478325415676959,0.8478325415676959
macro avg,0.847722593281325,0.8488400282105479,0.8478325415676959,6736.0
weighted avg,0.847722593281325,0.8488400282105478,0.8478325415676959,6736.0
