,f1-score,precision,recall,support
0,0.5253173012692051,0.7911468812877264,0.3932,5000.0
1,0.716100679184978,0.596274118429807,0.8962,5000.0
accuracy,0.6447,0.6447,0.6447,0.6447
macro avg,0.6207089902270915,0.6937104998587666,0.6447,10000.0
weighted avg,0.6207089902270915,0.6937104998587668,0.6447,10000.0
