,f1-score,precision,recall,support
0,0.528569516927606,0.798625151637687,0.395,5000.0
1,0.718767462281472,0.5981134582170852,0.9004,5000.0
accuracy,0.6477,0.6477,0.6477,0.6477
macro avg,0.623668489604539,0.698369304927386,0.6476999999999999,10000.0
weighted avg,0.623668489604539,0.6983693049273861,0.6477,10000.0
