,f1-score,precision,recall,support
0,0.7923382876282186,0.8311374615722442,0.757,5000.0
1,0.810070840513115,0.7769004774146162,0.8462,5000.0
accuracy,0.8016,0.8016,0.8016,0.8016
macro avg,0.8012045640706668,0.8040189694934302,0.8016,10000.0
weighted avg,0.8012045640706668,0.8040189694934302,0.8016,10000.0
