,f1-score,precision,recall,support
0,0.7861688587187102,0.8369467028003613,0.7412,5000.0
1,0.8093076049943247,0.7677674084709261,0.8556,5000.0
accuracy,0.7984,0.7984,0.7984,0.7984
macro avg,0.7977382318565175,0.8023570556356436,0.7984,10000.0
weighted avg,0.7977382318565175,0.8023570556356437,0.7984,10000.0
