,f1-score,precision,recall,support
0,0.8347437019745162,0.8125355046392728,0.8582,5000.0
1,0.8251877765202181,0.8497563043017589,0.802,5000.0
accuracy,0.8301,0.8301,0.8301,0.8301
macro avg,0.8299657392473672,0.8311459044705158,0.8301000000000001,10000.0
weighted avg,0.8299657392473673,0.8311459044705157,0.8301,10000.0
