,f1-score,precision,recall,support
0,0.8354826103946854,0.8166539343009931,0.8552,5000.0
1,0.8275297009422368,0.8480268681780017,0.808,5000.0
accuracy,0.8316,0.8316,0.8316,0.8316
macro avg,0.8315061556684611,0.8323404012394974,0.8316,10000.0
weighted avg,0.831506155668461,0.8323404012394975,0.8316,10000.0
