,f1-score,precision,recall,support
0,0.8440657816524667,0.8362779740871613,0.852,5000.0
1,0.8411064001615183,0.849164288626172,0.8332,5000.0
accuracy,0.8426,0.8426,0.8426,0.8426
macro avg,0.8425860909069924,0.8427211313566667,0.8426,10000.0
weighted avg,0.8425860909069924,0.8427211313566666,0.8426,10000.0
