,f1-score,precision,recall,support
0,0.8376402759188717,0.8631444939528963,0.8136,5000.0
1,0.8466997180907943,0.8237185549460941,0.871,5000.0
accuracy,0.8423,0.8423,0.8423,0.8423
macro avg,0.842169997004833,0.8434315244494952,0.8423,10000.0
weighted avg,0.842169997004833,0.8434315244494952,0.8423,10000.0
