,f1-score,precision,recall,support
0,0.8611168777247248,0.8951230038843332,0.8296,5000.0
1,0.8709241751881149,0.841222512113306,0.9028,5000.0
accuracy,0.8662,0.8662,0.8662,0.8662
macro avg,0.8660205264564198,0.8681727579988197,0.8662000000000001,10000.0
weighted avg,0.86602052645642,0.8681727579988198,0.8662,10000.0
