,f1-score,precision,recall,support
0,0.845619335347432,0.8607011070110702,0.8310570071258907,3368.0
1,0.8508464681844716,0.8366819747416763,0.8654988123515439,3368.0
accuracy,0.8482779097387173,0.8482779097387173,0.8482779097387173,0.8482779097387173
macro avg,0.8482329017659518,0.8486915408763732,0.8482779097387173,6736.0
weighted avg,0.8482329017659518,0.8486915408763732,0.8482779097387173,6736.0
