,f1-score,precision,recall,support
0,0.862157446371754,0.8855154965211891,0.84,5000.0
1,0.8690650287608463,0.8478219516834696,0.8914,5000.0
accuracy,0.8657,0.8657,0.8657,0.8657
macro avg,0.8656112375663001,0.8666687241023294,0.8656999999999999,10000.0
weighted avg,0.8656112375663001,0.8666687241023293,0.8657,10000.0
