,f1-score,precision,recall,support
0,0.8487690504103166,0.851764705882353,0.8457943925233645,428.0
1,0.8552188552188552,0.8523489932885906,0.8581081081081081,444.0
accuracy,0.8520642201834863,0.8520642201834863,0.8520642201834863,0.8520642201834863
macro avg,0.8519939528145859,0.8520568495854718,0.8519512503157363,872.0
weighted avg,0.8520531253357652,0.8520622100203914,0.8520642201834863,872.0
