,f1-score,precision,recall,support
0,0.8481927710843373,0.8756218905472637,0.822429906542056,428.0
1,0.862144420131291,0.8382978723404255,0.8873873873873874,444.0
accuracy,0.8555045871559633,0.8555045871559633,0.8555045871559633,0.8555045871559633
macro avg,0.8551685956078141,0.8569598814438446,0.8549086469647218,872.0
weighted avg,0.8552965923880614,0.8566174592584608,0.8555045871559633,872.0
