,f1-score,precision,recall,support
0,0.8923076923076924,0.8909638554216868,0.8936555891238671,3310.0
1,0.9009708737864077,0.9022222222222223,0.8997229916897507,3610.0
accuracy,0.8968208092485549,0.8968208092485549,0.8968208092485549,0.8968208092485549
macro avg,0.89663928304705,0.8965930388219545,0.8966892904068089,6920.0
weighted avg,0.8968270687727448,0.8968370785647407,0.8968208092485549,6920.0
