,f1-score,precision,recall,support
0,0.8510131108462455,0.8686131386861314,0.8341121495327103,428.0
1,0.8618784530386739,0.8459869848156182,0.8783783783783784,444.0
accuracy,0.856651376146789,0.856651376146789,0.856651376146789,0.856651376146789
macro avg,0.8564457819424598,0.8573000617508748,0.8562452639555443,872.0
weighted avg,0.8565454639809224,0.8570924823575675,0.856651376146789,872.0
