,f1-score,precision,recall,support
0,0.8817086527929902,0.8807439824945296,0.8826754385964912,912.0
1,0.8810572687224669,0.8820286659316428,0.8800880088008801,909.0
accuracy,0.8813838550247117,0.8813838550247117,0.8813838550247117,0.8813838550247117
macro avg,0.8813829607577286,0.8813863242130862,0.8813817236986856,1821.0
weighted avg,0.8813834973179184,0.8813852659894971,0.8813838550247117,1821.0
