,f1-score,precision,recall,support
0,0.8419864559819413,0.8144104803493449,0.8714953271028038,428.0
1,0.8368298368298368,0.8671497584541062,0.8085585585585585,444.0
accuracy,0.8394495412844036,0.8394495412844036,0.8394495412844036,0.8394495412844036
macro avg,0.8394081464058891,0.8407801194017256,0.8400269428306811,872.0
weighted avg,0.839360837973301,0.8412639659898427,0.8394495412844036,872.0
