,f1-score,precision,recall,support
0,0.8253968253968255,0.8644501278772379,0.7897196261682243,428.0
1,0.8454054054054054,0.8128898128898129,0.8806306306306306,444.0
accuracy,0.8360091743119266,0.8360091743119266,0.8360091743119266,0.8360091743119266
macro avg,0.8354011154011154,0.8386699703835254,0.8351751283994275,872.0
weighted avg,0.8355846803553226,0.8381969399707967,0.8360091743119266,872.0
