,f1-score,precision,recall,support
0,0.8487446417636253,0.8603351955307262,0.8374622356495468,3310.0
1,0.8648056923918992,0.8545159545700378,0.8753462603878116,3610.0
accuracy,0.8572254335260115,0.8572254335260115,0.8572254335260115,0.8572254335260115
macro avg,0.8567751670777622,0.8574255750503821,0.8564042480186792,6920.0
weighted avg,0.8571233112387797,0.8572994354341821,0.8572254335260115,6920.0
