,f1-score,precision,recall,support
0,0.8465011286681715,0.8187772925764192,0.8761682242990654,428.0
1,0.8414918414918414,0.8719806763285024,0.8130630630630631,444.0
accuracy,0.8440366972477065,0.8440366972477065,0.8440366972477065,0.8440366972477065
macro avg,0.8439964850800065,0.8453789844524608,0.8446156436810642,872.0
weighted avg,0.8439505283169209,0.8458670888905533,0.8440366972477065,872.0
