,f1-score,precision,recall,support
0,0.8564539007092199,0.8072192513368984,0.9120845921450151,3310.0
1,0.8509572901325477,0.9084905660377358,0.8002770083102493,3610.0
accuracy,0.8537572254335261,0.8537572254335261,0.8537572254335261,0.8537572254335261
macro avg,0.8537055954208839,0.8578549086873171,0.8561808002276322,6920.0
weighted avg,0.8535864492378634,0.8600500961447053,0.8537572254335261,6920.0
