,f1-score,precision,recall,support
0,0.8469817501169864,0.8755240245082232,0.8202416918429003,3310.0
1,0.8679499259658097,0.8442000523697303,0.8930747922437673,3610.0
accuracy,0.8582369942196532,0.8582369942196532,0.8582369942196532,0.8582369942196532
macro avg,0.857465838041398,0.8598620384389768,0.8566582420433337,6920.0
weighted avg,0.8579203505236702,0.8591830506036047,0.8582369942196532,6920.0
