,f1-score,precision,recall,support
0,0.8323281061519904,0.8603491271820449,0.8060747663551402,428.0
1,0.848087431693989,0.8237791932059448,0.8738738738738738,444.0
accuracy,0.8405963302752294,0.8405963302752294,0.8405963302752294,0.8405963302752294
macro avg,0.8402077689229897,0.8420641601939949,0.839974320114507,872.0
weighted avg,0.840352349891265,0.8417286562125628,0.8405963302752294,872.0
