,f1-score,precision,recall,support
0,0.8294930875576038,0.8181818181818182,0.8411214953271028,428.0
1,0.8310502283105022,0.8425925925925926,0.8198198198198198,444.0
accuracy,0.8302752293577982,0.8302752293577982,0.8302752293577982,0.8302752293577982
macro avg,0.830271657934053,0.8303872053872055,0.8304706575734613,872.0
weighted avg,0.8302859436290337,0.8306111574460199,0.8302752293577982,872.0
