,f1-score,precision,recall,support
0,0.852317020355132,0.8161459773292784,0.8918429003021148,3310.0
1,0.852017937219731,0.8916136845292159,0.8157894736842105,3610.0
accuracy,0.8521676300578035,0.8521676300578035,0.8521676300578035,0.8521676300578035
macro avg,0.8521674787874315,0.8538798309292471,0.8538161869931626,6920.0
weighted avg,0.8521609957714908,0.8555156916344481,0.8521676300578035,6920.0
