,f1-score,precision,recall,support
0,0.8421052631578947,0.7541589648798521,0.9532710280373832,428.0
1,0.8025806451612902,0.9395770392749244,0.7004504504504504,444.0
accuracy,0.8245412844036697,0.8245412844036697,0.8245412844036697,0.8245412844036697
macro avg,0.8223429541595925,0.8468680020773882,0.8268607392439168,872.0
weighted avg,0.8219803429853116,0.8485690853287191,0.8245412844036697,872.0
