,f1-score,precision,recall,support
0,0.8484162895927603,0.8223684210526315,0.8761682242990654,428.0
1,0.8441860465116279,0.8725961538461539,0.8175675675675675,444.0
accuracy,0.8463302752293578,0.8463302752293578,0.8463302752293578,0.8463302752293578
macro avg,0.8463011680521941,0.8474822874493927,0.8468678959333165,872.0
weighted avg,0.8462623584826424,0.8479430923374067,0.8463302752293578,872.0
