,f1-score,precision,recall,support
0,0.7807486631016044,0.9125,0.6822429906542056,428.0
1,0.8353413654618475,0.7536231884057971,0.9369369369369369,444.0
accuracy,0.8119266055045872,0.8119266055045872,0.8119266055045872,0.8119266055045872
macro avg,0.8080450142817259,0.8330615942028985,0.8095899637955712,872.0
weighted avg,0.8085458647620951,0.8316040087754288,0.8119266055045872,872.0
