,f1-score,precision,recall,support
0,0.8380281690140844,0.8419811320754716,0.8341121495327103,428.0
1,0.8452914798206278,0.8415178571428571,0.8490990990990991,444.0
accuracy,0.841743119266055,0.841743119266055,0.841743119266055,0.841743119266055
macro avg,0.8416598244173561,0.8417494946091644,0.8416056243159047,872.0
weighted avg,0.8417264602963151,0.8417452443804248,0.841743119266055,872.0
