,f1-score,precision,recall,support
0,0.8521298372161029,0.8311466058185967,0.8742,5000.0
1,0.8442665024124835,0.8673275680236238,0.8224,5000.0
accuracy,0.8483,0.8483,0.8483,0.8483
macro avg,0.8481981698142932,0.8492370869211102,0.8483,10000.0
weighted avg,0.8481981698142932,0.8492370869211103,0.8483,10000.0
