,f1-score,precision,recall,support
0,0.8544664413326896,0.8261437908496732,0.8848,5000.0
1,0.8437532400207362,0.8759956942949408,0.8138,5000.0
accuracy,0.8493,0.8493,0.8493,0.8493
macro avg,0.8491098406767128,0.851069742572307,0.8492999999999999,10000.0
weighted avg,0.8491098406767129,0.8510697425723068,0.8493,10000.0
