,f1-score,precision,recall,support
0,0.8495736906211936,0.8625309150865622,0.837,5000.0
1,0.8539613716988568,0.8416860916860917,0.8666,5000.0
accuracy,0.8518,0.8518,0.8518,0.8518
macro avg,0.8517675311600252,0.8521085033863269,0.8518,10000.0
weighted avg,0.8517675311600251,0.852108503386327,0.8518,10000.0
