,f1-score,precision,recall,support
0,0.8586434573829531,0.8680218446601942,0.8494655581947743,3368.0
1,0.8616333725029377,0.8526162790697674,0.8708432304038005,3368.0
accuracy,0.8601543942992874,0.8601543942992874,0.8601543942992874,0.8601543942992874
macro avg,0.8601384149429454,0.8603190618649807,0.8601543942992874,6736.0
weighted avg,0.8601384149429454,0.8603190618649807,0.8601543942992874,6736.0
