,f1-score,precision,recall,support
0,0.8822866509578936,0.9044318420499895,0.8612,5000.0
1,0.8877820099619103,0.867531971750334,0.909,5000.0
accuracy,0.8851,0.8851,0.8851,0.8851
macro avg,0.885034330459902,0.8859819069001618,0.8851,10000.0
weighted avg,0.8850343304599021,0.8859819069001617,0.8851,10000.0
