,f1-score,precision,recall,support
0,0.8230958230958231,0.8678756476683938,0.7827102803738317,428.0
1,0.8451612903225806,0.808641975308642,0.8851351351351351,444.0
accuracy,0.8348623853211009,0.8348623853211009,0.8348623853211009,0.8348623853211009
macro avg,0.8341285567092018,0.8382588114885179,0.8339227077544834,872.0
weighted avg,0.8343309921883464,0.8377153833017312,0.8348623853211009,872.0
