,f1-score,precision,recall,support
0,0.8743645606390704,0.8419580419580419,0.9093655589123867,3310.0
1,0.8756290438533428,0.9103139013452914,0.8434903047091413,3610.0
accuracy,0.875,0.875,0.875,0.875
macro avg,0.8749968022462067,0.8761359716516667,0.876427931810764,6920.0
weighted avg,0.875024211564435,0.8776176738060145,0.875,6920.0
