,f1-score,precision,recall,support
0,0.8516284680337757,0.8802992518703242,0.8247663551401869,428.0
1,0.8655737704918033,0.8407643312101911,0.8918918918918919,444.0
accuracy,0.8589449541284404,0.8589449541284404,0.8589449541284404,0.8589449541284404
macro avg,0.8586011192627895,0.8605317915402577,0.8583291235160394,872.0
weighted avg,0.8587290578174502,0.860169085846128,0.8589449541284404,872.0
