,f1-score,precision,recall,support
0,0.875912408759124,0.8975834292289988,0.8552631578947368,912.0
1,0.8812466415905427,0.8613445378151261,0.9020902090209021,909.0
accuracy,0.8786381109280615,0.8786381109280615,0.8786381109280615,0.8786381109280615
macro avg,0.8785795251748334,0.8794639835220625,0.8786766834578195,1821.0
weighted avg,0.8785751312433412,0.8794938343387131,0.8786381109280615,1821.0
