,f1-score,precision,recall,support
0,0.8771929824561404,0.8782556026650515,0.8761329305135952,3310.0
1,0.8876591034864416,0.886677722498618,0.8886426592797784,3610.0
accuracy,0.8826589595375722,0.8826589595375722,0.8826589595375722,0.8826589595375722
macro avg,0.882426042971291,0.8824666625818347,0.8823877948966867,6920.0
weighted avg,0.8826529097566299,0.8826492229828514,0.8826589595375722,6920.0
