,f1-score,precision,recall,support
0,0.7897408963585434,0.7022104607721046,0.9022,5000.0
1,0.7199160447761194,0.863255033557047,0.6174,5000.0
accuracy,0.7598,0.7598,0.7598,0.7598
macro avg,0.7548284705673314,0.7827327471645757,0.7598,10000.0
weighted avg,0.7548284705673314,0.7827327471645759,0.7598,10000.0
