,f1-score,precision,recall,support
0,0.8474970896391152,0.8229088168801808,0.8736,5000.0
1,0.8378043747420553,0.8653026427962489,0.812,5000.0
accuracy,0.8428,0.8428,0.8428,0.8428
macro avg,0.8426507321905852,0.8441057298382149,0.8428,10000.0
weighted avg,0.8426507321905852,0.844105729838215,0.8428,10000.0
