,f1-score,precision,recall,support
0,0.8717044006664707,0.854699211993081,0.8894,5000.0
1,0.8663876696948046,0.8847196164269335,0.8488,5000.0
accuracy,0.8691,0.8691,0.8691,0.8691
macro avg,0.8690460351806377,0.8697094142100072,0.8691,10000.0
weighted avg,0.8690460351806377,0.8697094142100071,0.8691,10000.0
