,f1-score,precision,recall,support
0,0.8515715948777649,0.8268651092690279,0.8778,5000.0
1,0.8421378456458936,0.8697783461210571,0.8162,5000.0
accuracy,0.847,0.847,0.847,0.847
macro avg,0.8468547202618293,0.8483217276950425,0.847,10000.0
weighted avg,0.8468547202618293,0.8483217276950425,0.847,10000.0
