,f1-score,precision,recall,support
0,0.8078327248589444,0.9039366179747462,0.7302,5000.0
1,0.8415290575677402,0.7736956886428452,0.9224,5000.0
accuracy,0.8263,0.8263,0.8263,0.8263
macro avg,0.8246808912133423,0.8388161533087957,0.8263,10000.0
weighted avg,0.8246808912133423,0.8388161533087958,0.8263,10000.0
