,f1-score,precision,recall,support
0,0.8484037075180227,0.8745222929936306,0.8238,5000.0
1,0.8569484936831875,0.8334593572778828,0.8818,5000.0
accuracy,0.8528,0.8528,0.8528,0.8528
macro avg,0.8526761006006052,0.8539908251357566,0.8528,10000.0
weighted avg,0.8526761006006051,0.8539908251357566,0.8528,10000.0
