,f1-score,precision,recall,support
0,0.8544091536792267,0.8429349941611523,0.8662,5000.0
1,0.8503346177245995,0.8624023035787741,0.8386,5000.0
accuracy,0.8524,0.8524,0.8524,0.8524
macro avg,0.8523718857019131,0.8526686488699632,0.8524,10000.0
weighted avg,0.8523718857019132,0.8526686488699632,0.8524,10000.0
