,f1-score,precision,recall,support
0,0.8862502494512075,0.8843090402230187,0.8882,5000.0
1,0.8857486470234516,0.8877059059863399,0.8838,5000.0
accuracy,0.886,0.886,0.886,0.886
macro avg,0.8859994482373295,0.8860074731046793,0.886,10000.0
weighted avg,0.8859994482373295,0.8860074731046792,0.886,10000.0
