,f1-score,precision,recall,support
0,0.8598518518518519,0.8580721466587817,0.8616389548693587,3368.0
1,0.8592680749776851,0.8610614192009541,0.8574821852731591,3368.0
accuracy,0.8595605700712589,0.8595605700712589,0.8595605700712589,0.8595605700712589
macro avg,0.8595599634147685,0.8595667829298679,0.859560570071259,6736.0
weighted avg,0.8595599634147685,0.859566782929868,0.8595605700712589,6736.0
