,f1-score,precision,recall,support
0,0.8713812472994383,0.8326451968070465,0.9138972809667674,3310.0
1,0.8705234159779615,0.9132947976878613,0.8315789473684211,3610.0
accuracy,0.8709537572254336,0.8709537572254336,0.8709537572254336,0.8709537572254336
macro avg,0.8709523316386999,0.8729699972474538,0.8727381141675943,6920.0
weighted avg,0.8709337370291304,0.874718182237645,0.8709537572254336,6920.0
