,f1-score,precision,recall,support
0,0.8468899521531101,0.8676470588235294,0.8271028037383178,428.0
1,0.8590308370044053,0.8405172413793104,0.8783783783783784,444.0
accuracy,0.8532110091743119,0.8532110091743119,0.8532110091743119,0.8532110091743119
macro avg,0.8529603945787577,0.85408215010142,0.8527405910583481,872.0
weighted avg,0.8530717788434484,0.8538332526936748,0.8532110091743119,872.0
