,f1-score,precision,recall,support
0,0.8854961832061068,0.8774844259863542,0.8936555891238671,3310.0
1,0.8931415002095264,0.9008171315863623,0.885595567867036,3610.0
accuracy,0.8894508670520231,0.8894508670520231,0.8894508670520231,0.8894508670520231
macro avg,0.8893188417078166,0.8891507787863583,0.8896255784954515,6920.0
weighted avg,0.8894845638971971,0.8896565455262428,0.8894508670520231,6920.0
