,f1-score,precision,recall,support
0,0.87292817679558,0.8797327394209354,0.8662280701754386,912.0
1,0.8744541484716156,0.8678223185265439,0.8811881188118812,909.0
accuracy,0.8736957715540912,0.8736957715540912,0.8736957715540912,0.8736957715540912
macro avg,0.8736911626335978,0.8737775289737397,0.8737080944936599,1821.0
weighted avg,0.8736899056552815,0.8737873398640975,0.8736957715540912,1821.0
