,f1-score,precision,recall,support
0,0.7070635899242558,0.6317280453257791,0.8028,5000.0
1,0.6153134397409206,0.7295666483817883,0.532,5000.0
accuracy,0.6674,0.6674,0.6674,0.6674
macro avg,0.6611885148325882,0.6806473468537837,0.6674,10000.0
weighted avg,0.6611885148325882,0.6806473468537837,0.6674,10000.0
