,f1-score,precision,recall,support
0,0.7079123826553421,0.6400970088924818,0.7918,5000.0
1,0.6293817356778219,0.727129750982962,0.5548,5000.0
accuracy,0.6733,0.6733,0.6733,0.6733
macro avg,0.668647059166582,0.6836133799377219,0.6733,10000.0
weighted avg,0.668647059166582,0.6836133799377219,0.6733,10000.0
