,f1-score,precision,recall,support
0,0.786815433097692,0.685209909508975,0.9238,5000.0
1,0.6969366751422691,0.8830929733046947,0.5756,5000.0
accuracy,0.7497,0.7497,0.7497,0.7497
macro avg,0.7418760541199805,0.7841514414068349,0.7497,10000.0
weighted avg,0.7418760541199805,0.7841514414068348,0.7497,10000.0
