,f1-score,precision,recall,support
0,0.7939663440578951,0.7038182099242541,0.9106,5000.0
1,0.7230101981010433,0.8734069668649108,0.6168,5000.0
accuracy,0.7637,0.7637,0.7637,0.7637
macro avg,0.7584882710794691,0.7886125883945825,0.7637,10000.0
weighted avg,0.7584882710794691,0.7886125883945825,0.7637,10000.0
