,f1-score,precision,recall,support
0,0.8369680084542223,0.8053244592346089,0.8712,5000.0
1,0.8230632884996351,0.8597255499891091,0.7894,5000.0
accuracy,0.8303,0.8303,0.8303,0.8303
macro avg,0.8300156484769287,0.8325250046118591,0.8303,10000.0
weighted avg,0.8300156484769287,0.832525004611859,0.8303,10000.0
