,f1-score,precision,recall,support
0,0.8450374987825071,0.8236187583064363,0.8676,5000.0
1,0.8365354977910202,0.8601309951405028,0.8142,5000.0
accuracy,0.8409,0.8409,0.8409,0.8409
macro avg,0.8407864982867637,0.8418748767234696,0.8409,10000.0
weighted avg,0.8407864982867636,0.8418748767234694,0.8409,10000.0
