,f1-score,precision,recall,support
0,0.8287878787878789,0.903066037735849,0.7658,5000.0
1,0.8529739776951671,0.7967013888888889,0.9178,5000.0
accuracy,0.8418,0.8418,0.8418,0.8418
macro avg,0.840880928241523,0.8498837133123689,0.8418,10000.0
weighted avg,0.840880928241523,0.8498837133123689,0.8418,10000.0
