,f1-score,precision,recall,support
0,0.8394028715413141,0.8000725031720137,0.8828,5000.0
1,0.8218918063903827,0.8692839616328352,0.7794,5000.0
accuracy,0.8311,0.8311,0.8311,0.8311
macro avg,0.8306473389658484,0.8346782324024244,0.8311,10000.0
weighted avg,0.8306473389658484,0.8346782324024246,0.8311,10000.0
