,f1-score,precision,recall,support
0,0.8579704547648932,0.8293821168564495,0.8886,5000.0
1,0.8474541117909365,0.8800344604781392,0.8172,5000.0
accuracy,0.8529,0.8529,0.8529,0.8529
macro avg,0.8527122832779148,0.8547082886672943,0.8529,10000.0
weighted avg,0.8527122832779148,0.8547082886672942,0.8529,10000.0
