,f1-score,precision,recall,support
0,0.8397008287851223,0.8487944421740907,0.8308,5000.0
1,0.8430635266178508,0.8343125734430082,0.852,5000.0
accuracy,0.8414,0.8414,0.8414,0.8414
macro avg,0.8413821777014865,0.8415535078085494,0.8413999999999999,10000.0
weighted avg,0.8413821777014866,0.8415535078085495,0.8414,10000.0
