,f1-score,precision,recall,support
0,0.8673056022132201,0.8570591681312244,0.8778,5000.0
1,0.8640550663022574,0.8747694199631072,0.8536,5000.0
accuracy,0.8657,0.8657,0.8657,0.8657
macro avg,0.8656803342577387,0.8659142940471658,0.8657,10000.0
weighted avg,0.8656803342577386,0.8659142940471658,0.8657,10000.0
