,f1-score,precision,recall,support
0,0.8502745214423506,0.8498961732423613,0.8506532066508313,3368.0
1,0.850141096093866,0.850520059435364,0.8497624703087886,3368.0
accuracy,0.85020783847981,0.85020783847981,0.85020783847981,0.85020783847981
macro avg,0.8502078087681083,0.8502081163388626,0.85020783847981,6736.0
weighted avg,0.8502078087681083,0.8502081163388626,0.85020783847981,6736.0
