,f1-score,precision,recall,support
0,0.8656050309362004,0.8781642313233176,0.8534,5000.0
1,0.8693422739374815,0.8574207352655125,0.8816,5000.0
accuracy,0.8675,0.8675,0.8675,0.8675
macro avg,0.8674736524368409,0.867792483294415,0.8675,10000.0
weighted avg,0.867473652436841,0.867792483294415,0.8675,10000.0
