,f1-score,precision,recall,support
0,0.897100796154424,0.8921422169106663,0.9021148036253777,3310.0
1,0.9046359459835723,0.9093198992443325,0.9,3610.0
accuracy,0.9010115606936416,0.9010115606936416,0.9010115606936416,0.9010115606936416
macro avg,0.9008683710689982,0.9007310580774994,0.9010574018126889,6920.0
weighted avg,0.9010317052415953,0.9011034066829979,0.9010115606936416,6920.0
