,f1-score,precision,recall,support
0,0.7827069793727042,0.7397187110557237,0.831,5000.0
1,0.7541298092294575,0.8072096737394479,0.7076,5000.0
accuracy,0.7693,0.7693,0.7693,0.7693
macro avg,0.7684183943010808,0.7734641923975858,0.7693,10000.0
weighted avg,0.7684183943010808,0.7734641923975858,0.7693,10000.0
