,f1-score,precision,recall,support
0,0.8140714134798225,0.8627407075682938,0.7706,5000.0
1,0.8329219669641162,0.7927358149620528,0.8774,5000.0
accuracy,0.824,0.824,0.824,0.824
macro avg,0.8234966902219694,0.8277382612651734,0.824,10000.0
weighted avg,0.8234966902219694,0.8277382612651735,0.824,10000.0
