,f1-score,precision,recall,support
0,0.823818687192645,0.8849333945796969,0.7706,5000.0
1,0.8452000751455947,0.7968473255402054,0.8998,5000.0
accuracy,0.8352,0.8352,0.8352,0.8352
macro avg,0.8345093811691198,0.8408903600599511,0.8351999999999999,10000.0
weighted avg,0.8345093811691199,0.8408903600599511,0.8352,10000.0
