,f1-score,precision,recall,support
0,0.7441122635753509,0.9543035993740219,0.6098,5000.0
1,0.8223634053367217,0.7132990448199853,0.9708,5000.0
accuracy,0.7903,0.7903,0.7903,0.7903
macro avg,0.7832378344560362,0.8338013220970035,0.7903,10000.0
weighted avg,0.7832378344560363,0.8338013220970035,0.7903,10000.0
