,f1-score,precision,recall,support
0,0.8473014919395213,0.8484058552235814,0.8462,5000.0
1,0.8476979926096074,0.8465988430081788,0.8488,5000.0
accuracy,0.8475,0.8475,0.8475,0.8475
macro avg,0.8474997422745644,0.8475023491158801,0.8474999999999999,10000.0
weighted avg,0.8474997422745644,0.8475023491158802,0.8475,10000.0
