,f1-score,precision,recall,support
0,0.8627808136004858,0.8732077017615731,0.8526,5000.0
1,0.8659814192528167,0.8559984368894099,0.8762,5000.0
accuracy,0.8644,0.8644,0.8644,0.8644
macro avg,0.8643811164266513,0.8646030693254916,0.8644000000000001,10000.0
weighted avg,0.8643811164266514,0.8646030693254914,0.8644,10000.0
