,f1-score,precision,recall,support
0,0.82062298603652,0.8863109048723898,0.764,5000.0
1,0.8437792329279701,0.7926186291739895,0.902,5000.0
accuracy,0.833,0.833,0.833,0.833
macro avg,0.832201109482245,0.8394647670231896,0.833,10000.0
weighted avg,0.832201109482245,0.8394647670231896,0.833,10000.0
