,f1-score,precision,recall,support
0,0.8413180143073922,0.9183625177472787,0.7762,5000.0
1,0.8641173194728049,0.8062002078281953,0.931,5000.0
accuracy,0.8536,0.8536,0.8536,0.8536
macro avg,0.8527176668900985,0.862281362787737,0.8536,10000.0
weighted avg,0.8527176668900985,0.862281362787737,0.8536,10000.0
