,f1-score,precision,recall,support
0,0.851285069648813,0.8353869849826723,0.8678,5000.0
1,0.8454007750356924,0.8624635871826883,0.829,5000.0
accuracy,0.8484,0.8484,0.8484,0.8484
macro avg,0.8483429223422527,0.8489252860826804,0.8484,10000.0
weighted avg,0.8483429223422528,0.8489252860826804,0.8484,10000.0
