,f1-score,precision,recall,support
0,0.851987649556156,0.8230797912005966,0.883,5000.0
1,0.8408053134080532,0.8738136324417601,0.8102,5000.0
accuracy,0.8466,0.8466,0.8466,0.8466
macro avg,0.8463964814821046,0.8484467118211784,0.8466,10000.0
weighted avg,0.8463964814821047,0.8484467118211784,0.8466,10000.0
