,f1-score,precision,recall,support
0,0.881560975609756,0.8605714285714285,0.9036,5000.0
1,0.8754871794871795,0.8985263157894737,0.8536,5000.0
accuracy,0.8786,0.8786,0.8786,0.8786
macro avg,0.8785240775484677,0.8795488721804512,0.8786,10000.0
weighted avg,0.8785240775484677,0.8795488721804512,0.8786,10000.0
