,f1-score,precision,recall,support
0,0.8370432591348174,0.881078691423519,0.7972,5000.0
1,0.8518518518518519,0.8148283418553689,0.8924,5000.0
accuracy,0.8448,0.8448,0.8448,0.8448
macro avg,0.8444475554933346,0.847953516639444,0.8448,10000.0
weighted avg,0.8444475554933346,0.8479535166394438,0.8448,10000.0
