,f1-score,precision,recall,support
0,0.867928518557682,0.9207987435494728,0.8208,5000.0
1,0.8815327705586644,0.8383546815803716,0.9294,5000.0
accuracy,0.8751,0.8751,0.8751,0.8751
macro avg,0.8747306445581733,0.8795767125649222,0.8751,10000.0
weighted avg,0.8747306445581733,0.8795767125649221,0.8751,10000.0
