,f1-score,precision,recall,support
0,0.8629832617390016,0.8610700561631688,0.8649049881235155,3368.0
1,0.8623716708823093,0.8643006263048016,0.8604513064133017,3368.0
accuracy,0.8626781472684085,0.8626781472684085,0.8626781472684085,0.8626781472684085
macro avg,0.8626774663106554,0.8626853412339852,0.8626781472684086,6736.0
weighted avg,0.8626774663106553,0.8626853412339852,0.8626781472684085,6736.0
