,f1-score,precision,recall,support
0,0.7760411414742361,0.7825910107789302,0.7696,5000.0
1,0.77972825547952,0.7733621876844383,0.7862,5000.0
accuracy,0.7779,0.7779,0.7779,0.7779
macro avg,0.777884698476878,0.7779765992316843,0.7779,10000.0
weighted avg,0.777884698476878,0.7779765992316843,0.7779,10000.0
