,f1-score,precision,recall,support
0,0.8220596109227201,0.7421849822752176,0.9212,5000.0
1,0.7732544916988857,0.8961518186610438,0.68,5000.0
accuracy,0.8006,0.8006,0.8006,0.8006
macro avg,0.7976570513108029,0.8191684004681307,0.8006,10000.0
weighted avg,0.7976570513108029,0.8191684004681307,0.8006,10000.0
