,f1-score,precision,recall,support
0,0.8270423719903269,0.8718687652405231,0.7866,5000.0
1,0.8431690342263324,0.8056112224448898,0.8844,5000.0
accuracy,0.8355,0.8355,0.8355,0.8355
macro avg,0.8351057031083297,0.8387399938427065,0.8354999999999999,10000.0
weighted avg,0.8351057031083295,0.8387399938427065,0.8355,10000.0
