,f1-score,precision,recall,support
0,0.8340253380176726,0.8916458001365809,0.7834,5000.0
1,0.8530215895163572,0.806848582129481,0.9048,5000.0
accuracy,0.8441,0.8441,0.8441,0.8441
macro avg,0.8435234637670149,0.8492471911330309,0.8441000000000001,10000.0
weighted avg,0.843523463767015,0.8492471911330309,0.8441,10000.0
