,f1-score,precision,recall,support
0,0.7970413538047743,0.9064491460616875,0.7112,5000.0
1,0.8365080798050013,0.7623827546486753,0.9266,5000.0
accuracy,0.8189,0.8189,0.8189,0.8189
macro avg,0.8167747168048878,0.8344159503551813,0.8189,10000.0
weighted avg,0.8167747168048878,0.8344159503551815,0.8189,10000.0
