,f1-score,precision,recall,support
0,0.8162532270737456,0.9301611665387567,0.7272,5000.0
1,0.8524028491569742,0.7760630438351667,0.9454,5000.0
accuracy,0.8363,0.8363,0.8363,0.8363
macro avg,0.8343280381153599,0.8531121051869617,0.8363,10000.0
weighted avg,0.8343280381153599,0.8531121051869617,0.8363,10000.0
