,f1-score,precision,recall,support
0,0.8514619883040936,0.8304182509505703,0.8736,5000.0
1,0.8435318275154003,0.8666666666666667,0.8216,5000.0
accuracy,0.8476,0.8476,0.8476,0.8476
macro avg,0.847496907909747,0.8485424588086186,0.8476,10000.0
weighted avg,0.847496907909747,0.8485424588086186,0.8476,10000.0
