,f1-score,precision,recall,support
0,0.8722440944881891,0.8587209302325581,0.8862,5000.0
1,0.868089430894309,0.8824380165289256,0.8542,5000.0
accuracy,0.8702,0.8702,0.8702,0.8702
macro avg,0.870166762691249,0.8705794733807419,0.8702,10000.0
weighted avg,0.870166762691249,0.8705794733807419,0.8702,10000.0
