,f1-score,precision,recall,support
0,0.8493513871792444,0.8065096205718396,0.897,5000.0
1,0.8314440088992479,0.8839828790268078,0.7848,5000.0
accuracy,0.8409,0.8409,0.8409,0.8409
macro avg,0.8403976980392461,0.8452462497993237,0.8409,10000.0
weighted avg,0.8403976980392461,0.8452462497993237,0.8409,10000.0
