,f1-score,precision,recall,support
0,0.8754421183443266,0.8384911188427028,0.9158,5000.0
1,0.8634028724184925,0.9072482925754571,0.8236,5000.0
accuracy,0.8697,0.8697,0.8697,0.8697
macro avg,0.8694224953814096,0.87286970570908,0.8696999999999999,10000.0
weighted avg,0.8694224953814095,0.87286970570908,0.8697,10000.0
