,f1-score,precision,recall,support
0,0.879589578513228,0.8848411252782837,0.8744,5000.0
1,0.8810020876826723,0.8758647954141134,0.8862,5000.0
accuracy,0.8803,0.8803,0.8803,0.8803
macro avg,0.8802958330979502,0.8803529603461986,0.8803,10000.0
weighted avg,0.8802958330979501,0.8803529603461986,0.8803,10000.0
