,f1-score,precision,recall,support
0,0.8743916330123226,0.906592226755422,0.8444,5000.0
1,0.8827226143285314,0.8543889200823508,0.913,5000.0
accuracy,0.8787,0.8787,0.8787,0.8787
macro avg,0.878557123670427,0.8804905734188864,0.8787,10000.0
weighted avg,0.8785571236704269,0.8804905734188861,0.8787,10000.0
