,f1-score,precision,recall,support
0,0.8386218452193948,0.8801934491096944,0.8008,5000.0
1,0.8525499952157688,0.8172812328013208,0.891,5000.0
accuracy,0.8459,0.8459,0.8459,0.8459
macro avg,0.8455859202175817,0.8487373409555077,0.8459,10000.0
weighted avg,0.8455859202175817,0.8487373409555076,0.8459,10000.0
