,f1-score,precision,recall,support
0,0.850494357335464,0.8493915818870935,0.8516,5000.0
1,0.850105136677681,0.8512131542009224,0.849,5000.0
accuracy,0.8503,0.8503,0.8503,0.8503
macro avg,0.8502997470065725,0.8503023680440079,0.8503000000000001,10000.0
weighted avg,0.8502997470065726,0.8503023680440079,0.8503,10000.0
