,f1-score,precision,recall,support
0,0.7445777572681126,0.8797709923664122,0.6454,5000.0
1,0.8046240734204024,0.7199936828806064,0.9118,5000.0
accuracy,0.7786,0.7786,0.7786,0.7786
macro avg,0.7746009153442575,0.7998823376235094,0.7786,10000.0
weighted avg,0.7746009153442576,0.7998823376235094,0.7786,10000.0
