,f1-score,precision,recall,support
0,0.854057209573847,0.8305421515753619,0.8789426254130369,3329.0
1,0.8452970297029703,0.871451355661882,0.8206668669270051,3329.0
accuracy,0.849804746170021,0.849804746170021,0.849804746170021,0.849804746170021
macro avg,0.8496771196384086,0.850996753618622,0.849804746170021,6658.0
weighted avg,0.8496771196384086,0.850996753618622,0.849804746170021,6658.0
