,f1-score,precision,recall,support
0,0.8574386276249631,0.8444509175648122,0.8708320817062181,3329.0
1,0.8529142508391822,0.8666666666666667,0.8395914689095825,3329.0
accuracy,0.8552117753079003,0.8552117753079003,0.8552117753079003,0.8552117753079003
macro avg,0.8551764392320726,0.8555587921157395,0.8552117753079003,6658.0
weighted avg,0.8551764392320728,0.8555587921157395,0.8552117753079003,6658.0
