,f1-score,precision,recall,support
0,0.8598560575769693,0.8595123900879297,0.8602,5000.0
1,0.8597438975590236,0.860088070456365,0.8594,5000.0
accuracy,0.8598,0.8598,0.8598,0.8598
macro avg,0.8597999775679964,0.8598002302721474,0.8598,10000.0
weighted avg,0.8597999775679964,0.8598002302721474,0.8598,10000.0
