,f1-score,precision,recall,support
0,0.8619026742656729,0.8392145702902675,0.885851607089216,3329.0
1,0.8540089602966168,0.8791348600508906,0.8302793631721238,3329.0
accuracy,0.8580654851306698,0.8580654851306698,0.8580654851306698,0.8580654851306698
macro avg,0.8579558172811448,0.8591747151705791,0.8580654851306699,6658.0
weighted avg,0.8579558172811449,0.859174715170579,0.8580654851306698,6658.0
