,f1-score,precision,recall,support
0,0.8750740082889283,0.8636540708998831,0.8868,5000.0
1,0.8716805189539834,0.8836826962597616,0.86,5000.0
accuracy,0.8734,0.8734,0.8734,0.8734
macro avg,0.8733772636214558,0.8736683835798223,0.8734,10000.0
weighted avg,0.8733772636214558,0.8736683835798223,0.8734,10000.0
