,f1-score,precision,recall,support
0,0.8589562764456982,0.8096250997075246,0.9146890958245719,3329.0
1,0.83938323160938,0.9019675526406628,0.7849203965154701,3329.0
accuracy,0.849804746170021,0.849804746170021,0.849804746170021,0.849804746170021
macro avg,0.8491697540275391,0.8557963261740937,0.849804746170021,6658.0
weighted avg,0.849169754027539,0.8557963261740936,0.849804746170021,6658.0
