,f1-score,precision,recall,support
0,0.8599078341013825,0.8799119773656083,0.8407930309402223,3329.0
1,0.8660005877167205,0.8475697440322116,0.885250826073896,3329.0
accuracy,0.8630219285070592,0.8630219285070592,0.8630219285070592,0.8630219285070592
macro avg,0.8629542109090516,0.86374086069891,0.8630219285070592,6658.0
weighted avg,0.8629542109090514,0.8637408606989099,0.8630219285070592,6658.0
