,f1-score,precision,recall,support
0,0.8666466886424932,0.8645739910313901,0.8687293481525984,3329.0
1,0.8660042155977116,0.8680953818291579,0.863923100030039,3329.0
accuracy,0.8663262240913188,0.8663262240913188,0.8663262240913188,0.8663262240913188
macro avg,0.8663254521201024,0.866334686430274,0.8663262240913188,6658.0
weighted avg,0.8663254521201024,0.8663346864302741,0.8663262240913188,6658.0
