,f1-score,precision,recall,support
0,0.6166480029861888,0.8159367797168258,0.4956,5000.0
1,0.7424559057092703,0.6377997989372397,0.8882,5000.0
accuracy,0.6919,0.6919,0.6919,0.6919
macro avg,0.6795519543477295,0.7268682893270327,0.6919,10000.0
weighted avg,0.6795519543477296,0.7268682893270326,0.6919,10000.0
