,f1-score,precision,recall,support
0,0.8195378765720971,0.7995054213429713,0.8406,5000.0
1,0.81001744842451,0.8319628926839553,0.7892,5000.0
accuracy,0.8149,0.8149,0.8149,0.8149
macro avg,0.8147776624983035,0.8157341570134633,0.8149,10000.0
weighted avg,0.8147776624983035,0.8157341570134633,0.8149,10000.0
