,f1-score,precision,recall,support
0,0.8185612082670907,0.8133886255924171,0.8238,5000.0
1,0.8162238325281804,0.821515397082658,0.811,5000.0
accuracy,0.8174,0.8174,0.8174,0.8174
macro avg,0.8173925203976355,0.8174520113375375,0.8174,10000.0
weighted avg,0.8173925203976355,0.8174520113375374,0.8174,10000.0
