,f1-score,precision,recall,support
0,0.742595713941729,0.9328493647912885,0.6168,5000.0
1,0.8171711989054216,0.7137735285330147,0.9556,5000.0
accuracy,0.7862,0.7862,0.7862,0.7862
macro avg,0.7798834564235753,0.8233114466621516,0.7862,10000.0
weighted avg,0.7798834564235753,0.8233114466621515,0.7862,10000.0
