,f1-score,precision,recall,support
0,0.8372472942617928,0.8552357113057989,0.82,5000.0
1,0.8438173623358808,0.8271225509028045,0.8612,5000.0
accuracy,0.8406,0.8406,0.8406,0.8406
macro avg,0.8405323282988368,0.8411791311043018,0.8406,10000.0
weighted avg,0.8405323282988367,0.8411791311043016,0.8406,10000.0
