,f1-score,precision,recall,support
0,0.85708372141157,0.8880549002787905,0.8282,5000.0
1,0.8664022443649029,0.8390481543938543,0.8956,5000.0
accuracy,0.8619,0.8619,0.8619,0.8619
macro avg,0.8617429828882364,0.8635515273363223,0.8619,10000.0
weighted avg,0.8617429828882363,0.8635515273363223,0.8619,10000.0
