,f1-score,precision,recall,support
0,0.857112904916658,0.9006389072482925,0.8176,5000.0
1,0.8697065290125228,0.8329976194836111,0.9098,5000.0
accuracy,0.8637,0.8637,0.8637,0.8637
macro avg,0.8634097169645905,0.8668182633659518,0.8637,10000.0
weighted avg,0.8634097169645903,0.8668182633659519,0.8637,10000.0
