,f1-score,precision,recall,support
0,0.8481262327416174,0.8365758754863813,0.86,5000.0
1,0.8438133874239351,0.8559670781893004,0.832,5000.0
accuracy,0.846,0.846,0.846,0.846
macro avg,0.8459698100827762,0.8462714768378409,0.846,10000.0
weighted avg,0.8459698100827762,0.846271476837841,0.846,10000.0
