,f1-score,precision,recall,support
0,0.8705670206371467,0.87213970293055,0.869,5000.0
1,0.8710321421441406,0.8694699083300119,0.8726,5000.0
accuracy,0.8708,0.8708,0.8708,0.8708
macro avg,0.8707995813906437,0.870804805630281,0.8708,10000.0
weighted avg,0.8707995813906436,0.8708048056302811,0.8708,10000.0
