,f1-score,precision,recall,support
0,0.8518574221687472,0.8631514782078634,0.8408551068883611,3368.0
1,0.8556353510186135,0.844862518089725,0.8666864608076009,3368.0
accuracy,0.853770783847981,0.853770783847981,0.853770783847981,0.853770783847981
macro avg,0.8537463865936803,0.8540069981487942,0.853770783847981,6736.0
weighted avg,0.8537463865936804,0.8540069981487941,0.853770783847981,6736.0
