,f1-score,precision,recall,support
0,0.8653271509531171,0.8924548352816153,0.8398,5000.0
1,0.8730451675570665,0.8487252124645892,0.8988,5000.0
accuracy,0.8693,0.8693,0.8693,0.8693
macro avg,0.8691861592550918,0.8705900238731022,0.8693,10000.0
weighted avg,0.8691861592550918,0.8705900238731022,0.8693,10000.0
