,f1-score,precision,recall,support
0,0.8355855855855856,0.8065217391304348,0.866822429906542,428.0
1,0.8294392523364487,0.8616504854368932,0.7995495495495496,444.0
accuracy,0.8325688073394495,0.8325688073394495,0.8325688073394495,0.8325688073394495
macro avg,0.8325124189610171,0.834086112283664,0.8331859897280458,872.0
weighted avg,0.8324560305825847,0.8345918805984022,0.8325688073394495,872.0
