,f1-score,precision,recall,support
0,0.8599745150785786,0.8092192912336797,0.9175226586102719,3310.0
1,0.8540652205990851,0.9137985475213135,0.8016620498614958,3610.0
accuracy,0.8570809248554914,0.8570809248554914,0.8570809248554914,0.8570809248554914
macro avg,0.8570198678388319,0.8615089193774966,0.8595923542358839,6920.0
weighted avg,0.8568917761954903,0.8637758107710147,0.8570809248554914,6920.0
