,f1-score,precision,recall,support
0,0.8665893271461717,0.8332403792526492,0.9027190332326284,3310.0
1,0.8675115207373273,0.9034193161367726,0.8343490304709141,3610.0
accuracy,0.8670520231213873,0.8670520231213873,0.8670520231213873,0.8670520231213873
macro avg,0.8670504239417495,0.8683298476947109,0.8685340318517712,6920.0
weighted avg,0.8670704136872225,0.8698510674248581,0.8670520231213873,6920.0
