,f1-score,precision,recall,support
0,0.8285024154589372,0.8575,0.8014018691588785,428.0
1,0.8449781659388647,0.8199152542372882,0.8716216216216216,444.0
accuracy,0.8371559633027523,0.8371559633027523,0.8371559633027523,0.8371559633027523
macro avg,0.836740290698901,0.8387076271186441,0.83651174539025,872.0
weighted avg,0.8368914443730286,0.8383628129373348,0.8371559633027523,872.0
