,f1-score,precision,recall,support
0,0.8645454545454545,0.8671732522796353,0.8619335347432024,3310.0
1,0.8765193370165745,0.8741046831955923,0.8789473684210526,3610.0
accuracy,0.8708092485549133,0.8708092485549133,0.8708092485549133,0.8708092485549133
macro avg,0.8705323957810145,0.8706389677376138,0.8704404515821276,6920.0
weighted avg,0.8707919452565445,0.870789215517584,0.8708092485549133,6920.0
