,f1-score,precision,recall,support
0,0.8442906574394463,0.8337129840546698,0.8551401869158879,428.0
1,0.846066134549601,0.8568129330254042,0.8355855855855856,444.0
accuracy,0.8451834862385321,0.8451834862385321,0.8451834862385321,0.8451834862385321
macro avg,0.8451783959945236,0.845262958540037,0.8453628862507367,872.0
weighted avg,0.8451946847753506,0.8454748846773832,0.8451834862385321,872.0
