,f1-score,precision,recall,support
0,0.837708830548926,0.8560975609756097,0.8200934579439252,428.0
1,0.8498896247240618,0.8333333333333334,0.8671171171171171,444.0
accuracy,0.8440366972477065,0.8440366972477065,0.8440366972477065,0.8440366972477065
macro avg,0.8437992276364938,0.8447154471544716,0.8436052875305211,872.0
weighted avg,0.8439109780417704,0.844506601029313,0.8440366972477065,872.0
