,f1-score,precision,recall,support
0,0.8674090571640682,0.8528467153284671,0.8824773413897281,3310.0
1,0.8743138634764251,0.8886981402002861,0.8603878116343491,3610.0
accuracy,0.8709537572254336,0.8709537572254336,0.8709537572254336,0.8709537572254336
macro avg,0.8708614603202467,0.8707724277643767,0.8714325765120385,6920.0
weighted avg,0.8710111309773064,0.8715495540260491,0.8709537572254336,6920.0
