,f1-score,precision,recall,support
0,0.7466641250476553,0.7132192279679533,0.7834,5000.0
1,0.7204459402608329,0.7597604259094942,0.685,5000.0
accuracy,0.7342,0.7342,0.7342,0.7342
macro avg,0.7335550326542442,0.7364898269387238,0.7342,10000.0
weighted avg,0.7335550326542442,0.7364898269387238,0.7342,10000.0
