,f1-score,precision,recall,support
0,0.8245204506241754,0.8370080362662271,0.8124,5000.0
1,0.8296048093032422,0.8177579172333398,0.8418,5000.0
accuracy,0.8271,0.8271,0.8271,0.8271
macro avg,0.8270626299637088,0.8273829767497834,0.8271,10000.0
weighted avg,0.8270626299637089,0.8273829767497834,0.8271,10000.0
