,f1-score,precision,recall,support
0,0.8246659815005138,0.8482029598308668,0.8024,5000.0
1,0.8338851022395326,0.8125237191650854,0.8564,5000.0
accuracy,0.8294,0.8294,0.8294,0.8294
macro avg,0.8292755418700233,0.8303633394979761,0.8294,10000.0
weighted avg,0.8292755418700232,0.8303633394979761,0.8294,10000.0
