,f1-score,precision,recall,support
0,0.8417702635504725,0.837190900098912,0.8464,5000.0
1,0.8400201106083459,0.8446916076845298,0.8354,5000.0
accuracy,0.8409,0.8409,0.8409,0.8409
macro avg,0.8408951870794092,0.8409412538917209,0.8409,10000.0
weighted avg,0.8408951870794091,0.8409412538917208,0.8409,10000.0
