,f1-score,precision,recall,support
0,0.8511054588143221,0.8330141708157794,0.87,5000.0
1,0.8443444467171202,0.8639598158225199,0.8256,5000.0
accuracy,0.8478,0.8478,0.8478,0.8478
macro avg,0.8477249527657211,0.8484869933191497,0.8478,10000.0
weighted avg,0.8477249527657211,0.8484869933191498,0.8478,10000.0
