,f1-score,precision,recall,support
0,0.8751852949896235,0.8650126977925376,0.8856,5000.0
1,0.8721789292581723,0.8828108994058594,0.8618,5000.0
accuracy,0.8737,0.8737,0.8737,0.8737
macro avg,0.8736821121238979,0.8739117985991985,0.8737,10000.0
weighted avg,0.873682112123898,0.8739117985991987,0.8737,10000.0
