,f1-score,precision,recall,support
0,0.8713675658785544,0.9091501847424472,0.8366,5000.0
1,0.8812385806327532,0.8486756806816077,0.9164,5000.0
accuracy,0.8765,0.8765,0.8765,0.8765
macro avg,0.8763030732556538,0.8789129327120275,0.8765000000000001,10000.0
weighted avg,0.8763030732556537,0.8789129327120274,0.8765,10000.0
