,f1-score,precision,recall,support
0,0.8500396196513471,0.842032967032967,0.8582,5000.0
1,0.8471324717285945,0.8554241435562806,0.839,5000.0
accuracy,0.8486,0.8486,0.8486,0.8486
macro avg,0.8485860456899708,0.8487285552946238,0.8486,10000.0
weighted avg,0.8485860456899708,0.848728555294624,0.8486,10000.0
