,f1-score,precision,recall,support
0,0.8573101126884239,0.8453102453102453,0.8696555819477435,3368.0
1,0.8531405332128333,0.8657902782023846,0.8408551068883611,3368.0
accuracy,0.8552553444180523,0.8552553444180523,0.8552553444180523,0.8552553444180523
macro avg,0.8552253229506286,0.855550261756315,0.8552553444180523,6736.0
weighted avg,0.8552253229506287,0.855550261756315,0.8552553444180523,6736.0
