,f1-score,precision,recall,support
0,0.8405172413793104,0.78,0.9112149532710281,428.0
1,0.8186274509803921,0.8978494623655914,0.7522522522522522,444.0
accuracy,0.8302752293577982,0.8302752293577982,0.8302752293577982,0.8302752293577982
macro avg,0.8295723461798512,0.8389247311827956,0.8317336027616402,872.0
weighted avg,0.8293715224147236,0.8400059189109204,0.8302752293577982,872.0
