,f1-score,precision,recall,support
0,0.8700564971751413,0.8169761273209549,0.9305135951661632,3310.0
1,0.863905325443787,0.926984126984127,0.8088642659279779,3610.0
accuracy,0.8670520231213873,0.8670520231213873,0.8670520231213873,0.8670520231213873
macro avg,0.8669809113094642,0.8719801271525409,0.8696889305470705,6920.0
weighted avg,0.8668475766621082,0.8743646936192283,0.8670520231213873,6920.0
