,f1-score,precision,recall,support
0,0.8426150121065376,0.8743718592964824,0.8130841121495327,428.0
1,0.8583877995642701,0.8312236286919831,0.8873873873873874,444.0
accuracy,0.8509174311926605,0.8509174311926605,0.8509174311926605,0.8509174311926605
macro avg,0.8505014058354039,0.8527977439942327,0.8502357497684601,872.0
weighted avg,0.8506461103074932,0.852401888667586,0.8509174311926605,872.0
