,f1-score,precision,recall,support
0,0.8656215005599104,0.8844393592677345,0.8475877192982456,912.0
1,0.8706896551724137,0.853220696937698,0.8888888888888888,909.0
accuracy,0.8682042833607908,0.8682042833607908,0.8682042833607908,0.8682042833607908
macro avg,0.868155577866162,0.8688300281027163,0.8682383040935673,1821.0
weighted avg,0.8681514031094796,0.8688557436400557,0.8682042833607908,1821.0
