,f1-score,precision,recall,support
0,0.8731796116504856,0.8769043266301036,0.8694864048338369,3310.0
1,0.8846578366445916,0.8812534359538208,0.8880886426592798,3610.0
accuracy,0.8791907514450867,0.8791907514450867,0.8791907514450867,0.8791907514450867
macro avg,0.8789187241475387,0.8790788812919622,0.8787875237465583,6920.0
weighted avg,0.8791675296026131,0.8791731538929098,0.8791907514450867,6920.0
