,f1-score,precision,recall,support
0,0.8030888030888031,0.8939828080229226,0.7289719626168224,428.0
1,0.8417786970010341,0.7782026768642447,0.9166666666666666,444.0
accuracy,0.8245412844036697,0.8245412844036697,0.8245412844036697,0.8245412844036697
macro avg,0.8224337500449186,0.8360927424435837,0.8228193146417445,872.0
weighted avg,0.8227887032000767,0.8350305394054306,0.8245412844036697,872.0
