,f1-score,precision,recall,support
0,0.8157560355781449,0.8941504178272981,0.75,428.0
1,0.8484848484848484,0.7914230019493177,0.9144144144144144,444.0
accuracy,0.8337155963302753,0.8337155963302753,0.8337155963302753,0.8337155963302753
macro avg,0.8321204420314967,0.842786709888308,0.8322072072072072,872.0
weighted avg,0.8324207063700904,0.8418442565316292,0.8337155963302753,872.0
