,f1-score,precision,recall,support
0,0.8411910669975186,0.8968253968253969,0.7920560747663551,428.0
1,0.8635394456289979,0.819838056680162,0.9121621621621622,444.0
accuracy,0.8532110091743119,0.8532110091743119,0.8532110091743119,0.8532110091743119
macro avg,0.8523652563132582,0.8583317267527795,0.8521091184642586,872.0
weighted avg,0.8525702873098773,0.8576254208798874,0.8532110091743119,872.0
