,f1-score,precision,recall,support
0,0.8690678621116092,0.8898385565052231,0.8492447129909365,3310.0
1,0.8850902184235517,0.8673225206062217,0.903601108033241,3610.0
accuracy,0.8776011560693642,0.8776011560693642,0.8776011560693642,0.8776011560693642
macro avg,0.8770790402675805,0.8785805385557224,0.8764229105120888,6920.0
weighted avg,0.8774263456789665,0.8780924741937498,0.8776011560693642,6920.0
