,f1-score,precision,recall,support
0,0.8820127241179873,0.8458125346644482,0.9214501510574018,3310.0
1,0.8821490467937608,0.9215449607724804,0.845983379501385,3610.0
accuracy,0.8820809248554913,0.8820809248554913,0.8820809248554913,0.8820809248554913
macro avg,0.882080885455874,0.8836787477184642,0.8837167652793934,6920.0
weighted avg,0.8820838404271697,0.8853203465502857,0.8820809248554913,6920.0
