,f1-score,precision,recall,support
0,0.8763919821826279,0.8902714932126696,0.8629385964912281,912.0
1,0.8797399783315276,0.8665955176093917,0.8932893289328933,909.0
accuracy,0.8780889621087314,0.8780889621087314,0.8780889621087314,0.8780889621087314
macro avg,0.8780659802570778,0.8784335054110306,0.8781139627120607,1821.0
weighted avg,0.8780632224348794,0.8784530078621041,0.8780889621087314,1821.0
