,f1-score,precision,recall,support
0,0.8797592174567344,0.8764617691154423,0.8830815709969788,3310.0
1,0.8889506601806811,0.8920502092050209,0.8858725761772853,3610.0
accuracy,0.8845375722543353,0.8845375722543353,0.8845375722543353,0.8845375722543353
macro avg,0.8843549388187077,0.8842559891602315,0.8844770735871321,6920.0
weighted avg,0.8845541752939378,0.8845938888731559,0.8845375722543353,6920.0
