,f1-score,precision,recall,support
0,0.687991824220746,0.7034482758620689,0.6732,5000.0
1,0.7011257953989231,0.686673058485139,0.7162,5000.0
accuracy,0.6947,0.6947,0.6947,0.6947
macro avg,0.6945588098098345,0.6950606671736039,0.6947,10000.0
weighted avg,0.6945588098098345,0.695060667173604,0.6947,10000.0
