,f1-score,precision,recall,support
0,0.6854013844405413,0.7089121607181021,0.6634,5000.0
1,0.7049704485999418,0.6837060702875399,0.7276,5000.0
accuracy,0.6955,0.6955,0.6955,0.6955
macro avg,0.6951859165202416,0.696309115502821,0.6955,10000.0
weighted avg,0.6951859165202416,0.696309115502821,0.6955,10000.0
