,f1-score,precision,recall,support
0,0.7965294677811873,0.8456526623230735,0.7528,5000.0
1,0.8177078396056499,0.7772571634528744,0.8626,5000.0
accuracy,0.8077,0.8077,0.8077,0.8077
macro avg,0.8071186536934185,0.811454912887974,0.8077000000000001,10000.0
weighted avg,0.8071186536934186,0.811454912887974,0.8077,10000.0
