,f1-score,precision,recall,support
0,0.8138252756573366,0.8659747292418772,0.7676,5000.0
1,0.8338380015140046,0.7913074712643678,0.8812,5000.0
accuracy,0.8244,0.8244,0.8244,0.8244
macro avg,0.8238316385856705,0.8286411002531225,0.8244,10000.0
weighted avg,0.8238316385856705,0.8286411002531225,0.8244,10000.0
