,f1-score,precision,recall,support
0,0.8216088497476103,0.8872651356993737,0.765,5000.0
1,0.8446066049209469,0.7934610652135701,0.9028,5000.0
accuracy,0.8339,0.8339,0.8339,0.8339
macro avg,0.8331077273342786,0.8403631004564719,0.8339000000000001,10000.0
weighted avg,0.8331077273342786,0.8403631004564719,0.8339,10000.0
