,f1-score,precision,recall,support
0,0.8363211223694467,0.8153495440729484,0.8584,5000.0
1,0.8274445357436319,0.8505067567567568,0.8056,5000.0
accuracy,0.832,0.832,0.832,0.832
macro avg,0.8318828290565392,0.8329281504148526,0.8320000000000001,10000.0
weighted avg,0.8318828290565392,0.8329281504148527,0.832,10000.0
