,f1-score,precision,recall,support
0,0.8483830323393532,0.8930150309460654,0.808,5000.0
1,0.8621611302023674,0.8246895544192842,0.9032,5000.0
accuracy,0.8556,0.8556,0.8556,0.8556
macro avg,0.8552720812708603,0.8588522926826747,0.8556,10000.0
weighted avg,0.8552720812708602,0.8588522926826747,0.8556,10000.0
