,f1-score,precision,recall,support
0,0.8397989187138386,0.7986649828612664,0.8854,5000.0
1,0.8214021359839273,0.8714381871213821,0.7768,5000.0
accuracy,0.8311,0.8311,0.8311,0.8311
macro avg,0.830600527348883,0.8350515849913243,0.8311,10000.0
weighted avg,0.830600527348883,0.8350515849913243,0.8311,10000.0
