,f1-score,precision,recall,support
0,0.8639861485186611,0.8322831727205338,0.8982,5000.0
1,0.8527696793002915,0.8894439617723718,0.819,5000.0
accuracy,0.8586,0.8586,0.8586,0.8586
macro avg,0.8583779139094763,0.8608635672464529,0.8586,10000.0
weighted avg,0.8583779139094764,0.8608635672464526,0.8586,10000.0
