,f1-score,precision,recall,support
0,0.8206602768903087,0.8776765375854214,0.7706,5000.0
1,0.841281809613572,0.7955436720142602,0.8926,5000.0
accuracy,0.8316,0.8316,0.8316,0.8316
macro avg,0.8309710432519404,0.8366101047998409,0.8315999999999999,10000.0
weighted avg,0.8309710432519403,0.8366101047998409,0.8316,10000.0
