,f1-score,precision,recall,support
0,0.8392365009696846,0.8569939545549302,0.8222,5000.0
1,0.8456336371655396,0.829137036325197,0.8628,5000.0
accuracy,0.8425,0.8425,0.8425,0.8425
macro avg,0.8424350690676121,0.8430654954400636,0.8425,10000.0
weighted avg,0.8424350690676121,0.8430654954400636,0.8425,10000.0
