,f1-score,precision,recall,support
0,0.8640806667352607,0.8898071625344353,0.8398,5000.0
1,0.8715105534481081,0.8483241810263208,0.896,5000.0
accuracy,0.8679,0.8679,0.8679,0.8679
macro avg,0.8677956100916844,0.869065671780378,0.8679,10000.0
weighted avg,0.8677956100916845,0.8690656717803781,0.8679,10000.0
