,f1-score,precision,recall,support
0,0.8411782569085939,0.8516089362574298,0.831,5000.0
1,0.8449757929058395,0.8349931653973833,0.8552,5000.0
accuracy,0.8431,0.8431,0.8431,0.8431
macro avg,0.8430770249072167,0.8433010508274066,0.8431,10000.0
weighted avg,0.8430770249072168,0.8433010508274067,0.8431,10000.0
