,f1-score,precision,recall,support
0,0.8453947368421052,0.8515060240963855,0.8393705463182898,3368.0
1,0.8475825471698114,0.8416276346604216,0.8536223277909739,3368.0
accuracy,0.8464964370546318,0.8464964370546318,0.8464964370546318,0.8464964370546318
macro avg,0.8464886420059583,0.8465668293784036,0.8464964370546318,6736.0
weighted avg,0.8464886420059583,0.8465668293784036,0.8464964370546318,6736.0
