,f1-score,precision,recall,support
0,0.8659646252939373,0.8857979502196194,0.847,5000.0
1,0.8717095606223701,0.8534201954397395,0.8908,5000.0
accuracy,0.8689,0.8689,0.8689,0.8689
macro avg,0.8688370929581537,0.8696090728296795,0.8689,10000.0
weighted avg,0.8688370929581537,0.8696090728296795,0.8689,10000.0
