,f1-score,precision,recall,support
0,0.8257866462010743,0.7160603371783496,0.9752265861027191,3310.0
1,0.7738292925938227,0.9660033167495854,0.6454293628808865,3610.0
accuracy,0.8031791907514451,0.8031791907514451,0.8031791907514451,0.8031791907514451
macro avg,0.7998079693974485,0.8410318269639675,0.8103279744918028,6920.0
weighted avg,0.7986817261834185,0.8464496661165232,0.8031791907514451,6920.0
