,f1-score,precision,recall,support
0,0.8233830845771144,0.8803191489361702,0.7733644859813084,428.0
1,0.848936170212766,0.8044354838709677,0.8986486486486487,444.0
accuracy,0.8371559633027523,0.8371559633027523,0.8371559633027523,0.8371559633027523
macro avg,0.8361596273949402,0.842377316403569,0.8360065673149786,872.0
weighted avg,0.836394059373249,0.8416811359901268,0.8371559633027523,872.0
