,f1-score,precision,recall,support
0,0.8658441355614556,0.8962172647914646,0.8374622356495468,3310.0
1,0.8844964367352428,0.8594199111575647,0.9110803324099723,3610.0
accuracy,0.8758670520231214,0.8758670520231214,0.8758670520231214,0.8758670520231214
macro avg,0.8751702861483492,0.8778185879745146,0.8742712840297595,6920.0
weighted avg,0.8755745990350642,0.8770209574766701,0.8758670520231214,6920.0
