,f1-score,precision,recall,support
0,0.8436018957345972,0.8557692307692307,0.8317757009345794,428.0
1,0.8533333333333334,0.8421052631578947,0.8648648648648649,444.0
accuracy,0.8486238532110092,0.8486238532110092,0.8486238532110092,0.8486238532110092
macro avg,0.8484676145339654,0.8489372469635628,0.8483202828997222,872.0
weighted avg,0.8485568937779905,0.8488118894625413,0.8486238532110092,872.0
