,f1-score,precision,recall,support
0,0.8843922035411397,0.871298739372618,0.8978851963746224,3310.0
1,0.8908554572271387,0.9036762610430322,0.878393351800554,3610.0
accuracy,0.8877167630057804,0.8877167630057804,0.8877167630057804,0.8877167630057804
macro avg,0.8876238303841392,0.8874875002078251,0.8881392740875882,6920.0
weighted avg,0.8877639298137491,0.8881893250995249,0.8877167630057804,6920.0
