,f1-score,precision,recall,support
0,0.8674698795180722,0.8543803105772048,0.8809667673716012,3310.0
1,0.874806800618238,0.8876532648987738,0.8623268698060942,3610.0
accuracy,0.871242774566474,0.871242774566474,0.871242774566474,0.871242774566474
macro avg,0.8711383400681552,0.8710167877379893,0.8716468185888477,6920.0
weighted avg,0.8712973773752397,0.8717380222969828,0.871242774566474,6920.0
