,f1-score,precision,recall,support
0,0.8767779607725708,0.8691006233303651,0.8845921450151057,3310.0
1,0.8850719173299817,0.8924246691072937,0.8778393351800554,3610.0
accuracy,0.8810693641618497,0.8810693641618497,0.8810693641618497,0.8810693641618497
macro avg,0.8809249390512762,0.8807626462188294,0.8812157400975806,6920.0
weighted avg,0.8811047213465958,0.881268225245786,0.8810693641618497,6920.0
