,f1-score,precision,recall,support
0,0.8530805687203792,0.8653846153846154,0.8411214953271028,428.0
1,0.8622222222222221,0.8508771929824561,0.8738738738738738,444.0
accuracy,0.8577981651376146,0.8577981651376146,0.8577981651376146,0.8577981651376146
macro avg,0.8576513954713006,0.8581309041835358,0.8574976846004883,872.0
weighted avg,0.8577352638520516,0.8579978085651673,0.8577981651376146,872.0
