,f1-score,precision,recall,support
0,0.8568075117370892,0.8608490566037735,0.852803738317757,428.0
1,0.8632286995515694,0.859375,0.8671171171171171,444.0
accuracy,0.8600917431192661,0.8600917431192661,0.8600917431192661,0.8600917431192661
macro avg,0.8600181056443293,0.8601120283018868,0.8599604277174371,872.0
weighted avg,0.8600770156242787,0.8600985048468063,0.8600917431192661,872.0
