,f1-score,precision,recall,support
0,0.8725490196078431,0.8668831168831169,0.8782894736842105,912.0
1,0.8704318936877077,0.8762541806020067,0.8646864686468647,909.0
accuracy,0.871499176276771,0.871499176276771,0.871499176276771,0.871499176276771
macro avg,0.8714904566477755,0.8715686487425618,0.8714879711655377,1821.0
weighted avg,0.8714922005735745,0.8715609295796961,0.871499176276771,1821.0
