,f1-score,precision,recall,support
0,0.7786893157031174,0.7524715538145869,0.8068,5000.0
1,0.7621122523083307,0.7917654666954085,0.7346,5000.0
accuracy,0.7707,0.7707,0.7707,0.7707
macro avg,0.7704007840057241,0.7721185102549977,0.7706999999999999,10000.0
weighted avg,0.770400784005724,0.7721185102549977,0.7707,10000.0
