,f1-score,precision,recall,support
0,0.7773318978173632,0.7611654207398888,0.7942,5000.0
1,0.7674537462945927,0.7848630566590006,0.7508,5000.0
accuracy,0.7725,0.7725,0.7725,0.7725
macro avg,0.7723928220559779,0.7730142386994447,0.7725,10000.0
weighted avg,0.7723928220559779,0.7730142386994446,0.7725,10000.0
