,f1-score,precision,recall,support
0,0.8217564870259481,0.8201195219123506,0.8234,5000.0
1,0.8210420841683367,0.8226907630522088,0.8194,5000.0
accuracy,0.8214,0.8214,0.8214,0.8214
macro avg,0.8213992855971424,0.8214051424822797,0.8214,10000.0
weighted avg,0.8213992855971425,0.8214051424822797,0.8214,10000.0
