,f1-score,precision,recall,support
0,0.8330410706045223,0.7734361610968294,0.9026,5000.0
1,0.802618657937807,0.8830732292917167,0.7356,5000.0
accuracy,0.8191,0.8191,0.8191,0.8191
macro avg,0.8178298642711646,0.8282546951942731,0.8190999999999999,10000.0
weighted avg,0.8178298642711647,0.8282546951942732,0.8191,10000.0
