,f1-score,precision,recall,support
0,0.8460170364129926,0.795178602850607,0.9038,5000.0
1,0.8234410217881293,0.8885800324299282,0.7672,5000.0
accuracy,0.8355,0.8355,0.8355,0.8355
macro avg,0.8347290291005609,0.8418793176402677,0.8355,10000.0
weighted avg,0.8347290291005611,0.8418793176402676,0.8355,10000.0
