,f1-score,precision,recall,support
0,0.8303162486368594,0.9129496402877698,0.7614,5000.0
1,0.8563250230840258,0.795368782161235,0.9274,5000.0
accuracy,0.8444,0.8444,0.8444,0.8444
macro avg,0.8433206358604426,0.8541592112245024,0.8444,10000.0
weighted avg,0.8433206358604426,0.8541592112245023,0.8444,10000.0
