,f1-score,precision,recall,support
0,0.8450256889304064,0.7928133216476775,0.9046,5000.0
1,0.8215169445938676,0.8889406286379511,0.7636,5000.0
accuracy,0.8341,0.8341,0.8341,0.8341
macro avg,0.8332713167621371,0.8408769751428142,0.8341,10000.0
weighted avg,0.8332713167621371,0.8408769751428142,0.8341,10000.0
