,f1-score,precision,recall,support
0,0.8592242194891202,0.8152603231597846,0.9082,5000.0
1,0.8422057264050902,0.8963882618510158,0.7942,5000.0
accuracy,0.8512,0.8512,0.8512,0.8512
macro avg,0.8507149729471052,0.8558242925054003,0.8512,10000.0
weighted avg,0.8507149729471052,0.8558242925054003,0.8512,10000.0
