,f1-score,precision,recall,support
0,0.847191903155388,0.8406853091768413,0.8538,5000.0
1,0.844789356984479,0.8514831369362048,0.8382,5000.0
accuracy,0.846,0.846,0.846,0.846
macro avg,0.8459906300699335,0.8460842230565231,0.846,10000.0
weighted avg,0.8459906300699335,0.8460842230565231,0.846,10000.0
