,f1-score,precision,recall,support
0,0.8711335012594458,0.8777664974619289,0.8646,5000.0
1,0.8730521091811414,0.8666009852216748,0.8796,5000.0
accuracy,0.8721,0.8721,0.8721,0.8721
macro avg,0.8720928052202936,0.8721837413418019,0.8721000000000001,10000.0
weighted avg,0.8720928052202936,0.872183741341802,0.8721,10000.0
