,f1-score,precision,recall,support
0,0.8723034454554749,0.8922819493829742,0.8532,5000.0
1,0.8777766904785204,0.859360030657214,0.897,5000.0
accuracy,0.8751,0.8751,0.8751,0.8751
macro avg,0.8750400679669976,0.8758209900200942,0.8751,10000.0
weighted avg,0.8750400679669976,0.8758209900200942,0.8751,10000.0
