,f1-score,precision,recall,support
0,0.848221044663134,0.8049568965517241,0.8964,5000.0
1,0.8299406276505513,0.8831227436823105,0.7828,5000.0
accuracy,0.8396,0.8396,0.8396,0.8396
macro avg,0.8390808361568427,0.8440398201170173,0.8396,10000.0
weighted avg,0.8390808361568426,0.8440398201170174,0.8396,10000.0
