,f1-score,precision,recall,support
0,0.8718243696673377,0.8372307125759528,0.9094,5000.0
1,0.8602779809802487,0.9008535784635587,0.8232,5000.0
accuracy,0.8663,0.8663,0.8663,0.8663
macro avg,0.8660511753237932,0.8690421455197558,0.8663000000000001,10000.0
weighted avg,0.8660511753237932,0.8690421455197557,0.8663,10000.0
