,f1-score,precision,recall,support
0,0.8538380651945321,0.8640924293098207,0.8438242280285035,3368.0
1,0.8572267057960382,0.8474035393095445,0.8672802850356295,3368.0
accuracy,0.8555522565320665,0.8555522565320665,0.8555522565320665,0.8555522565320665
macro avg,0.8555323854952852,0.8557479843096826,0.8555522565320666,6736.0
weighted avg,0.8555323854952852,0.8557479843096826,0.8555522565320665,6736.0
