,f1-score,precision,recall,support
0,0.8755902278792854,0.8994095318431041,0.853,5000.0
1,0.8818483135114058,0.8602130087485736,0.9046,5000.0
accuracy,0.8788,0.8788,0.8788,0.8788
macro avg,0.8787192706953456,0.8798112702958389,0.8788,10000.0
weighted avg,0.8787192706953456,0.8798112702958389,0.8788,10000.0
