,f1-score,precision,recall,support
0,0.4773333333333333,0.9205714285714286,0.3222,5000.0
1,0.7337358490566038,0.5892121212121212,0.9722,5000.0
accuracy,0.6472,0.6472,0.6472,0.6472
macro avg,0.6055345911949686,0.754891774891775,0.6472,10000.0
weighted avg,0.6055345911949686,0.754891774891775,0.6472,10000.0
