,f1-score,precision,recall,support
0,0.8119650730526498,0.7150906045378407,0.9392,5000.0
1,0.7420846673781573,0.9114477133702301,0.6258,5000.0
accuracy,0.7825,0.7825,0.7825,0.7825
macro avg,0.7770248702154035,0.8132691589540354,0.7825,10000.0
weighted avg,0.7770248702154035,0.8132691589540354,0.7825,10000.0
