,f1-score,precision,recall,support
0,0.8187001140250856,0.7291048273707234,0.9334,5000.0
1,0.7596232120013955,0.9074742984162267,0.6532,5000.0
accuracy,0.7933,0.7933,0.7933,0.7933
macro avg,0.7891616630132405,0.818289562893475,0.7933,10000.0
weighted avg,0.7891616630132405,0.818289562893475,0.7933,10000.0
