,f1-score,precision,recall,support
0,0.8519249753208292,0.8411306042884991,0.863,5000.0
1,0.8480243161094225,0.8593429158110883,0.837,5000.0
accuracy,0.85,0.85,0.85,0.85
macro avg,0.8499746457151258,0.8502367600497938,0.85,10000.0
weighted avg,0.8499746457151259,0.8502367600497936,0.85,10000.0
