,f1-score,precision,recall,support
0,0.8488418530351437,0.847488038277512,0.8502,5000.0
1,0.8483573717948718,0.8497191011235955,0.847,5000.0
accuracy,0.8486,0.8486,0.8486,0.8486
macro avg,0.8485996124150077,0.8486035697005537,0.8486,10000.0
weighted avg,0.8485996124150079,0.8486035697005536,0.8486,10000.0
