,f1-score,precision,recall,support
0,0.8645213356198932,0.8721758599633626,0.857,5000.0
1,0.8668583325071874,0.8594456457637114,0.8744,5000.0
accuracy,0.8657,0.8657,0.8657,0.8657
macro avg,0.8656898340635403,0.865810752863537,0.8656999999999999,10000.0
weighted avg,0.8656898340635402,0.865810752863537,0.8657,10000.0
