,f1-score,precision,recall,support
0,0.8503018108651912,0.8554655870445345,0.8452,5000.0
1,0.8520874751491053,0.8470355731225296,0.8572,5000.0
accuracy,0.8512,0.8512,0.8512,0.8512
macro avg,0.8511946430071482,0.851250580083532,0.8512,10000.0
weighted avg,0.8511946430071483,0.851250580083532,0.8512,10000.0
