,f1-score,precision,recall,support
0,0.8732193732193733,0.8887738193869097,0.8582,5000.0
1,0.8775068816358631,0.8629156999226605,0.8926,5000.0
accuracy,0.8754,0.8754,0.8754,0.8754
macro avg,0.8753631274276181,0.8758447596547851,0.8754,10000.0
weighted avg,0.8753631274276182,0.8758447596547853,0.8754,10000.0
