,f1-score,precision,recall,support
0,0.8520663590851085,0.8367071524966262,0.868,5000.0
1,0.8464282074798737,0.8628713899854561,0.8306,5000.0
accuracy,0.8493,0.8493,0.8493,0.8493
macro avg,0.8492472832824911,0.8497892712410411,0.8492999999999999,10000.0
weighted avg,0.8492472832824911,0.8497892712410412,0.8493,10000.0
