,f1-score,precision,recall,support
0,0.8738076311605723,0.8682859399684044,0.8794,5000.0
1,0.8721819645732689,0.877836304700162,0.8666,5000.0
accuracy,0.873,0.873,0.873,0.873
macro avg,0.8729947978669206,0.8730611223342832,0.873,10000.0
weighted avg,0.8729947978669206,0.8730611223342832,0.873,10000.0
