,f1-score,precision,recall,support
0,0.8518368175360259,0.8646477132262052,0.8394,5000.0
1,0.8561009264734872,0.8439564710454722,0.8686,5000.0
accuracy,0.854,0.854,0.854,0.854
macro avg,0.8539688720047566,0.8543020921358386,0.8540000000000001,10000.0
weighted avg,0.8539688720047565,0.8543020921358387,0.854,10000.0
