,f1-score,precision,recall,support
0,0.8379172790258241,0.8817940786566505,0.7982,5000.0
1,0.8525873591751003,0.8156740957252466,0.893,5000.0
accuracy,0.8456,0.8456,0.8456,0.8456
macro avg,0.8452523191004622,0.8487340871909486,0.8456,10000.0
weighted avg,0.8452523191004623,0.8487340871909486,0.8456,10000.0
