,f1-score,precision,recall,support
0,0.8547619047619047,0.8480314960629921,0.8616,5000.0
1,0.8524193548387096,0.859349593495935,0.8456,5000.0
accuracy,0.8536,0.8536,0.8536,0.8536
macro avg,0.8535906298003071,0.8536905447794636,0.8536,10000.0
weighted avg,0.8535906298003072,0.8536905447794636,0.8536,10000.0
