,f1-score,precision,recall,support
0,0.8800080329350337,0.8836458963500706,0.8764,5000.0
1,0.8809879494074295,0.8774052767308074,0.8846,5000.0
accuracy,0.8805,0.8805,0.8805,0.8805
macro avg,0.8804979911712316,0.880525586540439,0.8805000000000001,10000.0
weighted avg,0.8804979911712316,0.880525586540439,0.8805,10000.0
