,f1-score,precision,recall,support
0,0.8835892085258606,0.8720211827007943,0.8954682779456193,3310.0
1,0.8904781938017109,0.9017324623686452,0.8795013850415513,3610.0
accuracy,0.8871387283236994,0.8871387283236994,0.8871387283236994,0.8871387283236994
macro avg,0.8870337011637858,0.8868768225347198,0.8874848314935853,6920.0
weighted avg,0.8871830288793028,0.8875208531633582,0.8871387283236994,6920.0
