,f1-score,precision,recall,support
0,0.8794247787610618,0.8872767857142857,0.8717105263157895,912.0
1,0.8811341330425299,0.8735135135135135,0.8888888888888888,909.0
accuracy,0.8802855573860516,0.8802855573860516,0.8802855573860516,0.8802855573860516
macro avg,0.8802794559017959,0.8803951496138995,0.8802997076023391,1821.0
weighted avg,0.8802780478669676,0.8804064867409184,0.8802855573860516,1821.0
