,f1-score,precision,recall,support
0,0.7726396917148362,0.8311837862736067,0.7218,5000.0
1,0.8007130793769939,0.7541534110993284,0.8534,5000.0
accuracy,0.7876,0.7876,0.7876,0.7876
macro avg,0.786676385545915,0.7926685986864676,0.7876000000000001,10000.0
weighted avg,0.786676385545915,0.7926685986864676,0.7876,10000.0
