,f1-score,precision,recall,support
0,0.7688980209797772,0.8370614551448081,0.711,5000.0
1,0.8012647633218636,0.748826699113506,0.8616,5000.0
accuracy,0.7863,0.7863,0.7863,0.7863
macro avg,0.7850813921508204,0.792944077129157,0.7863,10000.0
weighted avg,0.7850813921508204,0.792944077129157,0.7863,10000.0
