,f1-score,precision,recall,support
0,0.7739896139083313,0.8885432866770347,0.6856,5000.0
1,0.8203195117573147,0.7440573103223705,0.914,5000.0
accuracy,0.7998,0.7998,0.7998,0.7998
macro avg,0.7971545628328229,0.8163002984997026,0.7998000000000001,10000.0
weighted avg,0.7971545628328229,0.8163002984997026,0.7998,10000.0
