,f1-score,precision,recall,support
0,0.7748013620885357,0.8958005249343832,0.6826,5000.0
1,0.8226988382484361,0.7436187399030695,0.9206,5000.0
accuracy,0.8016,0.8016,0.8016,0.8016
macro avg,0.7987501001684859,0.8197096324187263,0.8016,10000.0
weighted avg,0.7987501001684859,0.8197096324187263,0.8016,10000.0
