,f1-score,precision,recall,support
0,0.787101093505914,0.8902069661786977,0.7054,5000.0
1,0.8271425982967929,0.7560450480291487,0.913,5000.0
accuracy,0.8092,0.8092,0.8092,0.8092
macro avg,0.8071218459013534,0.8231260071039233,0.8092,10000.0
weighted avg,0.8071218459013534,0.8231260071039233,0.8092,10000.0
