,f1-score,precision,recall,support
0,0.7831868379535721,0.8970056788848735,0.695,5000.0
1,0.8270717238899874,0.7510610512569377,0.9202,5000.0
accuracy,0.8076,0.8076,0.8076,0.8076
macro avg,0.8051292809217798,0.8240333650709055,0.8076,10000.0
weighted avg,0.8051292809217797,0.8240333650709055,0.8076,10000.0
