,f1-score,precision,recall,support
0,0.8336854814367644,0.8388337720186273,0.8286,5000.0
1,0.8357022164794753,0.8306658763090299,0.8408,5000.0
accuracy,0.8347,0.8347,0.8347,0.8347
macro avg,0.8346938489581198,0.8347498241638286,0.8347,10000.0
weighted avg,0.8346938489581198,0.8347498241638286,0.8347,10000.0
