,f1-score,precision,recall,support
0,0.8285132382892056,0.8439834024896266,0.8136,5000.0
1,0.8345776031434184,0.8200772200772201,0.8496,5000.0
accuracy,0.8316,0.8316,0.8316,0.8316
macro avg,0.831545420716312,0.8320303112834233,0.8316,10000.0
weighted avg,0.831545420716312,0.8320303112834233,0.8316,10000.0
