,f1-score,precision,recall,support
0,0.8372046853285686,0.8310997240835633,0.8434,5000.0
1,0.8347773524078179,0.841047503045067,0.8286,5000.0
accuracy,0.836,0.836,0.836,0.836
macro avg,0.8359910188681933,0.8360736135643152,0.8360000000000001,10000.0
weighted avg,0.8359910188681934,0.8360736135643152,0.836,10000.0
