,f1-score,precision,recall,support
0,0.832964824120603,0.8371717171717171,0.8288,5000.0
1,0.8346268656716419,0.8304950495049505,0.8388,5000.0
accuracy,0.8338,0.8338,0.8338,0.8338
macro avg,0.8337958448961225,0.8338333833383338,0.8338,10000.0
weighted avg,0.8337958448961225,0.8338333833383338,0.8338,10000.0
