,f1-score,precision,recall,support
0,0.8258882194057761,0.8592736705577172,0.795,5000.0
1,0.8384422594948912,0.8092668403423893,0.8698,5000.0
accuracy,0.8324,0.8324,0.8324,0.8324
macro avg,0.8321652394503336,0.8342702554500532,0.8324,10000.0
weighted avg,0.8321652394503337,0.8342702554500533,0.8324,10000.0
