,f1-score,precision,recall,support
0,0.8041304347826088,0.8807142857142857,0.7398,5000.0
1,0.8331481481481482,0.7756896551724138,0.8998,5000.0
accuracy,0.8198,0.8198,0.8198,0.8198
macro avg,0.8186392914653785,0.8282019704433498,0.8198000000000001,10000.0
weighted avg,0.8186392914653785,0.8282019704433499,0.8198,10000.0
