,f1-score,precision,recall,support
0,0.8046455571381615,0.8897504240368306,0.7344,5000.0
1,0.8360158190011955,0.773880469947216,0.909,5000.0
accuracy,0.8217,0.8217,0.8217,0.8217
macro avg,0.8203306880696786,0.8318154469920234,0.8217000000000001,10000.0
weighted avg,0.8203306880696786,0.8318154469920234,0.8217,10000.0
