,f1-score,precision,recall,support
0,0.820160608622147,0.869399641577061,0.7762,5000.0
1,0.8384586180713743,0.7978684971098265,0.8834,5000.0
accuracy,0.8298,0.8298,0.8298,0.8298
macro avg,0.8293096133467607,0.8336340693434438,0.8298,10000.0
weighted avg,0.8293096133467607,0.8336340693434436,0.8298,10000.0
