,f1-score,precision,recall,support
0,0.7420023014959723,0.8737127371273713,0.6448,5000.0
1,0.8017683465959329,0.7185419968304279,0.9068,5000.0
accuracy,0.7758,0.7758,0.7758,0.7758
macro avg,0.7718853240459527,0.7961273669788995,0.7758,10000.0
weighted avg,0.7718853240459527,0.7961273669788996,0.7758,10000.0
