,f1-score,precision,recall,support
0,0.8484908265930164,0.8370961463604515,0.8602,5000.0
1,0.8442506590955181,0.8562320032908268,0.8326,5000.0
accuracy,0.8464,0.8464,0.8464,0.8464
macro avg,0.8463707428442673,0.8466640748256391,0.8464,10000.0
weighted avg,0.8463707428442673,0.8466640748256392,0.8464,10000.0
