,f1-score,precision,recall,support
0,0.8510098546199628,0.8308249190321966,0.8722,5000.0
1,0.8434006768536559,0.865501999579036,0.8224,5000.0
accuracy,0.8473,0.8473,0.8473,0.8473
macro avg,0.8472052657368094,0.8481634593056162,0.8472999999999999,10000.0
weighted avg,0.8472052657368094,0.8481634593056162,0.8473,10000.0
