,f1-score,precision,recall,support
0,0.8522920203735145,0.8064976794002142,0.9036,5000.0
1,0.8333688018727389,0.8904047294224647,0.7832,5000.0
accuracy,0.8434,0.8434,0.8434,0.8434
macro avg,0.8428304111231266,0.8484512044113395,0.8433999999999999,10000.0
weighted avg,0.8428304111231267,0.8484512044113395,0.8434,10000.0
