,f1-score,precision,recall,support
0,0.8854345412334713,0.893825147748115,0.8772,5000.0
1,0.8875458238383037,0.8794423718829766,0.8958,5000.0
accuracy,0.8865,0.8865,0.8865,0.8865
macro avg,0.8864901825358875,0.8866337598155458,0.8865000000000001,10000.0
weighted avg,0.8864901825358875,0.8866337598155458,0.8865,10000.0
