,f1-score,precision,recall,support
0,0.8550215711849102,0.8578618884638615,0.8522,5000.0
1,0.8559752815708163,0.853169084045301,0.8588,5000.0
accuracy,0.8555,0.8555,0.8555,0.8555
macro avg,0.8554984263778632,0.8555154862545813,0.8554999999999999,10000.0
weighted avg,0.8554984263778631,0.8555154862545813,0.8555,10000.0
