,f1-score,precision,recall,support
0,0.8405078971817901,0.8621346886912326,0.8199395770392749,3310.0
1,0.8604714169601734,0.8419936373276776,0.8797783933518005,3610.0
accuracy,0.8511560693641619,0.8511560693641619,0.8511560693641619,0.8511560693641619
macro avg,0.8504896570709817,0.8520641630094551,0.8498589851955377,6920.0
weighted avg,0.8509223923262935,0.8516275795261411,0.8511560693641619,6920.0
