,f1-score,precision,recall,support
0,0.8289407419842202,0.9327540612013601,0.7459214501510574,3310.0
1,0.8707344919446912,0.8031827755675169,0.9506925207756233,3610.0
accuracy,0.8527456647398844,0.8527456647398844,0.8527456647398844,0.8527456647398844
macro avg,0.8498376169644557,0.8679684183844385,0.8483069854633403,6920.0
weighted avg,0.850743550850882,0.8651597922507569,0.8527456647398844,6920.0
