,f1-score,precision,recall,support
0,0.86685552407932,0.8968347010550997,0.8388157894736842,912.0
1,0.8748002131060203,0.8481404958677686,0.9031903190319032,909.0
accuracy,0.870950027457441,0.870950027457441,0.870950027457441,0.870950027457441
macro avg,0.8708278685926701,0.8724875984614342,0.8710030542527937,1821.0
weighted avg,0.8708213243677717,0.8725277090093644,0.870950027457441,1821.0
