,f1-score,precision,recall,support
0,0.8826952526799389,0.8950310559006212,0.8706948640483384,3310.0
1,0.8952120383036936,0.8843243243243243,0.9063711911357341,3610.0
accuracy,0.8893063583815028,0.8893063583815028,0.8893063583815028,0.8893063583815028
macro avg,0.8889536454918162,0.8896776901124728,0.8885330275920362,6920.0
weighted avg,0.8892249630992676,0.8894456077806167,0.8893063583815028,6920.0
