,f1-score,precision,recall,support
0,0.8147939017504234,0.7694632065410594,0.8658,5000.0
1,0.7900576061446555,0.8465935070873343,0.7406,5000.0
accuracy,0.8032,0.8032,0.8032,0.8032
macro avg,0.8024257539475395,0.8080283568141968,0.8032,10000.0
weighted avg,0.8024257539475395,0.8080283568141969,0.8032,10000.0
