,f1-score,precision,recall,support
0,0.8344652812975164,0.8460431654676259,0.8232,5000.0
1,0.8388751850024666,0.8278481012658228,0.8502,5000.0
accuracy,0.8367,0.8367,0.8367,0.8367
macro avg,0.8366702331499916,0.8369456333667243,0.8367,10000.0
weighted avg,0.8366702331499916,0.8369456333667243,0.8367,10000.0
