,f1-score,precision,recall,support
0,0.8345972535355606,0.8558217738545607,0.8144,5000.0
1,0.8424135910954892,0.8229683326974437,0.8628,5000.0
accuracy,0.8386,0.8386,0.8386,0.8386
macro avg,0.8385054223155248,0.8393950532760022,0.8386,10000.0
weighted avg,0.8385054223155249,0.8393950532760022,0.8386,10000.0
