,f1-score,precision,recall,support
0,0.8406002839180693,0.8525298231180584,0.829,5000.0
1,0.8449398303412902,0.8335928376800311,0.8566,5000.0
accuracy,0.8428,0.8428,0.8428,0.8428
macro avg,0.8427700571296797,0.8430613303990447,0.8428,10000.0
weighted avg,0.8427700571296799,0.8430613303990449,0.8428,10000.0
