,f1-score,precision,recall,support
0,0.8414784394250514,0.8645569620253165,0.8196,5000.0
1,0.8495126705653021,0.8285171102661597,0.8716,5000.0
accuracy,0.8456,0.8456,0.8456,0.8456
macro avg,0.8454955549951768,0.846537036145738,0.8456,10000.0
weighted avg,0.8454955549951766,0.8465370361457383,0.8456,10000.0
