,f1-score,precision,recall,support
0,0.8257287705956907,0.8748880931065354,0.7818,5000.0
1,0.8433345993163691,0.8027838033261027,0.8882,5000.0
accuracy,0.835,0.835,0.835,0.835
macro avg,0.8345316849560299,0.838835948216319,0.835,10000.0
weighted avg,0.8345316849560298,0.838835948216319,0.835,10000.0
