,f1-score,precision,recall,support
0,0.8333156047229018,0.8900249943194728,0.7834,5000.0
1,0.8521558637607322,0.8065726022504018,0.9032,5000.0
accuracy,0.8433,0.8433,0.8433,0.8433
macro avg,0.8427357342418169,0.8482987982849373,0.8432999999999999,10000.0
weighted avg,0.842735734241817,0.8482987982849373,0.8433,10000.0
