,f1-score,precision,recall,support
0,0.783022150063783,0.9318244548716533,0.6752,5000.0
1,0.8355453986112332,0.7453347969264544,0.9506,5000.0
accuracy,0.8129,0.8129,0.8129,0.8129
macro avg,0.8092837743375081,0.8385796258990539,0.8129,10000.0
weighted avg,0.8092837743375081,0.8385796258990538,0.8129,10000.0
