,f1-score,precision,recall,support
0,0.8311044003451251,0.9019194756554307,0.7706,5000.0
1,0.8540268456375838,0.7997555865921788,0.9162,5000.0
accuracy,0.8434,0.8434,0.8434,0.8434
macro avg,0.8425656229913545,0.8508375311238048,0.8433999999999999,10000.0
weighted avg,0.8425656229913544,0.8508375311238048,0.8434,10000.0
