,f1-score,precision,recall,support
0,0.8425667596652053,0.8395552025416998,0.8456,5000.0
1,0.8414291449217183,0.8444802578565673,0.8384,5000.0
accuracy,0.842,0.842,0.842,0.842
macro avg,0.8419979522934617,0.8420177301991336,0.8420000000000001,10000.0
weighted avg,0.8419979522934616,0.8420177301991336,0.842,10000.0
