,f1-score,precision,recall,support
0,0.8398169336384439,0.8749458170784569,0.8074,5000.0
1,0.8517234739071827,0.8212031191979206,0.8846,5000.0
accuracy,0.846,0.846,0.846,0.846
macro avg,0.8457702037728133,0.8480744681381887,0.8460000000000001,10000.0
weighted avg,0.8457702037728133,0.8480744681381887,0.846,10000.0
