,f1-score,precision,recall,support
0,0.8407106293285155,0.8438444489220229,0.8376,5000.0
1,0.8418850254059979,0.8387929323009728,0.845,5000.0
accuracy,0.8413,0.8413,0.8413,0.8413
macro avg,0.8412978273672567,0.8413186906114979,0.8412999999999999,10000.0
weighted avg,0.8412978273672567,0.8413186906114979,0.8413,10000.0
