,f1-score,precision,recall,support
0,0.8469823206665312,0.8608013217678645,0.8336,5000.0
1,0.8517424689899585,0.8386971694455215,0.8652,5000.0
accuracy,0.8494,0.8494,0.8494,0.8494
macro avg,0.8493623948282449,0.8497492456066931,0.8493999999999999,10000.0
weighted avg,0.8493623948282449,0.849749245606693,0.8494,10000.0
