,f1-score,precision,recall,support
0,0.8363598844407759,0.8638107416879796,0.8106,5000.0
1,0.846138921226232,0.8215900527505652,0.8722,5000.0
accuracy,0.8414,0.8414,0.8414,0.8414
macro avg,0.841249402833504,0.8427003972192724,0.8413999999999999,10000.0
weighted avg,0.841249402833504,0.8427003972192724,0.8414,10000.0
