,f1-score,precision,recall,support
0,0.7296971782518926,0.6402475845410628,0.8482,5000.0
1,0.624880611270296,0.7751777251184834,0.5234,5000.0
accuracy,0.6858,0.6858,0.6858,0.6858
macro avg,0.6772888947610943,0.7077126548297731,0.6858,10000.0
weighted avg,0.6772888947610943,0.7077126548297731,0.6858,10000.0
