,f1-score,precision,recall,support
0,0.8070138816407474,0.8439205413665138,0.7732,5000.0
1,0.8225357519915538,0.7907362982100018,0.857,5000.0
accuracy,0.8151,0.8151,0.8151,0.8151
macro avg,0.8147748168161506,0.8173284197882578,0.8150999999999999,10000.0
weighted avg,0.8147748168161506,0.8173284197882578,0.8151,10000.0
