,f1-score,precision,recall,support
0,0.8398422090729784,0.8284046692607004,0.8516,5000.0
1,0.8352941176470589,0.8473251028806584,0.8236,5000.0
accuracy,0.8376,0.8376,0.8376,0.8376
macro avg,0.8375681633600186,0.8378648860706794,0.8376,10000.0
weighted avg,0.8375681633600187,0.8378648860706795,0.8376,10000.0
