,f1-score,precision,recall,support
0,0.8195184317067974,0.8768809849521204,0.7692,5000.0
1,0.8403994723949502,0.794442465265408,0.892,5000.0
accuracy,0.8306,0.8306,0.8306,0.8306
macro avg,0.8299589520508738,0.8356617251087641,0.8306,10000.0
weighted avg,0.8299589520508737,0.8356617251087642,0.8306,10000.0
