,f1-score,precision,recall,support
0,0.8314703353396388,0.8986988847583643,0.7736,5000.0
1,0.8534031413612564,0.8012640449438202,0.9128,5000.0
accuracy,0.8432,0.8432,0.8432,0.8432
macro avg,0.8424367383504476,0.8499814648510923,0.8432,10000.0
weighted avg,0.8424367383504475,0.8499814648510923,0.8432,10000.0
