,f1-score,precision,recall,support
0,0.8385395537525354,0.8506172839506173,0.8268,5000.0
1,0.8429980276134122,0.8315175097276265,0.8548,5000.0
accuracy,0.8408,0.8408,0.8408,0.8408
macro avg,0.8407687906829738,0.8410673968391219,0.8408,10000.0
weighted avg,0.8407687906829738,0.841067396839122,0.8408,10000.0
