,f1-score,precision,recall,support
0,0.8553008595988538,0.8757334450963956,0.8358,5000.0
1,0.8617520531873288,0.8429609793420046,0.8814,5000.0
accuracy,0.8586,0.8586,0.8586,0.8586
macro avg,0.8585264563930913,0.8593472122192001,0.8586,10000.0
weighted avg,0.8585264563930912,0.8593472122192001,0.8586,10000.0
