,f1-score,precision,recall,support
0,0.8499170002929399,0.8303758824651783,0.8704,5000.0
1,0.8425043549544011,0.8638369405337256,0.8222,5000.0
accuracy,0.8463,0.8463,0.8463,0.8463
macro avg,0.8462106776236705,0.847106411499452,0.8463,10000.0
weighted avg,0.8462106776236705,0.8471064114994521,0.8463,10000.0
