,f1-score,precision,recall,support
0,0.8629812438302072,0.8520467836257309,0.8742,5000.0
1,0.8593718338399189,0.8708418891170431,0.8482,5000.0
accuracy,0.8612,0.8612,0.8612,0.8612
macro avg,0.8611765388350631,0.8614443363713871,0.8612,10000.0
weighted avg,0.8611765388350632,0.861444336371387,0.8612,10000.0
