,f1-score,precision,recall,support
0,0.8452572347266881,0.8493537964458805,0.8412,5000.0
1,0.846735668789809,0.8427099841521395,0.8508,5000.0
accuracy,0.846,0.846,0.846,0.846
macro avg,0.8459964517582486,0.84603189029901,0.846,10000.0
weighted avg,0.8459964517582484,0.84603189029901,0.846,10000.0
