,f1-score,precision,recall,support
0,0.8093462044756473,0.8962585034013606,0.7378,5000.0
1,0.8403160602719588,0.777192386131883,0.9146,5000.0
accuracy,0.8262,0.8262,0.8262,0.8262
macro avg,0.8248311323738031,0.8367254447666218,0.8262,10000.0
weighted avg,0.8248311323738031,0.8367254447666219,0.8262,10000.0
