,f1-score,precision,recall,support
0,0.8468359532446594,0.8533712428919578,0.8404,5000.0
1,0.8491464867010718,0.8427895981087471,0.8556,5000.0
accuracy,0.848,0.848,0.848,0.848
macro avg,0.8479912199728656,0.8480804205003525,0.8480000000000001,10000.0
weighted avg,0.8479912199728656,0.8480804205003526,0.848,10000.0
