,f1-score,precision,recall,support
0,0.8679514632405424,0.8853754940711462,0.8512,5000.0
1,0.8729520259001275,0.8567302137492778,0.8898,5000.0
accuracy,0.8705,0.8705,0.8705,0.8705
macro avg,0.870451744570335,0.871052853910212,0.8705,10000.0
weighted avg,0.870451744570335,0.871052853910212,0.8705,10000.0
