,f1-score,precision,recall,support
0,0.8414733414733415,0.8564623032311516,0.827,5000.0
1,0.8468344475029493,0.832753286929621,0.8614,5000.0
accuracy,0.8442,0.8442,0.8442,0.8442
macro avg,0.8441538944881455,0.8446077950803863,0.8442000000000001,10000.0
weighted avg,0.8441538944881453,0.8446077950803863,0.8442,10000.0
