,f1-score,precision,recall,support
0,0.8504292815183009,0.8630388260470804,0.8381828978622328,3368.0
1,0.8546758378457486,0.8427128427128427,0.8669833729216152,3368.0
accuracy,0.852583135391924,0.852583135391924,0.852583135391924,0.852583135391924
macro avg,0.8525525596820247,0.8528758343799616,0.852583135391924,6736.0
weighted avg,0.8525525596820247,0.8528758343799616,0.852583135391924,6736.0
