,f1-score,precision,recall,support
0,0.8665432860374255,0.8916631400761743,0.8428,5000.0
1,0.873661670235546,0.850967007963595,0.8976,5000.0
accuracy,0.8702,0.8702,0.8702,0.8702
macro avg,0.8701024781364857,0.8713150740198847,0.8702,10000.0
weighted avg,0.8701024781364857,0.8713150740198847,0.8702,10000.0
