,f1-score,precision,recall,support
0,0.5631453534551231,0.8328112764291308,0.4254,5000.0
1,0.7348545717499598,0.6141552511415526,0.9146,5000.0
accuracy,0.67,0.67,0.67,0.67
macro avg,0.6489999626025414,0.7234832637853417,0.6699999999999999,10000.0
weighted avg,0.6489999626025413,0.7234832637853417,0.67,10000.0
