,f1-score,precision,recall,support
0,0.8104600865119936,0.796983758700696,0.8244,5000.0
1,0.8038258038258038,0.8181441590720795,0.79,5000.0
accuracy,0.8072,0.8072,0.8072,0.8072
macro avg,0.8071429451688987,0.8075639588863878,0.8072,10000.0
weighted avg,0.8071429451688987,0.8075639588863878,0.8072,10000.0
