,f1-score,precision,recall,support
0,0.8132879727836702,0.8137765318382059,0.8128,5000.0
1,0.8135118928642815,0.8130243707550939,0.814,5000.0
accuracy,0.8134,0.8134,0.8134,0.8134
macro avg,0.8133999328239758,0.81340045129665,0.8133999999999999,10000.0
weighted avg,0.8133999328239759,0.81340045129665,0.8134,10000.0
