,f1-score,precision,recall,support
0,0.8239520958083832,0.8223107569721115,0.8256,5000.0
1,0.823246492985972,0.8248995983935743,0.8216,5000.0
accuracy,0.8236,0.8236,0.8236,0.8236
macro avg,0.8235992943971776,0.8236051776828429,0.8236,10000.0
weighted avg,0.8235992943971776,0.823605177682843,0.8236,10000.0
