,f1-score,precision,recall,support
0,0.8264965056213915,0.8372665709008824,0.816,5000.0
1,0.8308482275106153,0.8205578310903062,0.8414,5000.0
accuracy,0.8287,0.8287,0.8287,0.8287
macro avg,0.8286723665660034,0.8289122009955943,0.8287,10000.0
weighted avg,0.8286723665660034,0.8289122009955944,0.8287,10000.0
