,f1-score,precision,recall,support
0,0.8215179316096747,0.85801393728223,0.788,5000.0
1,0.835511145272867,0.8039940828402367,0.8696,5000.0
accuracy,0.8288,0.8288,0.8288,0.8288
macro avg,0.8285145384412709,0.8310040100612333,0.8288,10000.0
weighted avg,0.8285145384412708,0.8310040100612333,0.8288,10000.0
