,f1-score,precision,recall,support
0,0.8273522585252634,0.7471783295711061,0.9268,5000.0
1,0.7801773130256877,0.9036334913112164,0.6864,5000.0
accuracy,0.8066,0.8066,0.8066,0.8066
macro avg,0.8037647857754755,0.8254059104411613,0.8066,10000.0
weighted avg,0.8037647857754756,0.8254059104411612,0.8066,10000.0
