,f1-score,precision,recall,support
0,0.8426792692901935,0.7722805264034649,0.9272,5000.0
1,0.8076025341780593,0.9089316987740805,0.7266,5000.0
accuracy,0.8269,0.8269,0.8269,0.8269
macro avg,0.8251409017341265,0.8406061125887727,0.8269,10000.0
weighted avg,0.8251409017341265,0.8406061125887727,0.8269,10000.0
