,f1-score,precision,recall,support
0,0.8448805629893944,0.8374926311652584,0.8524,5000.0
1,0.8420946423166179,0.8497251069028711,0.8346,5000.0
accuracy,0.8435,0.8435,0.8435,0.8435
macro avg,0.8434876026530062,0.8436088690340647,0.8435,10000.0
weighted avg,0.8434876026530063,0.8436088690340646,0.8435,10000.0
