,f1-score,precision,recall,support
0,0.8392694985369792,0.8468743636733863,0.8318,5000.0
1,0.8421052631578947,0.8347415995283946,0.8496,5000.0
accuracy,0.8407,0.8407,0.8407,0.8407
macro avg,0.8406873808474369,0.8408079816008904,0.8407,10000.0
weighted avg,0.8406873808474369,0.8408079816008903,0.8407,10000.0
