,f1-score,precision,recall,support
0,0.859233661957516,0.8735275883446993,0.8454,5000.0
1,0.8636945182560772,0.8502228250339081,0.8776,5000.0
accuracy,0.8615,0.8615,0.8615,0.8615
macro avg,0.8614640901067967,0.8618752066893037,0.8615,10000.0
weighted avg,0.8614640901067967,0.8618752066893037,0.8615,10000.0
