,f1-score,precision,recall,support
0,0.8393813807742849,0.8485591661557327,0.8304,5000.0
1,0.8427822301375284,0.8339533972978265,0.8518,5000.0
accuracy,0.8411,0.8411,0.8411,0.8411
macro avg,0.8410818054559066,0.8412562817267796,0.8411,10000.0
weighted avg,0.8410818054559066,0.8412562817267796,0.8411,10000.0
