,f1-score,precision,recall,support
0,0.8649862230839882,0.8831006459679099,0.8476,5000.0
1,0.8703068326634643,0.8534897135166314,0.8878,5000.0
accuracy,0.8677,0.8677,0.8677,0.8677
macro avg,0.8676465278737262,0.8682951797422707,0.8677,10000.0
weighted avg,0.8676465278737262,0.8682951797422706,0.8677,10000.0
