,f1-score,precision,recall,support
0,0.8369520688242523,0.8576826196473551,0.8172,5000.0
1,0.8444704962876123,0.8254392666157372,0.8644,5000.0
accuracy,0.8408,0.8408,0.8408,0.8408
macro avg,0.8407112825559323,0.8415609431315462,0.8408,10000.0
weighted avg,0.8407112825559323,0.8415609431315461,0.8408,10000.0
