,f1-score,precision,recall,support
0,0.8397935431636474,0.8500307314074985,0.8298,5000.0
1,0.8435616167605494,0.8337565930845868,0.8536,5000.0
accuracy,0.8417,0.8417,0.8417,0.8417
macro avg,0.8416775799620984,0.8418936622460427,0.8417,10000.0
weighted avg,0.8416775799620984,0.8418936622460428,0.8417,10000.0
