,f1-score,precision,recall,support
0,0.8457860131500299,0.8513838748495788,0.8402612826603325,3368.0
1,0.8477876106194691,0.8423212192262602,0.8533254156769596,3368.0
accuracy,0.8467933491686461,0.8467933491686461,0.8467933491686461,0.8467933491686461
macro avg,0.8467868118847495,0.8468525470379196,0.8467933491686461,6736.0
weighted avg,0.8467868118847496,0.8468525470379195,0.8467933491686461,6736.0
