,f1-score,precision,recall,support
0,0.8482834994462901,0.8063157894736842,0.8948598130841121,428.0
1,0.8370986920332937,0.8866498740554156,0.7927927927927928,444.0
accuracy,0.8428899082568807,0.8428899082568807,0.8428899082568807,0.8428899082568807
macro avg,0.842691095739792,0.8464828317645499,0.8438263029384525,872.0
weighted avg,0.842588482827746,0.8472198417148411,0.8428899082568807,872.0
