,f1-score,precision,recall,support
0,0.8499105791718254,0.780247537256883,0.9332326283987915,3310.0
1,0.8339674326586516,0.9253630530226274,0.7590027700831025,3610.0
accuracy,0.8423410404624277,0.8423410404624277,0.8423410404624277,0.8423410404624277
macro avg,0.8419390059152385,0.8528052951397552,0.8461176992409469,6920.0
weighted avg,0.8415934174792593,0.85595086267803,0.8423410404624277,6920.0
