,f1-score,precision,recall,support
0,0.8758314855875832,0.8856502242152466,0.8662280701754386,912.0
1,0.8781284004352558,0.868675995694295,0.8877887788778878,909.0
accuracy,0.8769906644700713,0.8769906644700713,0.8769906644700713,0.8769906644700713
macro avg,0.8769799430114195,0.8771631099547708,0.8770084245266632,1821.0
weighted avg,0.8769780509893044,0.8771770920210978,0.8769906644700713,1821.0
