,f1-score,precision,recall,support
0,0.8729250941553912,0.8108318217154703,0.9453172205438066,3310.0
1,0.8634387648028781,0.9408689970597843,0.7977839335180056,3610.0
accuracy,0.8683526011560694,0.8683526011560694,0.8683526011560694,0.8683526011560694
macro avg,0.8681819294791346,0.8758504093876274,0.8715505770309061,6920.0
weighted avg,0.8679763009527073,0.8786691342867092,0.8683526011560694,6920.0
