,f1-score,precision,recall,support
0,0.8506024096385543,0.8781094527363185,0.8247663551401869,428.0
1,0.8643326039387308,0.8404255319148937,0.8896396396396397,444.0
accuracy,0.8577981651376146,0.8577981651376146,0.8577981651376146,0.8577981651376146
macro avg,0.8574675067886426,0.8592674923256061,0.8572029973899133,872.0
weighted avg,0.8575934718739652,0.8589217682813728,0.8577981651376146,872.0
