,f1-score,precision,recall,support
0,0.818760403407422,0.8020333780932285,0.8362,5000.0
1,0.8108715643200163,0.8289116356799666,0.7936,5000.0
accuracy,0.8149,0.8149,0.8149,0.8149
macro avg,0.8148159838637191,0.8154725068865976,0.8149,10000.0
weighted avg,0.8148159838637191,0.8154725068865976,0.8149,10000.0
