,f1-score,precision,recall,support
0,0.8188319427890347,0.8133385951065509,0.8244,5000.0
1,0.8163511880789367,0.8219789132197891,0.8108,5000.0
accuracy,0.8176,0.8176,0.8176,0.8176
macro avg,0.8175915654339857,0.81765875416317,0.8176,10000.0
weighted avg,0.8175915654339857,0.81765875416317,0.8176,10000.0
