,f1-score,precision,recall,support
0,0.8091231178033659,0.90625,0.7308,5000.0
1,0.8428154631655728,0.7744638069705094,0.9244,5000.0
accuracy,0.8276,0.8276,0.8276,0.8276
macro avg,0.8259692904844693,0.8403569034852547,0.8276,10000.0
weighted avg,0.8259692904844693,0.8403569034852548,0.8276,10000.0
