,f1-score,precision,recall,support
0,0.8344573881054568,0.8531132469703301,0.8166,5000.0
1,0.8413941648717448,0.8241273494438052,0.8594,5000.0
accuracy,0.838,0.838,0.838,0.838
macro avg,0.8379257764886008,0.8386202982070676,0.8380000000000001,10000.0
weighted avg,0.8379257764886008,0.8386202982070677,0.838,10000.0
