,f1-score,precision,recall,support
0,0.8592765008243625,0.8341178685746564,0.886,5000.0
1,0.8502425430901022,0.8784388995521433,0.8238,5000.0
accuracy,0.8549,0.8549,0.8549,0.8549
macro avg,0.8547595219572324,0.8562783840633998,0.8549,10000.0
weighted avg,0.8547595219572323,0.8562783840633998,0.8549,10000.0
