,f1-score,precision,recall,support
0,0.8423704898206006,0.849045103616416,0.8358,5000.0
1,0.844810478269498,0.8383221740842851,0.8514,5000.0
accuracy,0.8436,0.8436,0.8436,0.8436
macro avg,0.8435904840450492,0.8436836388503506,0.8436,10000.0
weighted avg,0.8435904840450493,0.8436836388503507,0.8436,10000.0
