,f1-score,precision,recall,support
0,0.8240799829823443,0.8800545206724216,0.7748,5000.0
1,0.8439328175127382,0.7988567345480528,0.8944,5000.0
accuracy,0.8346,0.8346,0.8346,0.8346
macro avg,0.8340064002475412,0.8394556276102372,0.8346,10000.0
weighted avg,0.8340064002475414,0.8394556276102372,0.8346,10000.0
