,f1-score,precision,recall,support
0,0.8475155904244619,0.8524888709024686,0.8426,5000.0
1,0.8492742095844105,0.8444049031237644,0.8542,5000.0
accuracy,0.8484,0.8484,0.8484,0.8484
macro avg,0.8483949000044362,0.8484468870131165,0.8484,10000.0
weighted avg,0.8483949000044362,0.8484468870131164,0.8484,10000.0
