,f1-score,precision,recall,support
0,0.8688574626106419,0.8842410436943466,0.854,5000.0
1,0.8732671320420804,0.8588280796751112,0.8882,5000.0
accuracy,0.8711,0.8711,0.8711,0.8711
macro avg,0.8710622973263611,0.871534561684729,0.8711,10000.0
weighted avg,0.8710622973263613,0.871534561684729,0.8711,10000.0
