,f1-score,precision,recall,support
0,0.8533571534911418,0.8557778441325768,0.8509501187648456,3368.0
1,0.8541820873427091,0.8517862415116623,0.8565914489311164,3368.0
accuracy,0.853770783847981,0.853770783847981,0.853770783847981,0.853770783847981
macro avg,0.8537696204169254,0.8537820428221196,0.853770783847981,6736.0
weighted avg,0.8537696204169254,0.8537820428221196,0.853770783847981,6736.0
