,f1-score,precision,recall,support
0,0.8712289937234258,0.8821238212382124,0.8606,5000.0
1,0.8743331357439241,0.8639203436157751,0.885,5000.0
accuracy,0.8728,0.8728,0.8728,0.8728
macro avg,0.8727810647336749,0.8730220824269938,0.8728,10000.0
weighted avg,0.872781064733675,0.8730220824269938,0.8728,10000.0
