,f1-score,precision,recall,support
0,0.7575818843509907,0.7659443990188062,0.7494,5000.0
1,0.7627621685793431,0.754698512137823,0.771,5000.0
accuracy,0.7602,0.7602,0.7602,0.7602
macro avg,0.7601720264651669,0.7603214555783147,0.7602,10000.0
weighted avg,0.7601720264651669,0.7603214555783147,0.7602,10000.0
