,f1-score,precision,recall,support
0,0.8310538226901506,0.8179353089289173,0.8446,5000.0
1,0.8254549151163972,0.8393632416787264,0.812,5000.0
accuracy,0.8283,0.8283,0.8283,0.8283
macro avg,0.828254368903274,0.8286492753038219,0.8283,10000.0
weighted avg,0.828254368903274,0.8286492753038219,0.8283,10000.0
