,f1-score,precision,recall,support
0,0.8342640606302354,0.8319411296738266,0.8366,5000.0
1,0.8333333333333334,0.835679806918745,0.831,5000.0
accuracy,0.8338,0.8338,0.8338,0.8338
macro avg,0.8337986969817843,0.8338104682962858,0.8338,10000.0
weighted avg,0.8337986969817844,0.8338104682962858,0.8338,10000.0
