,f1-score,precision,recall,support
0,0.8510382184772797,0.8536928959549205,0.8484,5000.0
1,0.8519589273252917,0.8493341284038959,0.8546,5000.0
accuracy,0.8515,0.8515,0.8515,0.8515
macro avg,0.8514985729012856,0.8515135121794082,0.8515,10000.0
weighted avg,0.8514985729012856,0.8515135121794083,0.8515,10000.0
