,f1-score,precision,recall,support
0,0.8550129026091943,0.8187808896210873,0.8946,5000.0
1,0.8409353046031247,0.8838439497465286,0.802,5000.0
accuracy,0.8483,0.8483,0.8483,0.8483
macro avg,0.8479741036061594,0.851312419683808,0.8483,10000.0
weighted avg,0.8479741036061594,0.851312419683808,0.8483,10000.0
