,f1-score,precision,recall,support
0,0.8570102997123503,0.799376839189891,0.9236,5000.0
1,0.8329177057356609,0.9095429789249349,0.7682,5000.0
accuracy,0.8459,0.8459,0.8459,0.8459
macro avg,0.8449640027240056,0.854459909057413,0.8459,10000.0
weighted avg,0.8449640027240057,0.8544599090574129,0.8459,10000.0
