,f1-score,precision,recall,support
0,0.845919610231425,0.8588211046990931,0.8334,5000.0
1,0.8504138746551044,0.8381895881895882,0.863,5000.0
accuracy,0.8482,0.8482,0.8482,0.8482
macro avg,0.8481667424432647,0.8485053464443406,0.8482000000000001,10000.0
weighted avg,0.8481667424432647,0.8485053464443406,0.8482,10000.0
