,f1-score,precision,recall,support
0,0.8680024788266887,0.8974797095258437,0.8404,5000.0
1,0.8761387865865478,0.849943587814968,0.904,5000.0
accuracy,0.8722,0.8722,0.8722,0.8722
macro avg,0.8720706327066182,0.8737116486704058,0.8722000000000001,10000.0
weighted avg,0.8720706327066182,0.8737116486704058,0.8722,10000.0
