,f1-score,precision,recall,support
0,0.8485992449831113,0.8430714567706277,0.8542,5000.0
1,0.8465874773505134,0.8522496959870288,0.841,5000.0
accuracy,0.8476,0.8476,0.8476,0.8476
macro avg,0.8475933611668124,0.8476605763788283,0.8475999999999999,10000.0
weighted avg,0.8475933611668124,0.8476605763788282,0.8476,10000.0
