,f1-score,precision,recall,support
0,0.8754906894816304,0.8812563323201621,0.8698,5000.0
1,0.8770988574267263,0.8714708785784797,0.8828,5000.0
accuracy,0.8763,0.8763,0.8763,0.8763
macro avg,0.8762947734541784,0.8763636054493209,0.8763000000000001,10000.0
weighted avg,0.8762947734541784,0.8763636054493209,0.8763,10000.0
