,f1-score,precision,recall,support
0,0.8791804760470021,0.8829937462174703,0.8754,5000.0
1,0.88021507517674,0.876462423160817,0.884,5000.0
accuracy,0.8797,0.8797,0.8797,0.8797
macro avg,0.8796977756118711,0.8797280846891437,0.8796999999999999,10000.0
weighted avg,0.8796977756118711,0.8797280846891438,0.8797,10000.0
