,f1-score,precision,recall,support
0,0.853050814204434,0.8371197535618021,0.8696,5000.0
1,0.8472363858861922,0.8643362463587183,0.8308,5000.0
accuracy,0.8502,0.8502,0.8502,0.8502
macro avg,0.8501436000453131,0.8507279999602602,0.8502000000000001,10000.0
weighted avg,0.850143600045313,0.8507279999602603,0.8502,10000.0
