,f1-score,precision,recall,support
0,0.8582263710618436,0.8434633027522935,0.8735154394299287,3368.0
1,0.8530834340991535,0.8688423645320197,0.8378859857482185,3368.0
accuracy,0.8557007125890737,0.8557007125890737,0.8557007125890737,0.8557007125890737
macro avg,0.8556549025804986,0.8561528336421567,0.8557007125890737,6736.0
weighted avg,0.8556549025804986,0.8561528336421566,0.8557007125890737,6736.0
