,f1-score,precision,recall,support
0,0.8798727128082736,0.875,0.8848,5000.0
1,0.8785197103781175,0.883495145631068,0.8736,5000.0
accuracy,0.8792,0.8792,0.8792,0.8792
macro avg,0.8791962115931955,0.879247572815534,0.8792,10000.0
weighted avg,0.8791962115931954,0.8792475728155339,0.8792,10000.0
