,f1-score,precision,recall,support
0,0.6412176261200442,0.8299968223705116,0.5224,5000.0
1,0.7533957647852865,0.6515394717641909,0.893,5000.0
accuracy,0.7077,0.7077,0.7077,0.7077
macro avg,0.6973066954526653,0.7407681470673513,0.7077,10000.0
weighted avg,0.6973066954526653,0.7407681470673513,0.7077,10000.0
