,f1-score,precision,recall,support
0,0.8087848723819214,0.7020462240541734,0.9538,5000.0
1,0.7252345558669429,0.9279700654817586,0.5952,5000.0
accuracy,0.7745,0.7745,0.7745,0.7745
macro avg,0.7670097141244321,0.815008144767966,0.7745,10000.0
weighted avg,0.7670097141244321,0.815008144767966,0.7745,10000.0
