,f1-score,precision,recall,support
0,0.8403727939718422,0.8332677939441604,0.8476,5000.0
1,0.8376033891466612,0.8449328449328449,0.8304,5000.0
accuracy,0.839,0.839,0.839,0.839
macro avg,0.8389880915592517,0.8391003194385027,0.839,10000.0
weighted avg,0.8389880915592516,0.8391003194385026,0.839,10000.0
