,f1-score,precision,recall,support
0,0.8525808395260093,0.8561920129084308,0.849,5000.0
1,0.8538139812786297,0.8502578341927807,0.8574,5000.0
accuracy,0.8532,0.8532,0.8532,0.8532
macro avg,0.8531974104023194,0.8532249235506058,0.8532,10000.0
weighted avg,0.8531974104023194,0.8532249235506056,0.8532,10000.0
