,f1-score,precision,recall,support
0,0.8412395948249924,0.8436934218467109,0.8388,5000.0
1,0.8421577425466149,0.8397295685026844,0.8446,5000.0
accuracy,0.8417,0.8417,0.8417,0.8417
macro avg,0.8416986686858037,0.8417114951746977,0.8417,10000.0
weighted avg,0.8416986686858036,0.8417114951746977,0.8417,10000.0
