,f1-score,precision,recall,support
0,0.8580428818209531,0.8721338566411898,0.8444,5000.0
1,0.8624864652032681,0.8491955805388641,0.8762,5000.0
accuracy,0.8603,0.8603,0.8603,0.8603
macro avg,0.8602646735121107,0.8606647185900269,0.8603000000000001,10000.0
weighted avg,0.8602646735121107,0.860664718590027,0.8603,10000.0
