,f1-score,precision,recall,support
0,0.8295075125208681,0.8671465968586387,0.795,5000.0
1,0.8431259600614439,0.8107459379615952,0.8782,5000.0
accuracy,0.8366,0.8366,0.8366,0.8366
macro avg,0.836316736291156,0.8389462674101169,0.8366,10000.0
weighted avg,0.8363167362911561,0.8389462674101169,0.8366,10000.0
