,f1-score,precision,recall,support
0,0.8463126290110714,0.7971014492753623,0.902,5000.0
1,0.8246628131021194,0.8871487793643482,0.7704,5000.0
accuracy,0.8362,0.8362,0.8362,0.8362
macro avg,0.8354877210565954,0.8421251143198553,0.8362,10000.0
weighted avg,0.8354877210565955,0.8421251143198553,0.8362,10000.0
