,f1-score,precision,recall,support
0,0.8181818181818181,0.8916607270135424,0.7558912386706949,3310.0
1,0.8560331434489902,0.8035974720466699,0.9157894736842105,3610.0
accuracy,0.8393063583815029,0.8393063583815029,0.8393063583815029,0.8393063583815029
macro avg,0.8371074808154042,0.8476290995301061,0.8358403561774527,6920.0
weighted avg,0.8379279575191723,0.845720213945564,0.8393063583815029,6920.0
