,f1-score,precision,recall,support
0,0.858021978021978,0.8330014224751067,0.8845921450151057,3310.0
1,0.8618674269422665,0.8878120411160059,0.8373961218836565,3610.0
accuracy,0.8599710982658959,0.8599710982658959,0.8599710982658959,0.8599710982658959
macro avg,0.8599447024821223,0.8604067317955563,0.8609941334493811,6920.0
weighted avg,0.8600280575887759,0.8615948232400844,0.8599710982658959,6920.0
