,f1-score,precision,recall,support
0,0.838709677419355,0.8581907090464548,0.8200934579439252,428.0
1,0.8511576626240354,0.8336933045356372,0.8693693693693694,444.0
accuracy,0.8451834862385321,0.8451834862385321,0.8451834862385321,0.8451834862385321
macro avg,0.8449336700216952,0.8459420067910459,0.8447314136566473,872.0
weighted avg,0.8450478717208206,0.8457172599606715,0.8451834862385321,872.0
