,f1-score,precision,recall,support
0,0.8569725864123957,0.8453850676072898,0.8688821752265861,3310.0
1,0.8653198653198653,0.8766344513928368,0.8542936288088643,3610.0
accuracy,0.861271676300578,0.861271676300578,0.861271676300578,0.861271676300578
macro avg,0.8611462258661304,0.8610097595000633,0.8615879020177252,6920.0
weighted avg,0.8613271639927375,0.8616871305358772,0.861271676300578,6920.0
