,f1-score,precision,recall,support
0,0.8578605200945627,0.8395026026604974,0.8770392749244713,3310.0
1,0.8639705882352942,0.8824378971692663,0.8462603878116344,3610.0
accuracy,0.8609826589595375,0.8609826589595375,0.8609826589595375,0.8609826589595375
macro avg,0.8609155541649285,0.8609702499148819,0.8616498313680528,6920.0
weighted avg,0.8610479978384992,0.8619009282640604,0.8609826589595375,6920.0
