,f1-score,precision,recall,support
0,0.7236968340262231,0.6028236547682472,0.9052,5000.0
1,0.5387079551521624,0.8097913322632424,0.4036,5000.0
accuracy,0.6544,0.6544,0.6544,0.6544
macro avg,0.6312023945891927,0.7063074935157447,0.6544,10000.0
weighted avg,0.6312023945891928,0.7063074935157447,0.6544,10000.0
