,f1-score,precision,recall,support
0,0.7268016194331983,0.6106122448979592,0.8976,5000.0
1,0.558954248366013,0.8067924528301886,0.4276,5000.0
accuracy,0.6626,0.6626,0.6626,0.6626
macro avg,0.6428779338996057,0.7087023488640739,0.6626,10000.0
weighted avg,0.6428779338996057,0.7087023488640739,0.6626,10000.0
