,f1-score,precision,recall,support
0,0.7988971221781836,0.7017862549197699,0.9272,5000.0
1,0.7219442458899215,0.8927519151443725,0.606,5000.0
accuracy,0.7666,0.7666,0.7666,0.7666
macro avg,0.7604206840340526,0.7972690850320712,0.7666,10000.0
weighted avg,0.7604206840340526,0.7972690850320713,0.7666,10000.0
