,f1-score,precision,recall,support
0,0.829052080185353,0.835193829916785,0.823,5000.0
1,0.8315298322247593,0.8255470136014192,0.8376,5000.0
accuracy,0.8303,0.8303,0.8303,0.8303
macro avg,0.8302909562050562,0.8303704217591021,0.8303,10000.0
weighted avg,0.8302909562050561,0.8303704217591021,0.8303,10000.0
