,f1-score,precision,recall,support
0,0.8501384757411018,0.8726047588966098,0.8288,5000.0
1,0.8574773192859234,0.8369834317272901,0.879,5000.0
accuracy,0.8539,0.8539,0.8539,0.8539
macro avg,0.8538078975135126,0.8547940953119499,0.8539,10000.0
weighted avg,0.8538078975135126,0.8547940953119498,0.8539,10000.0
