,f1-score,precision,recall,support
0,0.8571138417792221,0.8706416340004126,0.844,5000.0
1,0.8614202698709741,0.8486318649330488,0.8746,5000.0
accuracy,0.8593,0.8593,0.8593,0.8593
macro avg,0.8592670558250981,0.8596367494667307,0.8593,10000.0
weighted avg,0.8592670558250982,0.8596367494667305,0.8593,10000.0
