,f1-score,precision,recall,support
0,0.8244776752571853,0.8776247459923233,0.7774,5000.0
1,0.8434395989026582,0.8002154011847065,0.8916,5000.0
accuracy,0.8345,0.8345,0.8345,0.8345
macro avg,0.8339586370799217,0.838920073588515,0.8345,10000.0
weighted avg,0.8339586370799218,0.838920073588515,0.8345,10000.0
