,f1-score,precision,recall,support
0,0.8066070199587062,0.9456697149004841,0.7032,5000.0
1,0.8505584116291438,0.763769500159185,0.9596,5000.0
accuracy,0.8314,0.8314,0.8314,0.8314
macro avg,0.828582715793925,0.8547196075298346,0.8314,10000.0
weighted avg,0.828582715793925,0.8547196075298347,0.8314,10000.0
