,f1-score,precision,recall,support
0,0.8422440904940651,0.8546427836112827,0.8302,5000.0
1,0.8466923001084491,0.8349212521874393,0.8588,5000.0
accuracy,0.8445,0.8445,0.8445,0.8445
macro avg,0.8444681953012572,0.844782017899361,0.8445,10000.0
weighted avg,0.8444681953012573,0.844782017899361,0.8445,10000.0
