,f1-score,precision,recall,support
0,0.8712446351931331,0.8907229419139155,0.8526,5000.0
1,0.876639906011357,0.8586497890295358,0.8954,5000.0
accuracy,0.874,0.874,0.874,0.874
macro avg,0.873942270602245,0.8746863654717256,0.874,10000.0
weighted avg,0.8739422706022452,0.8746863654717257,0.874,10000.0
