,f1-score,precision,recall,support
0,0.8367558597801287,0.8690219732873762,0.8068,5000.0
1,0.8480401621934736,0.8197088465845465,0.8784,5000.0
accuracy,0.8426,0.8426,0.8426,0.8426
macro avg,0.8423980109868011,0.8443654099359613,0.8426,10000.0
weighted avg,0.8423980109868011,0.8443654099359613,0.8426,10000.0
