,f1-score,precision,recall,support
0,0.8678694337261444,0.9067334931357595,0.8322,5000.0
1,0.8783017961771203,0.8449454814267233,0.9144,5000.0
accuracy,0.8733,0.8733,0.8733,0.8733
macro avg,0.8730856149516324,0.8758394872812414,0.8733,10000.0
weighted avg,0.8730856149516323,0.8758394872812414,0.8733,10000.0
