,f1-score,precision,recall,support
0,0.8044512249842951,0.7296109392804818,0.8964,5000.0
1,0.7539799029016597,0.8656987295825771,0.6678,5000.0
accuracy,0.7821,0.7821,0.7821,0.7821
macro avg,0.7792155639429774,0.7976548344315295,0.7821,10000.0
weighted avg,0.7792155639429774,0.7976548344315295,0.7821,10000.0
