,f1-score,precision,recall,support
0,0.84375,0.8562602965403624,0.8316,5000.0
1,0.8481861198738171,0.8363141524105754,0.8604,5000.0
accuracy,0.846,0.846,0.846,0.846
macro avg,0.8459680599369086,0.8462872244754689,0.8460000000000001,10000.0
weighted avg,0.8459680599369085,0.846287224475469,0.846,10000.0
