,f1-score,precision,recall,support
0,0.8654842566759665,0.8623907863383637,0.8686,5000.0
1,0.8645122440786832,0.8676470588235294,0.8614,5000.0
accuracy,0.865,0.865,0.865,0.865
macro avg,0.8649982503773248,0.8650189225809466,0.865,10000.0
weighted avg,0.8649982503773248,0.8650189225809467,0.865,10000.0
