,f1-score,precision,recall,support
0,0.851696975590781,0.8288851031610828,0.8758,5000.0
1,0.8430585571678503,0.8683485266058936,0.8192,5000.0
accuracy,0.8475,0.8475,0.8475,0.8475
macro avg,0.8473777663793156,0.8486168148834882,0.8475,10000.0
weighted avg,0.8473777663793156,0.8486168148834881,0.8475,10000.0
