,f1-score,precision,recall,support
0,0.8745456331663228,0.8594323228422476,0.8902,5000.0
1,0.8699725078912535,0.8861232109520847,0.8544,5000.0
accuracy,0.8723,0.8723,0.8723,0.8723
macro avg,0.8722590705287881,0.8727777668971661,0.8723000000000001,10000.0
weighted avg,0.8722590705287883,0.8727777668971661,0.8723,10000.0
