,f1-score,precision,recall,support
0,0.8524495120301478,0.8246401196485325,0.8822,5000.0
1,0.8417780540876593,0.8733605676198667,0.8124,5000.0
accuracy,0.8473,0.8473,0.8473,0.8473
macro avg,0.8471137830589035,0.8490003436341995,0.8472999999999999,10000.0
weighted avg,0.8471137830589036,0.8490003436341996,0.8473,10000.0
