,f1-score,precision,recall,support
0,0.8561389810657817,0.8360655737704918,0.8772,5000.0
1,0.848882509739594,0.8708456037021456,0.828,5000.0
accuracy,0.8526,0.8526,0.8526,0.8526
macro avg,0.8525107454026879,0.8534555887363187,0.8526,10000.0
weighted avg,0.8525107454026878,0.8534555887363187,0.8526,10000.0
