,f1-score,precision,recall,support
0,0.8274867851994233,0.8806682577565632,0.7803625377643505,3310.0
1,0.8582335132289062,0.817657386506145,0.9030470914127424,3610.0
accuracy,0.844364161849711,0.844364161849711,0.844364161849711,0.844364161849711
macro avg,0.8428601492141647,0.8491628221313541,0.8417048145885464,6920.0
weighted avg,0.8435266245327229,0.8477969795464463,0.844364161849711,6920.0
