,f1-score,precision,recall,support
0,0.8711601550849984,0.8601295641931684,0.8824773413897281,3310.0
1,0.8788898233809924,0.8896140749148694,0.868421052631579,3610.0
accuracy,0.8751445086705202,0.8751445086705202,0.8751445086705202,0.8751445086705202
macro avg,0.8750249892329954,0.8748718195540189,0.8754491970106535,6920.0
weighted avg,0.8751925398463478,0.8755109346708188,0.8751445086705202,6920.0
