,f1-score,precision,recall,support
0,0.8765450483991065,0.8643171806167401,0.8891238670694864,3310.0
1,0.8836491228070175,0.8955903271692746,0.87202216066482,3610.0
accuracy,0.8802023121387283,0.8802023121387283,0.8802023121387283,0.8802023121387283
macro avg,0.880097085603062,0.8799537538930073,0.8805730138671533,6920.0
weighted avg,0.8802510756552566,0.8806316400177011,0.8802023121387283,6920.0
