,f1-score,precision,recall,support
0,0.8740416210295728,0.8730853391684902,0.875,912.0
1,0.8733480176211453,0.8743109151047409,0.8723872387238724,909.0
accuracy,0.8736957715540912,0.8736957715540912,0.8736957715540912,0.8736957715540912
macro avg,0.8736948193253591,0.8736981271366155,0.8736936193619362,1821.0
weighted avg,0.8736953906625983,0.8736971176012479,0.8736957715540912,1821.0
