,f1-score,precision,recall,support
0,0.8088737201365187,0.8665447897623401,0.7584,5000.0
1,0.8313253012048193,0.7852062588904695,0.8832,5000.0
accuracy,0.8208,0.8208,0.8208,0.8208
macro avg,0.820099510670669,0.8258755243264048,0.8208,10000.0
weighted avg,0.820099510670669,0.8258755243264048,0.8208,10000.0
