,f1-score,precision,recall,support
0,0.7399354915780672,0.9187184811628597,0.6194,5000.0
1,0.8127955972138619,0.7129280434454669,0.9452,5000.0
accuracy,0.7823,0.7823,0.7823,0.7823
macro avg,0.7763655443959645,0.8158232623041632,0.7823,10000.0
weighted avg,0.7763655443959646,0.8158232623041632,0.7823,10000.0
