,f1-score,precision,recall,support
0,0.7557416267942584,0.9401785714285714,0.6318,5000.0
1,0.8245704467353951,0.7227409638554216,0.9598,5000.0
accuracy,0.7958,0.7958,0.7958,0.7958
macro avg,0.7901560367648268,0.8314597676419966,0.7958000000000001,10000.0
weighted avg,0.7901560367648268,0.8314597676419966,0.7958,10000.0
