,f1-score,precision,recall,support
0,0.8153128727903699,0.8905472636815921,0.7518,5000.0
1,0.8420076073847296,0.7852569648728154,0.9076,5000.0
accuracy,0.8297,0.8297,0.8297,0.8297
macro avg,0.8286602400875498,0.8379021142772037,0.8297,10000.0
weighted avg,0.8286602400875498,0.8379021142772037,0.8297,10000.0
