,f1-score,precision,recall,support
0,0.8297267759562842,0.914698795180723,0.7592,5000.0
1,0.8564055299539172,0.7941880341880342,0.9292,5000.0
accuracy,0.8442,0.8442,0.8442,0.8442
macro avg,0.8430661529551007,0.8544434146843786,0.8442000000000001,10000.0
weighted avg,0.8430661529551006,0.8544434146843786,0.8442,10000.0
