,f1-score,precision,recall,support
0,0.8520144376158423,0.8316511140735098,0.8734,5000.0
1,0.844394296850959,0.866708780795957,0.8232,5000.0
accuracy,0.8483,0.8483,0.8483,0.8483
macro avg,0.8482043672334006,0.8491799474347335,0.8483,10000.0
weighted avg,0.8482043672334006,0.8491799474347334,0.8483,10000.0
