,f1-score,precision,recall,support
0,0.8427398399334789,0.8772992858688595,0.8108,5000.0
1,0.8542248771557954,0.8241308793456033,0.8866,5000.0
accuracy,0.8487,0.8487,0.8487,0.8487
macro avg,0.8484823585446372,0.8507150826072314,0.8487,10000.0
weighted avg,0.848482358544637,0.8507150826072313,0.8487,10000.0
