,f1-score,precision,recall,support
0,0.8553834311555855,0.8242165770443167,0.889,5000.0
1,0.8435515769751223,0.879531148252659,0.8104,5000.0
accuracy,0.8497,0.8497,0.8497,0.8497
macro avg,0.8494675040653539,0.8518738626484879,0.8497,10000.0
weighted avg,0.849467504065354,0.851873862648488,0.8497,10000.0
