,f1-score,precision,recall,support
0,0.8791208791208791,0.8555744841945864,0.904,5000.0
1,0.8720798600391068,0.8982404070383718,0.8474,5000.0
accuracy,0.8757,0.8757,0.8757,0.8757
macro avg,0.875600369579993,0.8769074456164792,0.8757,10000.0
weighted avg,0.8756003695799929,0.8769074456164792,0.8757,10000.0
