,f1-score,precision,recall,support
0,0.8512012921461739,0.8593558907460253,0.8432,5000.0
1,0.8539726570239747,0.8460934432665882,0.862,5000.0
accuracy,0.8526,0.8526,0.8526,0.8526
macro avg,0.8525869745850743,0.8527246670063067,0.8526,10000.0
weighted avg,0.8525869745850743,0.8527246670063067,0.8526,10000.0
