,f1-score,precision,recall,support
0,0.8764915859255482,0.894276795005203,0.8594,5000.0
1,0.8812162824914174,0.8646775745909528,0.8984,5000.0
accuracy,0.8789,0.8789,0.8789,0.8789
macro avg,0.8788539342084828,0.8794771847980779,0.8789,10000.0
weighted avg,0.8788539342084827,0.8794771847980779,0.8789,10000.0
