,f1-score,precision,recall,support
0,0.8116308470290772,0.8842975206611571,0.75,428.0
1,0.8436516264428121,0.7897838899803536,0.9054054054054054,444.0
accuracy,0.8291284403669725,0.8291284403669725,0.8291284403669725,0.8291284403669725
macro avg,0.8276412367359447,0.8370407053207554,0.8277027027027026,872.0
weighted avg,0.8279350053544192,0.8361736077915736,0.8291284403669725,872.0
