,f1-score,precision,recall,support
0,0.8530701754385965,0.8037190082644629,0.9088785046728972,428.0
1,0.8389423076923076,0.8994845360824743,0.786036036036036,444.0
accuracy,0.8463302752293578,0.8463302752293578,0.8463302752293578,0.8463302752293578
macro avg,0.8460062415654521,0.8516017721734686,0.8474572703544666,872.0
weighted avg,0.8458766280998898,0.852480354997487,0.8463302752293578,872.0
