,f1-score,precision,recall,support
0,0.8675496688741722,0.7983748095479939,0.9498489425981873,3310.0
1,0.854368932038835,0.9443326626425218,0.7800554016620499,3610.0
accuracy,0.861271676300578,0.861271676300578,0.861271676300578,0.861271676300578
macro avg,0.8609593004565036,0.8713537360952579,0.8649521721301185,6920.0
weighted avg,0.8606735908430209,0.8745175623906595,0.861271676300578,6920.0
