,f1-score,precision,recall,support
0,0.8486293206197855,0.8661800486618005,0.8317757009345794,428.0
1,0.8596685082872927,0.8438177874186551,0.8761261261261262,444.0
accuracy,0.8543577981651376,0.8543577981651376,0.8543577981651376,0.8543577981651376
macro avg,0.854148914453539,0.8549989180402278,0.8539509135303528,872.0
weighted avg,0.8542501914046171,0.854793759680199,0.8543577981651376,872.0
