,f1-score,precision,recall,support
0,0.8489208633093526,0.8719211822660099,0.8271028037383178,428.0
1,0.8615384615384615,0.8412017167381974,0.8828828828828829,444.0
accuracy,0.8555045871559633,0.8555045871559633,0.8555045871559633,0.8555045871559633
macro avg,0.8552296624239071,0.8565614495021037,0.8549928433106003,872.0
weighted avg,0.8553454202058254,0.8562796195431329,0.8555045871559633,872.0
