,f1-score,precision,recall,support
0,0.8964992389649923,0.9033742331288344,0.8897280966767371,3310.0
1,0.90646492434663,0.9002732240437158,0.9127423822714681,3610.0
accuracy,0.9017341040462428,0.9017341040462428,0.9017341040462428,0.9017341040462428
macro avg,0.9014820816558111,0.9018237285862751,0.9012352394741026,6920.0
weighted avg,0.9016981008476095,0.9017565101812508,0.9017341040462428,6920.0
