,f1-score,precision,recall,support
0,0.585761407366685,0.9362917398945518,0.4262,5000.0
1,0.7631248035209053,0.6285603314344899,0.971,5000.0
accuracy,0.6986,0.6986,0.6986,0.6986
macro avg,0.6744431054437952,0.7824260356645208,0.6986,10000.0
weighted avg,0.6744431054437952,0.7824260356645208,0.6986,10000.0
