,f1-score,precision,recall,support
0,0.6942295497780596,0.9487001733102253,0.5474,5000.0
1,0.800990507635163,0.681939564300773,0.9704,5000.0
accuracy,0.7589,0.7589,0.7589,0.7589
macro avg,0.7476100287066113,0.8153198688054991,0.7589,10000.0
weighted avg,0.7476100287066113,0.815319868805499,0.7589,10000.0
