,f1-score,precision,recall,support
0,0.8569731762842719,0.8483245149911817,0.8658,5000.0
1,0.8539961604526624,0.8629773330610578,0.8452,5000.0
accuracy,0.8555,0.8555,0.8555,0.8555
macro avg,0.8554846683684671,0.8556509240261198,0.8554999999999999,10000.0
weighted avg,0.8554846683684671,0.8556509240261198,0.8555,10000.0
