,f1-score,precision,recall,support
0,0.854388843314192,0.8766835016835017,0.8332,5000.0
1,0.8614363778298205,0.8410823170731707,0.8828,5000.0
accuracy,0.858,0.858,0.858,0.858
macro avg,0.8579126105720063,0.8588829093783362,0.8580000000000001,10000.0
weighted avg,0.8579126105720063,0.8588829093783362,0.858,10000.0
