,f1-score,precision,recall,support
0,0.8606811145510836,0.8891257995735607,0.834,5000.0
1,0.8690591658583899,0.8436911487758946,0.896,5000.0
accuracy,0.865,0.865,0.865,0.865
macro avg,0.8648701402047367,0.8664084741747277,0.865,10000.0
weighted avg,0.8648701402047368,0.8664084741747275,0.865,10000.0
