,f1-score,precision,recall,support
0,0.8689973879847298,0.873031893419459,0.865,5000.0
1,0.8701970933704957,0.866230677764566,0.8742,5000.0
accuracy,0.8696,0.8696,0.8696,0.8696
macro avg,0.8695972406776127,0.8696312855920125,0.8695999999999999,10000.0
weighted avg,0.8695972406776127,0.8696312855920125,0.8696,10000.0
