,f1-score,precision,recall,support
0,0.8544453186467348,0.8405572755417957,0.8688,5000.0
1,0.8494711147274207,0.8642384105960265,0.8352,5000.0
accuracy,0.852,0.852,0.852,0.852
macro avg,0.8519582166870777,0.8523978430689111,0.8520000000000001,10000.0
weighted avg,0.8519582166870777,0.8523978430689112,0.852,10000.0
