,f1-score,precision,recall,support
0,0.8703164239075841,0.8742684157416751,0.8664,5000.0
1,0.8714783474365355,0.867591674925669,0.8754,5000.0
accuracy,0.8709,0.8709,0.8709,0.8709
macro avg,0.8708973856720599,0.8709300453336721,0.8709,10000.0
weighted avg,0.8708973856720597,0.870930045333672,0.8709,10000.0
