,f1-score,precision,recall,support
0,0.8550273952317488,0.8528803545051699,0.857185273159145,3368.0
1,0.8542937937193035,0.8564607579826917,0.8521377672209026,3368.0
accuracy,0.8546615201900237,0.8546615201900237,0.8546615201900237,0.8546615201900237
macro avg,0.8546605944755261,0.8546705562439307,0.8546615201900238,6736.0
weighted avg,0.854660594475526,0.8546705562439307,0.8546615201900237,6736.0
