,f1-score,precision,recall,support
0,0.840378548895899,0.8792079207920792,0.804833836858006,3310.0
1,0.8650666666666667,0.8339331619537275,0.8986149584487535,3610.0
accuracy,0.8537572254335261,0.8537572254335261,0.8537572254335261,0.8537572254335261
macro avg,0.8527226077812828,0.8565705413729033,0.8517243976533797,6920.0
weighted avg,0.8532577548427879,0.8555891520917251,0.8537572254335261,6920.0
