,f1-score,precision,recall,support
0,0.8382687927107062,0.8177777777777778,0.8598130841121495,428.0
1,0.8360277136258661,0.8578199052132701,0.8153153153153153,444.0
accuracy,0.8371559633027523,0.8371559633027523,0.8371559633027523,0.8371559633027523
macro avg,0.8371482531682861,0.837798841495524,0.8375641997137324,872.0
weighted avg,0.8371276928097096,0.8381662004628221,0.8371559633027523,872.0
