,f1-score,precision,recall,support
0,0.8665899942495687,0.8266593527153044,0.9105740181268882,3310.0
1,0.8651946542707729,0.9095907147220526,0.8249307479224377,3610.0
accuracy,0.8658959537572254,0.8658959537572254,0.8658959537572254,0.8658959537572254
macro avg,0.8658923242601708,0.8681250337186786,0.867752383024663,6920.0
weighted avg,0.865862078451382,0.8699226788488825,0.8658959537572254,6920.0
