,f1-score,precision,recall,support
0,0.8486238532110092,0.8333333333333334,0.8644859813084113,428.0
1,0.8486238532110092,0.8644859813084113,0.8333333333333334,444.0
accuracy,0.8486238532110092,0.8486238532110092,0.8486238532110092,0.8486238532110092
macro avg,0.8486238532110092,0.8489096573208723,0.8489096573208723,872.0
weighted avg,0.8486238532110092,0.8491954614307353,0.8486238532110092,872.0
