,f1-score,precision,recall,support
0,0.8767478737206286,0.8384339674662256,0.9187311178247735,3310.0
1,0.8761408083441982,0.9183115699969633,0.8376731301939058,3610.0
accuracy,0.8764450867052023,0.8764450867052023,0.8764450867052023,0.8764450867052023
macro avg,0.8764443410324134,0.8783727687315944,0.8782021240093396,6920.0
weighted avg,0.8764311821008434,0.8801042196535035,0.8764450867052023,6920.0
