,f1-score,precision,recall,support
0,0.8760237221123977,0.8223753976670202,0.9371601208459215,3310.0
1,0.8700799052974253,0.9339263024142312,0.814404432132964,3610.0
accuracy,0.873121387283237,0.873121387283237,0.873121387283237,0.873121387283237
macro avg,0.8730518137049115,0.8781508500406257,0.8757822764894427,6920.0
weighted avg,0.8729229737450493,0.880568860981678,0.873121387283237,6920.0
