,f1-score,precision,recall,support
0,0.8378698224852072,0.8489208633093526,0.8271028037383178,428.0
1,0.8476084538375974,0.8373626373626374,0.8581081081081081,444.0
accuracy,0.8428899082568807,0.8428899082568807,0.8428899082568807,0.8428899082568807
macro avg,0.8427391381614023,0.843141750335995,0.842605455923213,872.0
weighted avg,0.8428284834031674,0.8430357115658416,0.8428899082568807,872.0
