,f1-score,precision,recall,support
0,0.8842229779683574,0.8659136982334202,0.9033232628398792,3310.0
1,0.8893598982619754,0.9077011825785982,0.8717451523545706,3610.0
accuracy,0.886849710982659,0.886849710982659,0.886849710982659,0.886849710982659
macro avg,0.8867914381151664,0.8868074404060092,0.8875342075972249,6920.0
weighted avg,0.8869027875434962,0.8877132384770753,0.886849710982659,6920.0
