,f1-score,precision,recall,support
0,0.835990888382688,0.8155555555555556,0.8574766355140186,428.0
1,0.8337182448036952,0.8554502369668247,0.8130630630630631,444.0
accuracy,0.8348623853211009,0.8348623853211009,0.8348623853211009,0.8348623853211009
macro avg,0.8348545665931916,0.8355028962611901,0.8352698492885409,872.0
weighted avg,0.8348337166520999,0.8358689025126698,0.8348623853211009,872.0
