,f1-score,precision,recall,support
0,0.8598635588402502,0.8118625872249061,0.9138972809667674,3310.0
1,0.8550852439741328,0.9107701941139636,0.8058171745152355,3610.0
accuracy,0.857514450867052,0.857514450867052,0.857514450867052,0.857514450867052
macro avg,0.8574744014071916,0.8613163906694349,0.8598572277410015,6920.0
weighted avg,0.8573708252178971,0.8634603416858161,0.857514450867052,6920.0
