,f1-score,precision,recall,support
0,0.8602722578626193,0.8922427783187277,0.8305135951661632,3310.0
1,0.8801181366626393,0.8538681948424068,0.9080332409972299,3610.0
accuracy,0.8709537572254336,0.8709537572254336,0.8709537572254336,0.8709537572254336
macro avg,0.8701951972626293,0.8730554865805673,0.8692734180816966,6920.0
weighted avg,0.8706253824967338,0.8722236675745777,0.8709537572254336,6920.0
