,f1-score,precision,recall,support
0,0.8390243902439024,0.8775510204081632,0.8037383177570093,428.0
1,0.8571428571428571,0.825,0.8918918918918919,444.0
accuracy,0.8486238532110092,0.8486238532110092,0.8486238532110092,0.8486238532110092
macro avg,0.8480836236933798,0.8512755102040817,0.8478151048244507,872.0
weighted avg,0.8482498481603427,0.8507933907507956,0.8486238532110092,872.0
