,f1-score,precision,recall,support
0,0.8804133110469534,0.8856618771018038,0.8752265861027191,3310.0
1,0.8915828626532581,0.886818306385311,0.896398891966759,3610.0
accuracy,0.886271676300578,0.886271676300578,0.886271676300578,0.886271676300578
macro avg,0.8859980868501058,0.8862400917435573,0.885812739034739,6920.0
weighted avg,0.8862402014080458,0.8862651588523041,0.886271676300578,6920.0
