,f1-score,precision,recall,support
0,0.8457943925233644,0.8457943925233645,0.8457943925233645,428.0
1,0.8513513513513514,0.8513513513513513,0.8513513513513513,444.0
accuracy,0.8486238532110092,0.8486238532110092,0.8486238532110092,0.8486238532110092
macro avg,0.848572871937358,0.848572871937358,0.848572871937358,872.0
weighted avg,0.8486238532110092,0.8486238532110092,0.8486238532110092,872.0
