,f1-score,precision,recall,support
0,0.887198244330651,0.8601418439716312,0.916012084592145,3310.0
1,0.8899357601713062,0.9181148748159057,0.8634349030470914,3610.0
accuracy,0.8885838150289017,0.8885838150289017,0.8885838150289017,0.8885838150289017
macro avg,0.8885670022509786,0.8891283593937684,0.8897234938196181,6920.0
weighted avg,0.8886263414671778,0.8903850002357687,0.8885838150289017,6920.0
