,f1-score,precision,recall,support
0,0.7699752883031302,0.7935059422750425,0.7478,5000.0
1,0.7828538102643857,0.761535552193646,0.8054,5000.0
accuracy,0.7766,0.7766,0.7766,0.7766
macro avg,0.776414549283758,0.7775207472343442,0.7766,10000.0
weighted avg,0.776414549283758,0.7775207472343442,0.7766,10000.0
