,f1-score,precision,recall,support
0,0.8335319825188716,0.8279400157853196,0.8392,5000.0
1,0.8312525171163915,0.8369829683698297,0.8256,5000.0
accuracy,0.8324,0.8324,0.8324,0.8324
macro avg,0.8323922498176315,0.8324614920775746,0.8324,10000.0
weighted avg,0.8323922498176315,0.8324614920775748,0.8324,10000.0
