,f1-score,precision,recall,support
0,0.8259207083920306,0.8311057108140948,0.8208,5000.0
1,0.8280659908566885,0.822994863690241,0.8332,5000.0
accuracy,0.827,0.827,0.827,0.827
macro avg,0.8269933496243596,0.8270502872521679,0.827,10000.0
weighted avg,0.8269933496243597,0.827050287252168,0.827,10000.0
