,f1-score,precision,recall,support
0,0.8196235990695707,0.8694481830417228,0.7752,5000.0
1,0.8381711250237148,0.7971851317214003,0.8836,5000.0
accuracy,0.8294,0.8294,0.8294,0.8294
macro avg,0.8288973620466428,0.8333166573815616,0.8294,10000.0
weighted avg,0.8288973620466425,0.8333166573815616,0.8294,10000.0
