,f1-score,precision,recall,support
0,0.8413739113416187,0.8237210193523663,0.8598,5000.0
1,0.8342705244862487,0.8533779544028446,0.816,5000.0
accuracy,0.8379,0.8379,0.8379,0.8379
macro avg,0.8378222179139336,0.8385494868776054,0.8379,10000.0
weighted avg,0.8378222179139336,0.8385494868776056,0.8379,10000.0
