,f1-score,precision,recall,support
0,0.8336304218657159,0.8256178893683798,0.8418,5000.0
1,0.8303373055948294,0.8386372909016728,0.8222,5000.0
accuracy,0.832,0.832,0.832,0.832
macro avg,0.8319838637302727,0.8321275901350262,0.8320000000000001,10000.0
weighted avg,0.8319838637302726,0.8321275901350264,0.832,10000.0
