,f1-score,precision,recall,support
0,0.8309757356737222,0.8589114194236926,0.8048,5000.0
1,0.8412990790111488,0.8163687676387582,0.8678,5000.0
accuracy,0.8363,0.8363,0.8363,0.8363
macro avg,0.8361374073424355,0.8376400935312254,0.8363,10000.0
weighted avg,0.8361374073424355,0.8376400935312255,0.8363,10000.0
