,f1-score,precision,recall,support
0,0.8245908518673939,0.8671668137687555,0.786,5000.0
1,0.8402751241880014,0.804316020482809,0.8796,5000.0
accuracy,0.8328,0.8328,0.8328,0.8328
macro avg,0.8324329880276977,0.8357414171257822,0.8328,10000.0
weighted avg,0.8324329880276977,0.8357414171257822,0.8328,10000.0
