,f1-score,precision,recall,support
0,0.830766049829422,0.8598330836721592,0.8036,5000.0
1,0.8414834898808947,0.8156560916087854,0.869,5000.0
accuracy,0.8363,0.8363,0.8363,0.8363
macro avg,0.8361247698551584,0.8377445876404723,0.8363,10000.0
weighted avg,0.8361247698551584,0.8377445876404723,0.8363,10000.0
