,f1-score,precision,recall,support
0,0.8229986360297974,0.8655925844184507,0.7844,5000.0
1,0.838857579520489,0.8028890107880783,0.8782,5000.0
accuracy,0.8313,0.8313,0.8313,0.8313
macro avg,0.8309281077751431,0.8342407976032644,0.8312999999999999,10000.0
weighted avg,0.8309281077751431,0.8342407976032645,0.8313,10000.0
