,f1-score,precision,recall,support
0,0.8332990750256937,0.8570824524312897,0.8108,5000.0
1,0.8420642648490749,0.820493358633776,0.8648,5000.0
accuracy,0.8378,0.8378,0.8378,0.8378
macro avg,0.8376816699373844,0.8387879055325329,0.8378,10000.0
weighted avg,0.8376816699373844,0.8387879055325328,0.8378,10000.0
