,f1-score,precision,recall,support
0,0.8300911854103343,0.8502490660024906,0.8108669833729216,3368.0
1,0.8377829367382473,0.8192395005675369,0.857185273159145,3368.0
accuracy,0.8340261282660333,0.8340261282660333,0.8340261282660333,0.8340261282660333
macro avg,0.8339370610742909,0.8347442832850138,0.8340261282660333,6736.0
weighted avg,0.8339370610742908,0.8347442832850138,0.8340261282660333,6736.0
