,f1-score,precision,recall,support
0,0.7891023553674156,0.862805601708996,0.727,5000.0
1,0.8198757763975155,0.7641264904095386,0.8844,5000.0
accuracy,0.8057,0.8057,0.8057,0.8057
macro avg,0.8044890658824655,0.8134660460592673,0.8057,10000.0
weighted avg,0.8044890658824655,0.8134660460592673,0.8057,10000.0
