,f1-score,precision,recall,support
0,0.7873998463395895,0.8725370955971783,0.7174,5000.0
1,0.8221140600606116,0.7600611309220581,0.8952,5000.0
accuracy,0.8063,0.8063,0.8063,0.8063
macro avg,0.8047569532001005,0.8162991132596182,0.8063,10000.0
weighted avg,0.8047569532001005,0.8162991132596182,0.8063,10000.0
