,f1-score,precision,recall,support
0,0.8379519177830794,0.7741607324516785,0.9132,5000.0
1,0.8059767084157329,0.89419795221843,0.7336,5000.0
accuracy,0.8234,0.8234,0.8234,0.8234
macro avg,0.8219643130994061,0.8341793423350543,0.8234,10000.0
weighted avg,0.8219643130994062,0.8341793423350542,0.8234,10000.0
