,f1-score,precision,recall,support
0,0.8289521065898452,0.7537655533726261,0.9208,5000.0
1,0.7863247863247864,0.8982528263103803,0.6992,5000.0
accuracy,0.81,0.81,0.81,0.81
macro avg,0.8076384464573159,0.8260091898415032,0.81,10000.0
weighted avg,0.8076384464573159,0.8260091898415032,0.81,10000.0
