,f1-score,precision,recall,support
0,0.841521697572166,0.8059318930794581,0.8804,5000.0
1,0.826169008177815,0.8682238871749669,0.788,5000.0
accuracy,0.8342,0.8342,0.8342,0.8342
macro avg,0.8338453528749905,0.8370778901272125,0.8342,10000.0
weighted avg,0.8338453528749906,0.8370778901272126,0.8342,10000.0
