,f1-score,precision,recall,support
0,0.8402634829147797,0.8655640373197625,0.8164,5000.0
1,0.8490859587709062,0.8262679788039364,0.8732,5000.0
accuracy,0.8448,0.8448,0.8448,0.8448
macro avg,0.8446747208428429,0.8459160080618495,0.8448,10000.0
weighted avg,0.8446747208428431,0.8459160080618494,0.8448,10000.0
