,f1-score,precision,recall,support
0,0.8611886304909561,0.8911229946524064,0.8332,5000.0
1,0.8699273607748185,0.8433802816901409,0.8982,5000.0
accuracy,0.8657,0.8657,0.8657,0.8657
macro avg,0.8655579956328873,0.8672516381712736,0.8657,10000.0
weighted avg,0.8655579956328872,0.8672516381712736,0.8657,10000.0
