,f1-score,precision,recall,support
0,0.8426530612244898,0.8602083333333334,0.8258,5000.0
1,0.8488235294117646,0.8325,0.8658,5000.0
accuracy,0.8458,0.8458,0.8458,0.8458
macro avg,0.8457382953181272,0.8463541666666667,0.8458,10000.0
weighted avg,0.8457382953181274,0.8463541666666667,0.8458,10000.0
