,f1-score,precision,recall,support
0,0.8711493194145943,0.8920561727101237,0.8512,5000.0
1,0.8769185648646006,0.8577165806081469,0.897,5000.0
accuracy,0.8741,0.8741,0.8741,0.8741
macro avg,0.8740339421395975,0.8748863766591353,0.8741,10000.0
weighted avg,0.8740339421395975,0.8748863766591354,0.8741,10000.0
