,f1-score,precision,recall,support
0,0.8331388564760794,0.8321678321678322,0.8341121495327103,428.0
1,0.8387824126268321,0.8397291196388262,0.8378378378378378,444.0
accuracy,0.8360091743119266,0.8360091743119266,0.8360091743119266,0.8360091743119266
macro avg,0.8359606345514558,0.8359484759033292,0.8359749936852741,872.0
weighted avg,0.8360124102959581,0.8360178455131547,0.8360091743119266,872.0
