,f1-score,precision,recall,support
0,0.8630961115187087,0.8390870185449358,0.8885196374622356,3310.0
1,0.8671886120996443,0.8919472913616399,0.8437673130193906,3610.0
accuracy,0.8651734104046243,0.8651734104046243,0.8651734104046243,0.8651734104046243
macro avg,0.8651423618091765,0.8655171549532878,0.866143475240813,6920.0
weighted avg,0.8652310720818847,0.8666629701154996,0.8651734104046243,6920.0
