,f1-score,precision,recall,support
0,0.8443396226415094,0.8523809523809524,0.8364485981308412,428.0
1,0.8526785714285714,0.8451327433628318,0.8603603603603603,444.0
accuracy,0.8486238532110092,0.8486238532110092,0.8486238532110092,0.8486238532110092
macro avg,0.8485090970350404,0.8487568478718921,0.8484044792456007,872.0
weighted avg,0.8485856011523529,0.8486903505414506,0.8486238532110092,872.0
