,f1-score,precision,recall,support
0,0.8449328449328449,0.8849104859335039,0.8084112149532711,428.0
1,0.8627027027027028,0.8295218295218295,0.8986486486486487,444.0
accuracy,0.8543577981651376,0.8543577981651376,0.8543577981651376,0.8543577981651376
macro avg,0.8538177738177739,0.8572161577276667,0.8535299318009599,872.0
weighted avg,0.853980800035846,0.8567080049165504,0.8543577981651376,872.0
