,f1-score,precision,recall,support
0,0.8750700280112046,0.8946162657502864,0.856359649122807,912.0
1,0.8799138395261175,0.8618143459915611,0.8987898789878987,909.0
accuracy,0.8775398132894014,0.8775398132894014,0.8775398132894014,0.8775398132894014
macro avg,0.8774919337686611,0.8782153058709238,0.8775747640553528,1821.0
weighted avg,0.8774879438085994,0.8782423255741846,0.8775398132894014,1821.0
