,f1-score,precision,recall,support
0,0.644565960355434,0.7488088935944944,0.5658,5000.0
1,0.7219746925681696,0.6510768241722918,0.8102,5000.0
accuracy,0.688,0.688,0.688,0.688
macro avg,0.6832703264618019,0.6999428588833931,0.688,10000.0
weighted avg,0.6832703264618017,0.6999428588833931,0.688,10000.0
