,f1-score,precision,recall,support
0,0.8036856923470694,0.7007885731289987,0.942,5000.0
1,0.7220678825945162,0.9115584019518146,0.5978,5000.0
accuracy,0.7699,0.7699,0.7699,0.7699
macro avg,0.7628767874707928,0.8061734875404066,0.7699,10000.0
weighted avg,0.7628767874707928,0.8061734875404066,0.7699,10000.0
