,f1-score,precision,recall,support
0,0.8055767345605055,0.8844773977517341,0.7396,5000.0
1,0.8350124780478788,0.7762502148135418,0.9034,5000.0
accuracy,0.8215,0.8215,0.8215,0.8215
macro avg,0.8202946063041922,0.830363806282638,0.8215,10000.0
weighted avg,0.8202946063041922,0.830363806282638,0.8215,10000.0
