,f1-score,precision,recall,support
0,0.8106144021140717,0.9017638412542871,0.7362,5000.0
1,0.8424619893753434,0.7771206488678608,0.9198,5000.0
accuracy,0.828,0.828,0.828,0.828
macro avg,0.8265381957447075,0.8394422450610739,0.828,10000.0
weighted avg,0.8265381957447074,0.8394422450610739,0.828,10000.0
