,f1-score,precision,recall,support
0,0.8413484892645487,0.8180615907802758,0.866,5000.0
1,0.8317708869887709,0.857658806033567,0.8074,5000.0
accuracy,0.8367,0.8367,0.8367,0.8367
macro avg,0.8365596881266598,0.8378601984069214,0.8367,10000.0
weighted avg,0.8365596881266598,0.8378601984069215,0.8367,10000.0
