,f1-score,precision,recall,support
0,0.83684096333261,0.9144144144144144,0.7714,5000.0
1,0.8605082544982378,0.8023175371843653,0.9278,5000.0
accuracy,0.8496,0.8496,0.8496,0.8496
macro avg,0.8486746089154239,0.8583659757993898,0.8495999999999999,10000.0
weighted avg,0.848674608915424,0.8583659757993899,0.8496,10000.0
