,f1-score,precision,recall,support
0,0.8642940946421588,0.8454475899005356,0.884,5000.0
1,0.8579615227179697,0.8784576697401508,0.8384,5000.0
accuracy,0.8612,0.8612,0.8612,0.8612
macro avg,0.8611278086800642,0.8619526298203433,0.8612,10000.0
weighted avg,0.8611278086800641,0.8619526298203433,0.8612,10000.0
