,f1-score,precision,recall,support
0,0.8481942154952794,0.8562783661119516,0.8402612826603325,3368.0
1,0.8510075011031035,0.8431944039638589,0.8589667458432304,3368.0
accuracy,0.8496140142517815,0.8496140142517815,0.8496140142517815,0.8496140142517815
macro avg,0.8496008582991914,0.8497363850379053,0.8496140142517814,6736.0
weighted avg,0.8496008582991915,0.8497363850379053,0.8496140142517815,6736.0
