,f1-score,precision,recall,support
0,0.8339646464646463,0.8730998017184401,0.7981873111782477,3310.0
1,0.8598081023454157,0.8284540318438623,0.8936288088642659,3610.0
accuracy,0.8479768786127168,0.8479768786127168,0.8479768786127168,0.8479768786127168
macro avg,0.846886374405031,0.8507769167811512,0.8459080600212567,6920.0
weighted avg,0.8474465649226777,0.8498091616538122,0.8479768786127168,6920.0
