,f1-score,precision,recall,support
0,0.8390022675736962,0.8149779735682819,0.8644859813084113,428.0
1,0.8352668213457076,0.861244019138756,0.8108108108108109,444.0
accuracy,0.8371559633027523,0.8371559633027523,0.8371559633027523,0.8371559633027523
macro avg,0.8371345444597019,0.8381109963535189,0.8376483960596111,872.0
weighted avg,0.8371002743108212,0.8385354554871931,0.8371559633027523,872.0
