,f1-score,precision,recall,support
0,0.8697003957037874,0.8170472650026553,0.929607250755287,3310.0
1,0.8636901241868717,0.9261255548509829,0.8091412742382271,3610.0
accuracy,0.8667630057803468,0.8667630057803468,0.8667630057803468,0.8667630057803468
macro avg,0.8666952599453296,0.8715864099268191,0.8693742624967571,6920.0
weighted avg,0.8665649794933733,0.8739508237241095,0.8667630057803468,6920.0
