,f1-score,precision,recall,support
0,0.8795023868074642,0.8437413266722176,0.918429003021148,3310.0
1,0.8797459217554497,0.9186011456135061,0.8440443213296399,3610.0
accuracy,0.8796242774566474,0.8796242774566474,0.8796242774566474,0.8796242774566474
macro avg,0.8796241542814569,0.8811712361428619,0.881236662175394,6920.0
weighted avg,0.8796294332181909,0.8827939200794506,0.8796242774566474,6920.0
