,f1-score,precision,recall,support
0,0.8383233532934131,0.85995085995086,0.8177570093457944,428.0
1,0.8514851485148515,0.832258064516129,0.8716216216216216,444.0
accuracy,0.8451834862385321,0.8451834862385321,0.8451834862385321,0.8451834862385321
macro avg,0.8449042509041322,0.8461044622334946,0.8446893154837081,872.0
weighted avg,0.8450250013190079,0.8458503998900565,0.8451834862385321,872.0
