,f1-score,precision,recall,support
0,0.8700939745715865,0.8773690078037905,0.8629385964912281,912.0
1,0.8717948717948718,0.8647186147186147,0.878987898789879,909.0
accuracy,0.870950027457441,0.870950027457441,0.870950027457441,0.870950027457441
macro avg,0.8709444231832292,0.8710438112612026,0.8709632476405536,1821.0
weighted avg,0.8709430221146761,0.8710542316838429,0.870950027457441,1821.0
