,f1-score,precision,recall,support
0,0.8836309523809524,0.8706744868035191,0.8969788519637463,3310.0
1,0.8901685393258427,0.9028490028490028,0.8778393351800554,3610.0
accuracy,0.8869942196531792,0.8869942196531792,0.8869942196531792,0.8869942196531792
macro avg,0.8868997458533976,0.886761744826261,0.8874090935719008,6920.0
weighted avg,0.88704145655307,0.8874591693070157,0.8869942196531792,6920.0
