,f1-score,precision,recall,support
0,0.8399814900509023,0.781739879414298,0.9076,5000.0
1,0.811963023382273,0.8898688915375447,0.7466,5000.0
accuracy,0.8271,0.8271,0.8271,0.8271
macro avg,0.8259722567165877,0.8358043854759214,0.8271,10000.0
weighted avg,0.8259722567165876,0.8358043854759213,0.8271,10000.0
