,f1-score,precision,recall,support
0,0.8472291067710915,0.8399842736386869,0.8546,5000.0
1,0.8445475638051044,0.8520252391614085,0.8372,5000.0
accuracy,0.8459,0.8459,0.8459,0.8459
macro avg,0.8458883352880979,0.8460047564000477,0.8459000000000001,10000.0
weighted avg,0.8458883352880981,0.8460047564000477,0.8459,10000.0
