,f1-score,precision,recall,support
0,0.8389877131854026,0.7746359634270233,0.915,5000.0
1,0.8069056520782933,0.8961895456765999,0.7338,5000.0
accuracy,0.8244,0.8244,0.8244,0.8244
macro avg,0.8229466826318479,0.8354127545518116,0.8244,10000.0
weighted avg,0.8229466826318479,0.8354127545518116,0.8244,10000.0
