,f1-score,precision,recall,support
0,0.8358145919121528,0.8852605681055692,0.7916,5000.0
1,0.8523126602716307,0.8115391571712787,0.8974,5000.0
accuracy,0.8445,0.8445,0.8445,0.8445
macro avg,0.8440636260918917,0.8483998626384239,0.8445,10000.0
weighted avg,0.8440636260918917,0.8483998626384238,0.8445,10000.0
