,f1-score,precision,recall,support
0,0.8385778504290969,0.8571428571428571,0.8208,5000.0
1,0.845280062671367,0.8280890253261703,0.8632,5000.0
accuracy,0.842,0.842,0.842,0.842
macro avg,0.8419289565502319,0.8426159412345138,0.842,10000.0
weighted avg,0.841928956550232,0.8426159412345136,0.842,10000.0
