,f1-score,precision,recall,support
0,0.843582335947173,0.8712702472293266,0.8176,5000.0
1,0.8529297632906481,0.8281838733986435,0.8792,5000.0
accuracy,0.8484,0.8484,0.8484,0.8484
macro avg,0.8482560496189105,0.849727060313985,0.8484,10000.0
weighted avg,0.8482560496189104,0.849727060313985,0.8484,10000.0
