,f1-score,precision,recall,support
0,0.7475842564223426,0.9099254159495124,0.6344,5000.0
1,0.8139656070870244,0.7193736567393306,0.9372,5000.0
accuracy,0.7858,0.7858,0.7858,0.7858
macro avg,0.7807749317546835,0.8146495363444215,0.7858,10000.0
weighted avg,0.7807749317546835,0.8146495363444215,0.7858,10000.0
