,f1-score,precision,recall,support
0,0.7561290322580644,0.9143262411347518,0.6446,5000.0
1,0.8188235294117646,0.7255598455598455,0.9396,5000.0
accuracy,0.7921,0.7921,0.7921,0.7921
macro avg,0.7874762808349145,0.8199430433472987,0.7921,10000.0
weighted avg,0.7874762808349145,0.8199430433472986,0.7921,10000.0
