,f1-score,precision,recall,support
0,0.8419944492295912,0.8073040924940356,0.8798,5000.0
1,0.827138519526751,0.8679411118435508,0.79,5000.0
accuracy,0.8349,0.8349,0.8349,0.8349
macro avg,0.834566484378171,0.8376226021687931,0.8349,10000.0
weighted avg,0.8345664843781712,0.8376226021687931,0.8349,10000.0
