,f1-score,precision,recall,support
0,0.8565629228687416,0.8288439955106621,0.8862,5000.0
1,0.8462813341620052,0.8777395788568972,0.817,5000.0
accuracy,0.8516,0.8516,0.8516,0.8516
macro avg,0.8514221285153734,0.8532917871837797,0.8515999999999999,10000.0
weighted avg,0.8514221285153734,0.8532917871837797,0.8516,10000.0
