,f1-score,precision,recall,support
0,0.8389125583282613,0.8511733223548785,0.827,5000.0
1,0.8434233878919346,0.8317775184753015,0.8554,5000.0
accuracy,0.8412,0.8412,0.8412,0.8412
macro avg,0.8411679731100979,0.84147542041509,0.8412,10000.0
weighted avg,0.8411679731100979,0.84147542041509,0.8412,10000.0
