,f1-score,precision,recall,support
0,0.858572449708976,0.8771124556645108,0.8408,5000.0
1,0.8643088076810033,0.8471288649894373,0.8822,5000.0
accuracy,0.8615,0.8615,0.8615,0.8615
macro avg,0.8614406286949896,0.862120660326974,0.8614999999999999,10000.0
weighted avg,0.8614406286949896,0.862120660326974,0.8615,10000.0
