,f1-score,precision,recall,support
0,0.8328273840678321,0.8737096419942895,0.7956,5000.0
1,0.8471331482722313,0.8123737837341656,0.885,5000.0
accuracy,0.8403,0.8403,0.8403,0.8403
macro avg,0.8399802661700317,0.8430417128642276,0.8403,10000.0
weighted avg,0.8399802661700316,0.8430417128642275,0.8403,10000.0
