,f1-score,precision,recall,support
0,0.8560598083605349,0.9039359573048699,0.813,5000.0
1,0.869846710463677,0.8300926767217881,0.9136,5000.0
accuracy,0.8633,0.8633,0.8633,0.8633
macro avg,0.8629532594121059,0.867014317013329,0.8633,10000.0
weighted avg,0.8629532594121058,0.8670143170133291,0.8633,10000.0
