,f1-score,precision,recall,support
0,0.8611462284028656,0.909839715048976,0.8174,5000.0
1,0.8745717548534451,0.834241103848947,0.919,5000.0
accuracy,0.8682,0.8682,0.8682,0.8682
macro avg,0.8678589916281554,0.8720404094489616,0.8682000000000001,10000.0
weighted avg,0.8678589916281553,0.8720404094489616,0.8682,10000.0
