,f1-score,precision,recall,support
0,0.8428264648737089,0.8623142916928228,0.8242,5000.0
1,0.8496233245279327,0.8316414479984677,0.8684,5000.0
accuracy,0.8463,0.8463,0.8463,0.8463
macro avg,0.8462248947008209,0.8469778698456453,0.8463,10000.0
weighted avg,0.8462248947008207,0.8469778698456452,0.8463,10000.0
