,f1-score,precision,recall,support
0,0.8484665357304728,0.8637342356198093,0.833729216152019,3368.0
1,0.8536407412811907,0.8393113342898135,0.8684679334916865,3368.0
accuracy,0.8510985748218527,0.8510985748218527,0.8510985748218527,0.8510985748218527
macro avg,0.8510536385058318,0.8515227849548115,0.8510985748218527,6736.0
weighted avg,0.8510536385058318,0.8515227849548115,0.8510985748218527,6736.0
