,f1-score,precision,recall,support
0,0.8687680263700042,0.8957094307561597,0.8434,5000.0
1,0.8762145355616012,0.8520408163265306,0.9018,5000.0
accuracy,0.8726,0.8726,0.8726,0.8726
macro avg,0.8724912809658028,0.8738751235413451,0.8726,10000.0
weighted avg,0.8724912809658028,0.8738751235413452,0.8726,10000.0
