,f1-score,precision,recall,support
0,0.7629654820608739,0.6635610766045549,0.8974,5000.0
1,0.6615683418305415,0.8415688696726374,0.545,5000.0
accuracy,0.7212,0.7212,0.7212,0.7212
macro avg,0.7122669119457077,0.7525649731385962,0.7212000000000001,10000.0
weighted avg,0.7122669119457077,0.7525649731385962,0.7212,10000.0
