,f1-score,precision,recall,support
0,0.7628315535652773,0.6698427102238355,0.8858,5000.0
1,0.6716738197424893,0.8314639905548996,0.5634,5000.0
accuracy,0.7246,0.7246,0.7246,0.7246
macro avg,0.7172526866538833,0.7506533503893675,0.7246,10000.0
weighted avg,0.7172526866538833,0.7506533503893675,0.7246,10000.0
