,f1-score,precision,recall,support
0,0.8331615925058549,0.7836123348017621,0.8894,5000.0
1,0.8090080428954423,0.8721387283236994,0.7544,5000.0
accuracy,0.8219,0.8219,0.8219,0.8219
macro avg,0.8210848177006486,0.8278755315627307,0.8219,10000.0
weighted avg,0.8210848177006487,0.8278755315627307,0.8219,10000.0
