,f1-score,precision,recall,support
0,0.8363324764353043,0.7981101217517718,0.8784,5000.0
1,0.8189954722543962,0.8647987547253725,0.7778,5000.0
accuracy,0.8281,0.8281,0.8281,0.8281
macro avg,0.8276639743448502,0.8314544382385721,0.8281000000000001,10000.0
weighted avg,0.8276639743448503,0.831454438238572,0.8281,10000.0
