,f1-score,precision,recall,support
0,0.829421308815576,0.9031802120141342,0.7668,5000.0
1,0.8533705253370524,0.797393570807993,0.9178,5000.0
accuracy,0.8423,0.8423,0.8423,0.8423
macro avg,0.8413959170763141,0.8502868914110636,0.8423,10000.0
weighted avg,0.8413959170763142,0.8502868914110637,0.8423,10000.0
