,f1-score,precision,recall,support
0,0.842983514274226,0.847413096200485,0.8386,5000.0
1,0.8446080382013528,0.8402612826603325,0.849,5000.0
accuracy,0.8438,0.8438,0.8438,0.8438
macro avg,0.8437957762377895,0.8438371894304088,0.8438,10000.0
weighted avg,0.8437957762377893,0.8438371894304088,0.8438,10000.0
