,f1-score,precision,recall,support
0,0.8462860030318343,0.8553626149131767,0.8374,5000.0
1,0.8494804552201881,0.8407443682664055,0.8584,5000.0
accuracy,0.8479,0.8479,0.8479,0.8479
macro avg,0.8478832291260112,0.848053491589791,0.8479000000000001,10000.0
weighted avg,0.8478832291260112,0.8480534915897912,0.8479,10000.0
