,f1-score,precision,recall,support
0,0.8799596163553761,0.8884811416921509,0.8716,5000.0
1,0.8822189202575532,0.8739941118743867,0.8906,5000.0
accuracy,0.8811,0.8811,0.8811,0.8811
macro avg,0.8810892683064646,0.8812376267832688,0.8811,10000.0
weighted avg,0.8810892683064645,0.8812376267832688,0.8811,10000.0
