,f1-score,precision,recall,support
0,0.8099298844040175,0.7695354699315808,0.8548,5000.0
1,0.7876349777683674,0.8367071524966262,0.744,5000.0
accuracy,0.7994,0.7994,0.7994,0.7994
macro avg,0.7987824310861924,0.8031213112141036,0.7994,10000.0
weighted avg,0.7987824310861924,0.8031213112141036,0.7994,10000.0
