,f1-score,precision,recall,support
0,0.8036213040547048,0.7750325097529259,0.8344,5000.0
1,0.7879796194239369,0.8206627680311891,0.7578,5000.0
accuracy,0.7961,0.7961,0.7961,0.7961
macro avg,0.7958004617393208,0.7978476388920575,0.7961,10000.0
weighted avg,0.7958004617393208,0.7978476388920576,0.7961,10000.0
