,f1-score,precision,recall,support
0,0.8204178788680244,0.7335645593567712,0.9306,5000.0
1,0.7646990874436872,0.9051134809953514,0.662,5000.0
accuracy,0.7963,0.7963,0.7963,0.7963
macro avg,0.7925584831558559,0.8193390201760613,0.7963,10000.0
weighted avg,0.7925584831558559,0.8193390201760612,0.7963,10000.0
