,f1-score,precision,recall,support
0,0.7201369360557524,0.9263919471531928,0.589,5000.0
1,0.8063615599357077,0.6987245271954259,0.9532,5000.0
accuracy,0.7711,0.7711,0.7711,0.7711
macro avg,0.76324924799573,0.8125582371743094,0.7711,10000.0
weighted avg,0.76324924799573,0.8125582371743094,0.7711,10000.0
