,f1-score,precision,recall,support
0,0.7402708307917529,0.9490147012824522,0.6068,5000.0
1,0.8196221299669575,0.7110098485962075,0.9674,5000.0
accuracy,0.7871,0.7871,0.7871,0.7871
macro avg,0.7799464803793552,0.8300122749393299,0.7871,10000.0
weighted avg,0.7799464803793551,0.8300122749393298,0.7871,10000.0
