,f1-score,precision,recall,support
0,0.8535125485666282,0.8985186822905151,0.8128,5000.0
1,0.8668511978619834,0.8291035238269125,0.9082,5000.0
accuracy,0.8605,0.8605,0.8605,0.8605
macro avg,0.8601818732143058,0.8638111030587139,0.8605,10000.0
weighted avg,0.8601818732143057,0.8638111030587137,0.8605,10000.0
