,f1-score,precision,recall,support
0,0.8506666666666667,0.812,0.8932,5000.0
1,0.8349473684210527,0.8813333333333333,0.7932,5000.0
accuracy,0.8432,0.8432,0.8432,0.8432
macro avg,0.8428070175438597,0.8466666666666667,0.8432,10000.0
weighted avg,0.8428070175438596,0.8466666666666666,0.8432,10000.0
