,f1-score,precision,recall,support
0,0.8737471087124132,0.8431919642857143,0.9066,5000.0
1,0.863881961762261,0.8990051903114187,0.8314,5000.0
accuracy,0.869,0.869,0.869,0.869
macro avg,0.8688145352373371,0.8710985772985664,0.869,10000.0
weighted avg,0.8688145352373372,0.8710985772985664,0.869,10000.0
