,f1-score,precision,recall,support
0,0.8440915652711899,0.8712217965091529,0.8186,5000.0
1,0.8532323820617356,0.8289324783100717,0.879,5000.0
accuracy,0.8488,0.8488,0.8488,0.8488
macro avg,0.8486619736664627,0.8500771374096123,0.8488,10000.0
weighted avg,0.8486619736664627,0.8500771374096122,0.8488,10000.0
