,f1-score,precision,recall,support
0,0.882677086464282,0.8843605701666332,0.881,5000.0
1,0.8831220680706658,0.8814504881450488,0.8848,5000.0
accuracy,0.8829,0.8829,0.8829,0.8829
macro avg,0.8828995772674739,0.882905529155841,0.8829,10000.0
weighted avg,0.8828995772674738,0.8829055291558409,0.8829,10000.0
