,f1-score,precision,recall,support
0,0.8830525272547075,0.8752455795677799,0.891,5000.0
1,0.8809283551967709,0.8890020366598778,0.873,5000.0
accuracy,0.882,0.882,0.882,0.882
macro avg,0.8819904412257392,0.8821238081138288,0.882,10000.0
weighted avg,0.8819904412257392,0.8821238081138288,0.882,10000.0
