,f1-score,precision,recall,support
0,0.8591147786946737,0.8683651804670913,0.8500593824228029,3368.0
1,0.862053768179815,0.8531549869148009,0.8711401425178147,3368.0
accuracy,0.8605997624703088,0.8605997624703088,0.8605997624703088,0.8605997624703088
macro avg,0.8605842734372444,0.8607600836909461,0.8605997624703088,6736.0
weighted avg,0.8605842734372444,0.860760083690946,0.8605997624703088,6736.0
