,f1-score,precision,recall,support
0,0.7868209818928503,0.7376618830941547,0.843,5000.0
1,0.7540383372819297,0.8168455436304246,0.7002,5000.0
accuracy,0.7716,0.7716,0.7716,0.7716
macro avg,0.7704296595873901,0.7772537133622897,0.7716000000000001,10000.0
weighted avg,0.7704296595873901,0.7772537133622897,0.7716,10000.0
