,f1-score,precision,recall,support
0,0.8189619087484302,0.8588674275680421,0.7826,5000.0
1,0.834354653389506,0.800330639235856,0.8714,5000.0
accuracy,0.827,0.827,0.827,0.827
macro avg,0.8266582810689681,0.8295990334019491,0.827,10000.0
weighted avg,0.8266582810689681,0.8295990334019491,0.827,10000.0
