,f1-score,precision,recall,support
0,0.8493662996052358,0.8837008214440121,0.8176,5000.0
1,0.8602274918064391,0.8302940081875698,0.8924,5000.0
accuracy,0.855,0.855,0.855,0.855
macro avg,0.8547968957058374,0.856997414815791,0.855,10000.0
weighted avg,0.8547968957058376,0.856997414815791,0.855,10000.0
