,f1-score,precision,recall,support
0,0.8448628735161686,0.865046102263202,0.8256,5000.0
1,0.8517794290183809,0.8332058148431523,0.8712,5000.0
accuracy,0.8484,0.8484,0.8484,0.8484
macro avg,0.8483211512672748,0.8491259585531772,0.8484,10000.0
weighted avg,0.8483211512672748,0.8491259585531771,0.8484,10000.0
