,f1-score,precision,recall,support
0,0.8694167852062589,0.8266907123534716,0.9168,5000.0
1,0.8543627710206241,0.90662177328844,0.8078,5000.0
accuracy,0.8623,0.8623,0.8623,0.8623
macro avg,0.8618897781134415,0.8666562428209558,0.8623,10000.0
weighted avg,0.8618897781134416,0.8666562428209558,0.8623,10000.0
