,f1-score,precision,recall,support
0,0.8527240071841947,0.8508562325766627,0.8546,5000.0
1,0.8520745640408899,0.8539574126155083,0.8502,5000.0
accuracy,0.8524,0.8524,0.8524,0.8524
macro avg,0.8523992856125423,0.8524068225960855,0.8524,10000.0
weighted avg,0.8523992856125424,0.8524068225960855,0.8524,10000.0
