,f1-score,precision,recall,support
0,0.8526586131456293,0.8129874841284237,0.8964,5000.0
1,0.836723938020449,0.8845553822152886,0.7938,5000.0
accuracy,0.8451,0.8451,0.8451,0.8451
macro avg,0.8446912755830391,0.8487714331718561,0.8451,10000.0
weighted avg,0.8446912755830391,0.8487714331718562,0.8451,10000.0
