,f1-score,precision,recall,support
0,0.8515727062606773,0.8557867097556049,0.8474,5000.0
1,0.8530202010150265,0.8488809665280254,0.8572,5000.0
accuracy,0.8523,0.8523,0.8523,0.8523
macro avg,0.8522964536378519,0.8523338381418151,0.8523000000000001,10000.0
weighted avg,0.852296453637852,0.8523338381418151,0.8523,10000.0
