,f1-score,precision,recall,support
0,0.8517400925367129,0.8567381626871712,0.8468,5000.0
1,0.8534499900576655,0.8485567417951759,0.8584,5000.0
accuracy,0.8526,0.8526,0.8526,0.8526
macro avg,0.8525950412971892,0.8526474522411736,0.8526,10000.0
weighted avg,0.8525950412971892,0.8526474522411736,0.8526,10000.0
