,f1-score,precision,recall,support
0,0.8813077469793887,0.8950299030727985,0.868,5000.0
1,0.8848389321249138,0.871869539895166,0.8982,5000.0
accuracy,0.8831,0.8831,0.8831,0.8831
macro avg,0.8830733395521513,0.8834497214839823,0.8831,10000.0
weighted avg,0.8830733395521513,0.8834497214839823,0.8831,10000.0
