,f1-score,precision,recall,support
0,0.8440567066521265,0.7914110429447853,0.9042056074766355,428.0
1,0.8270858524788391,0.8929503916449086,0.7702702702702703,444.0
accuracy,0.8360091743119266,0.8360091743119266,0.8360091743119266,0.8360091743119266
macro avg,0.8355712795654828,0.842180717294847,0.8372379388734529,872.0
weighted avg,0.8354155836556362,0.8431122709526462,0.8360091743119266,872.0
