,f1-score,precision,recall,support
0,0.8493524199045671,0.7739130434782608,0.9410876132930514,3310.0
1,0.830130668716372,0.9326424870466321,0.7479224376731302,3610.0
accuracy,0.8403179190751445,0.8403179190751445,0.8403179190751445,0.8403179190751445
macro avg,0.8397415443104695,0.8532777652624465,0.8445050254830908,6920.0
weighted avg,0.839324887854078,0.8567184323918187,0.8403179190751445,6920.0
