,f1-score,precision,recall,support
0,0.8444444444444444,0.8454332552693209,0.8434579439252337,428.0
1,0.8503937007874016,0.849438202247191,0.8513513513513513,444.0
accuracy,0.8474770642201835,0.8474770642201835,0.8474770642201835,0.8474770642201835
macro avg,0.847419072615923,0.8474357287582559,0.8474046476382925,872.0
weighted avg,0.8474736529493447,0.8474724713910805,0.8474770642201835,872.0
