,f1-score,precision,recall,support
0,0.8702694743042263,0.8488939959781672,0.8927492447129909,3310.0
1,0.8750177330117748,0.8967723175341669,0.8542936288088643,3610.0
accuracy,0.8726878612716763,0.8726878612716763,0.8726878612716763,0.8726878612716763
macro avg,0.8726436036580005,0.872833156756167,0.8735214367609276,6920.0
weighted avg,0.8727465283409676,0.8738709816453866,0.8726878612716763,6920.0
