,f1-score,precision,recall,support
0,0.8417431192660549,0.8265765765765766,0.8574766355140186,428.0
1,0.8417431192660549,0.8574766355140186,0.8265765765765766,444.0
accuracy,0.841743119266055,0.841743119266055,0.841743119266055,0.841743119266055
macro avg,0.8417431192660549,0.8420266060452977,0.8420266060452977,872.0
weighted avg,0.8417431192660549,0.8423100928245402,0.841743119266055,872.0
