,f1-score,precision,recall,support
0,0.8486997635933806,0.8588516746411483,0.8387850467289719,428.0
1,0.8574610244988865,0.8480176211453745,0.8671171171171171,444.0
accuracy,0.8532110091743119,0.8532110091743119,0.8532110091743119,0.8532110091743119
macro avg,0.8530803940461336,0.8534346478932614,0.8529510819230446,872.0
weighted avg,0.853160772586551,0.8533352529070616,0.8532110091743119,872.0
