,f1-score,precision,recall,support
0,0.8418537983755375,0.8901987201077805,0.7984894259818731,3310.0
1,0.8686681655865626,0.8311819792457605,0.9096952908587258,3610.0
accuracy,0.8565028901734104,0.8565028901734104,0.8565028901734104,0.8565028901734104
macro avg,0.85526098198105,0.8606903496767705,0.8540923584202995,6920.0
weighted avg,0.8558422182645261,0.8594110850627094,0.8565028901734104,6920.0
