,f1-score,precision,recall,support
0,0.8087291399229782,0.8974358974358975,0.735981308411215,428.0
1,0.8455958549222798,0.783109404990403,0.918918918918919,444.0
accuracy,0.8291284403669725,0.8291284403669725,0.8291284403669725,0.8291284403669725
macro avg,0.827162497422629,0.8402726512131502,0.8274501136650669,872.0
weighted avg,0.8275007241657418,0.8392237843099806,0.8291284403669725,872.0
