,f1-score,precision,recall,support
0,0.8473915163334959,0.9169890960253254,0.7876132930513595,3310.0
1,0.8778457135423442,0.8275692911454501,0.9346260387811635,3610.0
accuracy,0.8643063583815029,0.8643063583815029,0.8643063583815029,0.8643063583815029
macro avg,0.86261861493792,0.8722791935853877,0.8611196659162614,6920.0
weighted avg,0.8632787492704818,0.8703409030171824,0.8643063583815029,6920.0
