,f1-score,precision,recall,support
0,0.8383084577114427,0.8962765957446809,0.7873831775700935,428.0
1,0.8617021276595745,0.8165322580645161,0.9121621621621622,444.0
accuracy,0.8509174311926605,0.8509174311926605,0.8509174311926605,0.8509174311926605
macro avg,0.8500052926855086,0.8564044269045985,0.8497726698661279,872.0
weighted avg,0.8502199135107208,0.8556728274763402,0.8509174311926605,872.0
