,f1-score,precision,recall,support
0,0.8708452041785374,0.914561170212766,0.8311178247734139,3310.0
1,0.8915182132411593,0.8571063394683026,0.928808864265928,3610.0
accuracy,0.8820809248554913,0.8820809248554913,0.8820809248554913,0.8820809248554913
macro avg,0.8811817087098484,0.8858337548405343,0.879963344519671,6920.0
weighted avg,0.8816298230681422,0.8845883466596571,0.8820809248554913,6920.0
