,f1-score,precision,recall,support
0,0.8897036358081271,0.899876390605686,0.8797583081570997,3310.0
1,0.9010145324924596,0.8919652551574375,0.9102493074792244,3610.0
accuracy,0.8956647398843931,0.8956647398843931,0.8956647398843931,0.8956647398843931
macro avg,0.8953590841502933,0.8959208228815618,0.895003807818162,6920.0
weighted avg,0.89560426254663,0.895749338731672,0.8956647398843931,6920.0
