,f1-score,precision,recall,support
0,0.8460606060606061,0.8790931989924433,0.8154205607476636,428.0
1,0.8618063112078346,0.8336842105263158,0.8918918918918919,444.0
accuracy,0.8543577981651376,0.8543577981651376,0.8543577981651376,0.8543577981651376
macro avg,0.8539334586342203,0.8563887047593796,0.8536562263197778,872.0
weighted avg,0.8540779146447454,0.8559721085349197,0.8543577981651376,872.0
