,f1-score,precision,recall,support
0,0.7965269251008594,0.7093095907528897,0.9082,5000.0
1,0.7301698069318445,0.8724291272929405,0.6278,5000.0
accuracy,0.768,0.768,0.768,0.768
macro avg,0.763348366016352,0.7908693590229151,0.768,10000.0
weighted avg,0.7633483660163519,0.7908693590229151,0.768,10000.0
