,f1-score,precision,recall,support
0,0.7987146300098189,0.7212639045623086,0.8948,5000.0
1,0.7436626122541776,0.8614695812483539,0.6542,5000.0
accuracy,0.7745,0.7745,0.7745,0.7745
macro avg,0.7711886211319983,0.7913667429053313,0.7745,10000.0
weighted avg,0.7711886211319983,0.7913667429053313,0.7745,10000.0
