,f1-score,precision,recall,support
0,0.8465914569472568,0.8173524483336436,0.878,5000.0
1,0.8347699657285282,0.8682220782026355,0.8038,5000.0
accuracy,0.8409,0.8409,0.8409,0.8409
macro avg,0.8406807113378925,0.8427872632681396,0.8409,10000.0
weighted avg,0.8406807113378926,0.8427872632681396,0.8409,10000.0
