,f1-score,precision,recall,support
0,0.8416774065629027,0.834480047179084,0.849,5000.0
1,0.8388984162211237,0.846326073682068,0.8316,5000.0
accuracy,0.8403,0.8403,0.8403,0.8403
macro avg,0.8402879113920132,0.840403060430576,0.8403,10000.0
weighted avg,0.8402879113920131,0.8404030604305761,0.8403,10000.0
