,f1-score,precision,recall,support
0,0.848297213622291,0.7989044000706839,0.9042,5000.0
1,0.8268921956963923,0.8896567611149505,0.7724,5000.0
accuracy,0.8383,0.8383,0.8383,0.8383
macro avg,0.8375947046593417,0.8442805805928172,0.8383,10000.0
weighted avg,0.8375947046593417,0.8442805805928172,0.8383,10000.0
