,f1-score,precision,recall,support
0,0.8631999239471434,0.822612792172495,0.908,5000.0
1,0.848222761312098,0.8973443427806294,0.8042,5000.0
accuracy,0.8561,0.8561,0.8561,0.8561
macro avg,0.8557113426296207,0.8599785674765622,0.8561000000000001,10000.0
weighted avg,0.8557113426296208,0.8599785674765622,0.8561,10000.0
