,f1-score,precision,recall,support
0,0.8506992318298208,0.8379899107489329,0.8638,5000.0
1,0.8460288442006907,0.8594717292612464,0.833,5000.0
accuracy,0.8484,0.8484,0.8484,0.8484
macro avg,0.8483640380152557,0.8487308200050896,0.8484,10000.0
weighted avg,0.8483640380152557,0.8487308200050897,0.8484,10000.0
