,f1-score,precision,recall,support
0,0.8705601432693264,0.8661651158186497,0.875,5000.0
1,0.8692330887526384,0.8737118609820166,0.8648,5000.0
accuracy,0.8699,0.8699,0.8699,0.8699
macro avg,0.8698966160109824,0.8699384884003332,0.8699,10000.0
weighted avg,0.8698966160109823,0.8699384884003332,0.8699,10000.0
