,f1-score,precision,recall,support
0,0.8498415213946117,0.8418367346938775,0.858,5000.0
1,0.8469305331179321,0.8552202283849919,0.8388,5000.0
accuracy,0.8484,0.8484,0.8484,0.8484
macro avg,0.8483860272562719,0.8485284815394347,0.8484,10000.0
weighted avg,0.8483860272562719,0.8485284815394348,0.8484,10000.0
