,f1-score,precision,recall,support
0,0.8439464334517628,0.7749707210975406,0.9264,5000.0
1,0.8101518342014852,0.9085259756400696,0.731,5000.0
accuracy,0.8287,0.8287,0.8287,0.8287
macro avg,0.8270491338266239,0.8417483483688051,0.8287,10000.0
weighted avg,0.827049133826624,0.8417483483688051,0.8287,10000.0
