,f1-score,precision,recall,support
0,0.8683260849449432,0.8079903564663338,0.9384,5000.0
1,0.8452083106711629,0.9265442404006677,0.777,5000.0
accuracy,0.8577,0.8577,0.8577,0.8577
macro avg,0.8567671978080531,0.8672672984335008,0.8577,10000.0
weighted avg,0.8567671978080531,0.8672672984335008,0.8577,10000.0
