,f1-score,precision,recall,support
0,0.8261573324700549,0.8971174127021326,0.7656,5000.0
1,0.8499021708748719,0.7955695098552241,0.9122,5000.0
accuracy,0.8389,0.8389,0.8389,0.8389
macro avg,0.8380297516724633,0.8463434612786784,0.8389,10000.0
weighted avg,0.8380297516724633,0.8463434612786783,0.8389,10000.0
