,f1-score,precision,recall,support
0,0.8597726042230645,0.9374262101534829,0.794,5000.0
1,0.8797027403622851,0.821335646140503,0.947,5000.0
accuracy,0.8705,0.8705,0.8705,0.8705
macro avg,0.8697376722926748,0.879380928146993,0.8705,10000.0
weighted avg,0.8697376722926747,0.879380928146993,0.8705,10000.0
