,f1-score,precision,recall,support
0,0.8544065009190287,0.8274311410905003,0.8832,5000.0
1,0.8442512677222395,0.8747587390092215,0.8158,5000.0
accuracy,0.8495,0.8495,0.8495,0.8495
macro avg,0.8493288843206341,0.8510949400498609,0.8494999999999999,10000.0
weighted avg,0.8493288843206341,0.851094940049861,0.8495,10000.0
