,f1-score,precision,recall,support
0,0.8523537087222723,0.8555309288736651,0.8492,5000.0
1,0.853442263624589,0.8503077228509033,0.8566,5000.0
accuracy,0.8529,0.8529,0.8529,0.8529
macro avg,0.8528979861734307,0.8529193258622842,0.8529,10000.0
weighted avg,0.8528979861734307,0.8529193258622844,0.8529,10000.0
