,f1-score,precision,recall,support
0,0.8621613575468888,0.8644776119402985,0.8598574821852731,3368.0
1,0.86289606159313,0.8606024808033077,0.8652019002375297,3368.0
accuracy,0.8625296912114014,0.8625296912114014,0.8625296912114014,0.8625296912114014
macro avg,0.8625287095700094,0.8625400463718031,0.8625296912114014,6736.0
weighted avg,0.8625287095700095,0.8625400463718031,0.8625296912114014,6736.0
