,f1-score,precision,recall,support
0,0.8847944928123102,0.8958589585895859,0.874,5000.0
1,0.8875716261608377,0.8770011714174151,0.8984,5000.0
accuracy,0.8862,0.8862,0.8862,0.8862
macro avg,0.8861830594865739,0.8864300650035004,0.8862,10000.0
weighted avg,0.8861830594865739,0.8864300650035005,0.8862,10000.0
