,f1-score,precision,recall,support
0,0.8443817583450869,0.8772386844676001,0.8138972809667674,3310.0
1,0.8668722348840328,0.8399584307612367,0.8955678670360111,3610.0
accuracy,0.8565028901734104,0.8565028901734104,0.8565028901734104,0.8565028901734104
macro avg,0.8556269966145598,0.8585985576144184,0.8547325740013892,6920.0
weighted avg,0.8561145069441612,0.8577904596294539,0.8565028901734104,6920.0
