,f1-score,precision,recall,support
0,0.8409638554216867,0.8681592039800995,0.8154205607476636,428.0
1,0.8555798687089715,0.8319148936170213,0.8806306306306306,444.0
accuracy,0.8486238532110092,0.8486238532110092,0.8486238532110092,0.8486238532110092
macro avg,0.8482718620653291,0.8500370487985605,0.8480255956891471,872.0
weighted avg,0.8484059539303501,0.8497045321897249,0.8486238532110092,872.0
