,f1-score,precision,recall,support
0,0.75705186533212,0.9519450800915332,0.6283987915407855,3310.0
1,0.8400239664469742,0.7402323125659979,0.9709141274238227,3610.0
accuracy,0.8070809248554913,0.8070809248554913,0.8070809248554913,0.8070809248554913
macro avg,0.7985379158895471,0.8460886963287655,0.7996564594823041,6920.0
weighted avg,0.8003364440929037,0.8414995467436746,0.8070809248554913,6920.0
