,f1-score,precision,recall,support
0,0.847775175644028,0.8497652582159625,0.8457943925233645,428.0
1,0.853932584269663,0.852017937219731,0.8558558558558559,444.0
accuracy,0.8509174311926605,0.8509174311926605,0.8509174311926605,0.8509174311926605
macro avg,0.8508538799568455,0.8508915977178467,0.8508251241896102,872.0
weighted avg,0.8509103699442367,0.8509122644976979,0.8509174311926605,872.0
