,f1-score,precision,recall,support
0,0.8871937802552442,0.8622754491017964,0.913595166163142,3310.0
1,0.890502634201908,0.9162027541752125,0.8662049861495845,3610.0
accuracy,0.8888728323699422,0.8888728323699422,0.8888728323699422,0.8888728323699422
macro avg,0.8888482072285762,0.8892391016385044,0.8899000761563632,6920.0
weighted avg,0.8889199309412928,0.8904080461126391,0.8888728323699422,6920.0
