,f1-score,precision,recall,support
0,0.8495788206979543,0.8759305210918115,0.8247663551401869,428.0
1,0.8630887185104053,0.8400852878464818,0.8873873873873874,444.0
accuracy,0.856651376146789,0.856651376146789,0.856651376146789,0.856651376146789
macro avg,0.8563337696041797,0.8580079044691467,0.8560768712637872,872.0
weighted avg,0.8564577136208077,0.857679049118272,0.856651376146789,872.0
