,f1-score,precision,recall,support
0,0.8874849578820698,0.883762732174955,0.8912386706948641,3310.0
1,0.8959955506117909,0.8994974874371859,0.8925207756232687,3610.0
accuracy,0.891907514450867,0.891907514450867,0.891907514450867,0.891907514450867
macro avg,0.8917402542469304,0.8916301098060705,0.8918797231590664,6920.0
weighted avg,0.891924732413037,0.8919711810906564,0.891907514450867,6920.0
