,f1-score,precision,recall,support
0,0.712825278810409,0.6657986111111112,0.767,5000.0
1,0.6655844155844156,0.7252358490566038,0.615,5000.0
accuracy,0.691,0.691,0.691,0.691
macro avg,0.6892048471974124,0.6955172300838575,0.6910000000000001,10000.0
weighted avg,0.6892048471974124,0.6955172300838575,0.691,10000.0
