,f1-score,precision,recall,support
0,0.8046860356138708,0.7571428571428571,0.8586,5000.0
1,0.7766345123258306,0.8367205542725173,0.7246,5000.0
accuracy,0.7916,0.7916,0.7916,0.7916
macro avg,0.7906602739698507,0.7969317057076872,0.7916000000000001,10000.0
weighted avg,0.7906602739698506,0.7969317057076872,0.7916,10000.0
