,f1-score,precision,recall,support
0,0.8058902275769745,0.7720776841333822,0.8428,5000.0
1,0.7872563403898554,0.8269484808454426,0.7512,5000.0
accuracy,0.797,0.797,0.797,0.797
macro avg,0.796573283983415,0.7995130824894123,0.7969999999999999,10000.0
weighted avg,0.7965732839834149,0.7995130824894124,0.797,10000.0
