,f1-score,precision,recall,support
0,0.8243604429171439,0.7885317750182615,0.8636,5000.0
1,0.8068038639227215,0.8492484526967286,0.7684,5000.0
accuracy,0.816,0.816,0.816,0.816
macro avg,0.8155821534199328,0.8188901138574951,0.8160000000000001,10000.0
weighted avg,0.8155821534199327,0.8188901138574951,0.816,10000.0
