,f1-score,precision,recall,support
0,0.8240923749089775,0.8586603078257099,0.7922,5000.0
1,0.83720034658708,0.8071282717653611,0.8696,5000.0
accuracy,0.8309,0.8309,0.8309,0.8309
macro avg,0.8306463607480288,0.8328942897955355,0.8309,10000.0
weighted avg,0.8306463607480288,0.8328942897955356,0.8309,10000.0
