,f1-score,precision,recall,support
0,0.833070036861506,0.8798665183537263,0.791,5000.0
1,0.8491194669205141,0.810172570390554,0.892,5000.0
accuracy,0.8415,0.8415,0.8415,0.8415
macro avg,0.8410947518910101,0.8450195443721402,0.8415,10000.0
weighted avg,0.8410947518910099,0.8450195443721401,0.8415,10000.0
