,f1-score,precision,recall,support
0,0.8344370860927153,0.8372935964559001,0.8316,5000.0
1,0.835559099063185,0.8327373857767183,0.8384,5000.0
accuracy,0.835,0.835,0.835,0.835
macro avg,0.8349980925779501,0.8350154911163092,0.835,10000.0
weighted avg,0.8349980925779502,0.8350154911163092,0.835,10000.0
