,f1-score,precision,recall,support
0,0.8491449511400652,0.8646351575456053,0.8342,5000.0
1,0.8543632075471698,0.8398377125193199,0.8694,5000.0
accuracy,0.8518,0.8518,0.8518,0.8518
macro avg,0.8517540793436175,0.8522364350324626,0.8518,10000.0
weighted avg,0.8517540793436176,0.8522364350324626,0.8518,10000.0
