,f1-score,precision,recall,support
0,0.8420849420849421,0.8138059701492537,0.8724,5000.0
1,0.8302904564315352,0.8625,0.8004,5000.0
accuracy,0.8364,0.8364,0.8364,0.8364
macro avg,0.8361876992582387,0.8381529850746269,0.8364,10000.0
weighted avg,0.8361876992582388,0.8381529850746269,0.8364,10000.0
