,f1-score,precision,recall,support
0,0.8614599686028257,0.8455315870570108,0.878,5000.0
1,0.8560358890701468,0.8731281198003328,0.8396,5000.0
accuracy,0.8588,0.8588,0.8588,0.8588
macro avg,0.8587479288364863,0.8593298534286717,0.8588,10000.0
weighted avg,0.8587479288364862,0.8593298534286717,0.8588,10000.0
