,f1-score,precision,recall,support
0,0.8589211618257261,0.8922413793103449,0.828,5000.0
1,0.8687258687258688,0.8395522388059702,0.9,5000.0
accuracy,0.864,0.864,0.864,0.864
macro avg,0.8638235152757974,0.8658968090581576,0.864,10000.0
weighted avg,0.8638235152757974,0.8658968090581577,0.864,10000.0
