,f1-score,precision,recall,support
0,0.8708521576569559,0.899002894821486,0.8444108761329305,3310.0
1,0.8882899878722544,0.8648648648648649,0.9130193905817174,3610.0
accuracy,0.8802023121387283,0.8802023121387283,0.8802023121387283,0.8802023121387283
macro avg,0.8795710727646051,0.8819338798431755,0.878715133357324,6920.0
weighted avg,0.8799490604137808,0.8811938936446938,0.8802023121387283,6920.0
