,f1-score,precision,recall,support
0,0.8904603838937798,0.852445426913512,0.93202416918429,3310.0
1,0.8901750832006946,0.9318388367161466,0.8520775623268698,3610.0
accuracy,0.8903179190751445,0.8903179190751445,0.8903179190751445,0.8903179190751445
macro avg,0.8903177335472372,0.8921421318148293,0.8920508657555799,6920.0
weighted avg,0.8903115492836587,0.8938630872296264,0.8903179190751445,6920.0
