,f1-score,precision,recall,support
0,0.8482676224611708,0.8679706601466992,0.8294392523364486,428.0
1,0.8599779492833517,0.8423326133909287,0.8783783783783784,444.0
accuracy,0.8543577981651376,0.8543577981651376,0.8543577981651376,0.8543577981651376
macro avg,0.8541227858722613,0.8551516367688139,0.8539088153574135,872.0
weighted avg,0.8542302200632904,0.8549164253306877,0.8543577981651376,872.0
