,f1-score,precision,recall,support
0,0.8422273781902553,0.836405529953917,0.8481308411214953,428.0
1,0.8458049886621315,0.8515981735159818,0.8400900900900901,444.0
accuracy,0.8440366972477065,0.8440366972477065,0.8440366972477065,0.8440366972477065
macro avg,0.8440161834261934,0.8440018517349495,0.8441104656057927,872.0
weighted avg,0.8440490055406143,0.8441412337859775,0.8440366972477065,872.0
