,f1-score,precision,recall,support
0,0.8476190476190476,0.8640776699029126,0.8317757009345794,428.0
1,0.8584070796460177,0.8434782608695652,0.8738738738738738,444.0
accuracy,0.8532110091743119,0.8532110091743119,0.8532110091743119,0.8532110091743119
macro avg,0.8530130636325326,0.853777965386239,0.8528247874042266,872.0
weighted avg,0.8531120364034224,0.8535889799822634,0.8532110091743119,872.0
