,f1-score,precision,recall,support
0,0.8908929627439385,0.8723219455703533,0.9102719033232628,3310.0
1,0.8957037874505371,0.9143104443162147,0.8778393351800554,3610.0
accuracy,0.8933526011560694,0.8933526011560694,0.8933526011560694,0.8933526011560694
macro avg,0.8932983750972379,0.893316194943284,0.8940556192516591,6920.0
weighted avg,0.8934026559796063,0.8942263502629196,0.8933526011560694,6920.0
