,f1-score,precision,recall,support
0,0.7817468961010673,0.8582018173122907,0.7178,5000.0
1,0.8147531891292292,0.7574767961498797,0.8814,5000.0
accuracy,0.7996,0.7996,0.7996,0.7996
macro avg,0.7982500426151482,0.8078393067310852,0.7996,10000.0
weighted avg,0.7982500426151482,0.8078393067310853,0.7996,10000.0
