,f1-score,precision,recall,support
0,0.8390353337072349,0.7876447876447876,0.8976,5000.0
1,0.8148785207482262,0.8809855880985588,0.758,5000.0
accuracy,0.8278,0.8278,0.8278,0.8278
macro avg,0.8269569272277306,0.8343151878716732,0.8278,10000.0
weighted avg,0.8269569272277305,0.8343151878716731,0.8278,10000.0
