,f1-score,precision,recall,support
0,0.8302984592177567,0.9000233590282645,0.7706,5000.0
1,0.8530646515533166,0.7994404616191642,0.9144,5000.0
accuracy,0.8425,0.8425,0.8425,0.8425
macro avg,0.8416815553855366,0.8497319103237143,0.8425,10000.0
weighted avg,0.8416815553855366,0.8497319103237143,0.8425,10000.0
