,f1-score,precision,recall,support
0,0.8472324723247233,0.8958751393534002,0.8036,5000.0
1,0.8621968616262482,0.8219401631912965,0.9066,5000.0
accuracy,0.8551,0.8551,0.8551,0.8551
macro avg,0.8547146669754857,0.8589076512723484,0.8551,10000.0
weighted avg,0.8547146669754857,0.8589076512723485,0.8551,10000.0
