,f1-score,precision,recall,support
0,0.8385692068429238,0.8706135629709365,0.8088,5000.0
1,0.8496378561081602,0.8214752567693744,0.8798,5000.0
accuracy,0.8443,0.8443,0.8443,0.8443
macro avg,0.8441035314755421,0.8460444098701554,0.8443,10000.0
weighted avg,0.844103531475542,0.8460444098701555,0.8443,10000.0
