,f1-score,precision,recall,support
0,0.8641069075851685,0.8160327052968361,0.9182,5000.0
1,0.8459569020695542,0.9064929126657522,0.793,5000.0
accuracy,0.8556,0.8556,0.8556,0.8556
macro avg,0.8550319048273614,0.8612628089812941,0.8556,10000.0
weighted avg,0.8550319048273614,0.861262808981294,0.8556,10000.0
