,f1-score,precision,recall,support
0,0.8424424010744911,0.8713400299209233,0.8154,5000.0
1,0.8522429997093305,0.82653636534486,0.8796,5000.0
accuracy,0.8475,0.8475,0.8475,0.8475
macro avg,0.8473427003919107,0.8489381976328916,0.8475,10000.0
weighted avg,0.8473427003919107,0.8489381976328918,0.8475,10000.0
