,f1-score,precision,recall,support
0,0.8620045652625026,0.895644674428633,0.8308,5000.0
1,0.8716464003088207,0.8422230511003357,0.9032,5000.0
accuracy,0.867,0.867,0.867,0.867
macro avg,0.8668254827856616,0.8689338627644844,0.867,10000.0
weighted avg,0.8668254827856617,0.8689338627644844,0.867,10000.0
