,f1-score,precision,recall,support
0,0.8493640699523052,0.843996840442338,0.8548,5000.0
1,0.8474235104669888,0.8529173419773096,0.842,5000.0
accuracy,0.8484,0.8484,0.8484,0.8484
macro avg,0.848393790209647,0.8484570912098238,0.8484,10000.0
weighted avg,0.848393790209647,0.8484570912098239,0.8484,10000.0
