,f1-score,precision,recall,support
0,0.8690802149883379,0.8815058629911541,0.857,5000.0
1,0.8726698885491665,0.8608678731270675,0.8848,5000.0
accuracy,0.8709,0.8709,0.8709,0.8709
macro avg,0.8708750517687522,0.8711868680591108,0.8709,10000.0
weighted avg,0.8708750517687522,0.8711868680591107,0.8709,10000.0
