,f1-score,precision,recall,support
0,0.8470778237609771,0.8551049521092318,0.8392,5000.0
1,0.8498959675022294,0.8421362654623994,0.8578,5000.0
accuracy,0.8485,0.8485,0.8485,0.8485
macro avg,0.8484868956316032,0.8486206087858156,0.8485,10000.0
weighted avg,0.8484868956316033,0.8486206087858156,0.8485,10000.0
