,f1-score,precision,recall,support
0,0.8550420168067226,0.8643810679611651,0.8459026128266033,3368.0
1,0.8581081081081081,0.8491279069767442,0.8672802850356295,3368.0
accuracy,0.8565914489311164,0.8565914489311164,0.8565914489311164,0.8565914489311164
macro avg,0.8565750624574153,0.8567544874689547,0.8565914489311164,6736.0
weighted avg,0.8565750624574154,0.8567544874689548,0.8565914489311164,6736.0
