,f1-score,precision,recall,support
0,0.7553675992192583,0.824964471814306,0.6966,5000.0
1,0.7906847281499351,0.7374524056767048,0.8522,5000.0
accuracy,0.7744,0.7744,0.7744,0.7744
macro avg,0.7730261636845968,0.7812084387455054,0.7744,10000.0
weighted avg,0.7730261636845968,0.7812084387455054,0.7744,10000.0
