,f1-score,precision,recall,support
0,0.7542819499341239,0.8361733203505355,0.687,5000.0
1,0.7945280940139551,0.7343856076035302,0.8654,5000.0
accuracy,0.7762,0.7762,0.7762,0.7762
macro avg,0.7744050219740395,0.7852794639770329,0.7762,10000.0
weighted avg,0.7744050219740395,0.7852794639770329,0.7762,10000.0
