,f1-score,precision,recall,support
0,0.8428846153846153,0.8116666666666666,0.8766,5000.0
1,0.8297916666666666,0.8658695652173913,0.7966,5000.0
accuracy,0.8366,0.8366,0.8366,0.8366
macro avg,0.836338141025641,0.838768115942029,0.8366,10000.0
weighted avg,0.836338141025641,0.838768115942029,0.8366,10000.0
