,f1-score,precision,recall,support
0,0.8455487336914812,0.8125,0.8814,5000.0
1,0.8318713450292398,0.8704108391608392,0.7966,5000.0
accuracy,0.839,0.839,0.839,0.839
macro avg,0.8387100393603605,0.8414554195804196,0.839,10000.0
weighted avg,0.8387100393603605,0.8414554195804196,0.839,10000.0
