,f1-score,precision,recall,support
0,0.8675762439807383,0.8703703703703703,0.8648,5000.0
1,0.868421052631579,0.8656597774244833,0.8712,5000.0
accuracy,0.868,0.868,0.868,0.868
macro avg,0.8679986483061586,0.8680150738974268,0.868,10000.0
weighted avg,0.8679986483061586,0.8680150738974269,0.868,10000.0
