,f1-score,precision,recall,support
0,0.8448179271708685,0.7922942206654991,0.9048,5000.0
1,0.8210979547900968,0.889044289044289,0.7628,5000.0
accuracy,0.8338,0.8338,0.8338,0.8338
macro avg,0.8329579409804826,0.8406692548548941,0.8338000000000001,10000.0
weighted avg,0.8329579409804826,0.8406692548548941,0.8338,10000.0
