,f1-score,precision,recall,support
0,0.8495754144763445,0.8589533932951758,0.8404,5000.0
1,0.852789869410368,0.8437744714173845,0.862,5000.0
accuracy,0.8512,0.8512,0.8512,0.8512
macro avg,0.8511826419433564,0.8513639323562802,0.8512,10000.0
weighted avg,0.8511826419433562,0.8513639323562802,0.8512,10000.0
