,f1-score,precision,recall,support
0,0.8804176516942475,0.8674301242236024,0.8938,5000.0
1,0.8767262388302193,0.8904702970297029,0.8634,5000.0
accuracy,0.8786,0.8786,0.8786,0.8786
macro avg,0.8785719452622334,0.8789502106266527,0.8786,10000.0
weighted avg,0.8785719452622334,0.8789502106266526,0.8786,10000.0
