,f1-score,precision,recall,support
0,0.8538209281526384,0.8485087892553822,0.8592,5000.0
1,0.8519673945858912,0.8574032813449464,0.8466,5000.0
accuracy,0.8529,0.8529,0.8529,0.8529
macro avg,0.8528941613692649,0.8529560353001643,0.8529,10000.0
weighted avg,0.8528941613692649,0.8529560353001642,0.8529,10000.0
