,f1-score,precision,recall,support
0,0.881621187800963,0.8844605475040258,0.8788,5000.0
1,0.8823763955342903,0.879570747217806,0.8852,5000.0
accuracy,0.882,0.882,0.882,0.882
macro avg,0.8819987916676266,0.882015647360916,0.882,10000.0
weighted avg,0.8819987916676266,0.8820156473609161,0.882,10000.0
