,f1-score,precision,recall,support
0,0.7990314769975786,0.6858248530887201,0.957,5000.0
1,0.6999875358344758,0.9288785974197816,0.5616,5000.0
accuracy,0.7593,0.7593,0.7593,0.7593
macro avg,0.7495095064160272,0.8073517252542508,0.7593,10000.0
weighted avg,0.7495095064160272,0.8073517252542508,0.7593,10000.0
