,f1-score,precision,recall,support
0,0.8417011222681631,0.828809616130283,0.855,5000.0
1,0.8366185734606787,0.8502684840974803,0.8234,5000.0
accuracy,0.8392,0.8392,0.8392,0.8392
macro avg,0.8391598478644209,0.8395390501138817,0.8392,10000.0
weighted avg,0.839159847864421,0.8395390501138816,0.8392,10000.0
