,f1-score,precision,recall,support
0,0.8592194344882516,0.8554718477398889,0.863,5000.0
1,0.8579750903977501,0.8617836965294592,0.8542,5000.0
accuracy,0.8586,0.8586,0.8586,0.8586
macro avg,0.8585972624430008,0.858627772134674,0.8586,10000.0
weighted avg,0.8585972624430007,0.8586277721346741,0.8586,10000.0
