,f1-score,precision,recall,support
0,0.8484675965461618,0.8071854125293374,0.8942,5000.0
1,0.8312017757108128,0.881416722707913,0.7864,5000.0
accuracy,0.8403,0.8403,0.8403,0.8403
macro avg,0.8398346861284873,0.8443010676186252,0.8403,10000.0
weighted avg,0.8398346861284873,0.8443010676186251,0.8403,10000.0
