,f1-score,precision,recall,support
0,0.8509397929440146,0.8553243079409982,0.8466,5000.0
1,0.8524524922893245,0.8481488814096219,0.8568,5000.0
accuracy,0.8517,0.8517,0.8517,0.8517
macro avg,0.8516961426166696,0.85173659467531,0.8517,10000.0
weighted avg,0.8516961426166694,0.8517365946753099,0.8517,10000.0
