,f1-score,precision,recall,support
0,0.877532322101191,0.8936346672195729,0.862,5000.0
1,0.881792276702368,0.8667181765501255,0.8974,5000.0
accuracy,0.8797,0.8797,0.8797,0.8797
macro avg,0.8796622994017795,0.8801764218848491,0.8796999999999999,10000.0
weighted avg,0.8796622994017794,0.8801764218848491,0.8797,10000.0
