,f1-score,precision,recall,support
0,0.874145726001472,0.9215251607182443,0.8314,5000.0
1,0.8858804461817141,0.8464201129531791,0.9292,5000.0
accuracy,0.8803,0.8803,0.8803,0.8803
macro avg,0.8800130860915931,0.8839726368357117,0.8803000000000001,10000.0
weighted avg,0.8800130860915931,0.8839726368357118,0.8803,10000.0
