,f1-score,precision,recall,support
0,0.8493622190726868,0.8599835998359984,0.839,5000.0
1,0.8529934795494961,0.8428348301444748,0.8634,5000.0
accuracy,0.8512,0.8512,0.8512,0.8512
macro avg,0.8511778493110915,0.8514092149902366,0.8512,10000.0
weighted avg,0.8511778493110914,0.8514092149902366,0.8512,10000.0
