,f1-score,precision,recall,support
0,0.8079510089348458,0.8111267889538399,0.8048,5000.0
1,0.8094431716306406,0.8063107759476087,0.8126,5000.0
accuracy,0.8087,0.8087,0.8087,0.8087
macro avg,0.8086970902827433,0.8087187824507243,0.8087,10000.0
weighted avg,0.8086970902827432,0.8087187824507244,0.8087,10000.0
