,f1-score,precision,recall,support
0,0.8010572328962082,0.8145544759148232,0.788,5000.0
1,0.8074387484010627,0.7946930079411195,0.8206,5000.0
accuracy,0.8043,0.8043,0.8043,0.8043
macro avg,0.8042479906486355,0.8046237419279714,0.8043,10000.0
weighted avg,0.8042479906486355,0.8046237419279714,0.8043,10000.0
