,f1-score,precision,recall,support
0,0.7234558912753306,0.9197778463437211,0.5962,5000.0
1,0.8061910026362786,0.7012871726586773,0.948,5000.0
accuracy,0.7721,0.7721,0.7721,0.7721
macro avg,0.7648234469558046,0.8105325095011993,0.7721,10000.0
weighted avg,0.7648234469558046,0.8105325095011993,0.7721,10000.0
