,f1-score,precision,recall,support
0,0.7358126056508091,0.9283973187081048,0.6094,5000.0
1,0.813278716504523,0.709288478713903,0.953,5000.0
accuracy,0.7812,0.7812,0.7812,0.7812
macro avg,0.774545661077666,0.8188428987110039,0.7812,10000.0
weighted avg,0.7745456610776661,0.8188428987110039,0.7812,10000.0
