,f1-score,precision,recall,support
0,0.8358835883588359,0.8359671934386878,0.8358,5000.0
1,0.8359164083591641,0.8358328334333134,0.836,5000.0
accuracy,0.8359,0.8359,0.8359,0.8359
macro avg,0.8358999983590001,0.8359000134360006,0.8359,10000.0
weighted avg,0.835899998359,0.8359000134360005,0.8359,10000.0
