,f1-score,precision,recall,support
0,0.8377449989896948,0.8464679461004492,0.8292,5000.0
1,0.8410215798851713,0.8326146609172873,0.8496,5000.0
accuracy,0.8394,0.8394,0.8394,0.8394
macro avg,0.8393832894374331,0.8395413035088682,0.8394,10000.0
weighted avg,0.8393832894374331,0.8395413035088682,0.8394,10000.0
