,f1-score,precision,recall,support
0,0.8395837423915178,0.824527574238334,0.8552,5000.0
1,0.8335031587528021,0.8496053178230162,0.818,5000.0
accuracy,0.8366,0.8366,0.8366,0.8366
macro avg,0.83654345057216,0.8370664460306751,0.8366,10000.0
weighted avg,0.83654345057216,0.837066446030675,0.8366,10000.0
