,f1-score,precision,recall,support
0,0.8057380639509417,0.8903678606001936,0.7358,5000.0
1,0.8367684946632316,0.7748807089297887,0.9094,5000.0
accuracy,0.8226,0.8226,0.8226,0.8226
macro avg,0.8212532793070866,0.8326242847649912,0.8226,10000.0
weighted avg,0.8212532793070866,0.8326242847649912,0.8226,10000.0
