,f1-score,precision,recall,support
0,0.8094081272084805,0.9035996055226825,0.733,5000.0
1,0.8422880116959064,0.7754037685060565,0.9218,5000.0
accuracy,0.8274,0.8274,0.8274,0.8274
macro avg,0.8258480694521935,0.8395016870143694,0.8273999999999999,10000.0
weighted avg,0.8258480694521935,0.8395016870143694,0.8274,10000.0
