,f1-score,precision,recall,support
0,0.8306293272708484,0.8593115244815053,0.8038,5000.0
1,0.8412283250992929,0.8157054292692091,0.8684,5000.0
accuracy,0.8361,0.8361,0.8361,0.8361
macro avg,0.8359288261850706,0.8375084768753571,0.8361,10000.0
weighted avg,0.8359288261850707,0.8375084768753571,0.8361,10000.0
