,f1-score,precision,recall,support
0,0.8353982300884955,0.8712269272529859,0.8024,5000.0
1,0.8479076479076479,0.8168674698795181,0.8814,5000.0
accuracy,0.8419,0.8419,0.8419,0.8419
macro avg,0.8416529389980717,0.844047198566252,0.8419,10000.0
weighted avg,0.8416529389980717,0.844047198566252,0.8419,10000.0
