,f1-score,precision,recall,support
0,0.8383745798961199,0.8541191118489313,0.8232,5000.0
1,0.8441214026127101,0.8293765682300714,0.8594,5000.0
accuracy,0.8413,0.8413,0.8413,0.8413
macro avg,0.841247991254415,0.8417478400395013,0.8413,10000.0
weighted avg,0.841247991254415,0.8417478400395013,0.8413,10000.0
