,f1-score,precision,recall,support
0,0.8420096852300242,0.858641975308642,0.8260095011876485,3368.0
1,0.8479020979020978,0.8323798627002288,0.8640142517814727,3368.0
accuracy,0.8450118764845606,0.8450118764845606,0.8450118764845606,0.8450118764845606
macro avg,0.844955891566061,0.8455109190044354,0.8450118764845607,6736.0
weighted avg,0.8449558915660611,0.8455109190044353,0.8450118764845606,6736.0
