,f1-score,precision,recall,support
0,0.7309319611206403,0.8534045393858478,0.6392,5000.0
1,0.790937361172812,0.7115907274180655,0.8902,5000.0
accuracy,0.7647,0.7647,0.7647,0.7647
macro avg,0.7609346611467261,0.7824976334019567,0.7646999999999999,10000.0
weighted avg,0.7609346611467261,0.7824976334019565,0.7647,10000.0
