,f1-score,precision,recall,support
0,0.829644412191582,0.7591301460823373,0.9146,5000.0
1,0.7907754010695186,0.8926056338028169,0.7098,5000.0
accuracy,0.8122,0.8122,0.8122,0.8122
macro avg,0.8102099066305504,0.8258678899425771,0.8122,10000.0
weighted avg,0.8102099066305503,0.8258678899425771,0.8122,10000.0
