,f1-score,precision,recall,support
0,0.8454078722190531,0.8057267125770207,0.8892,5000.0
1,0.8285171904661465,0.8763944667559126,0.7856,5000.0
accuracy,0.8374,0.8374,0.8374,0.8374
macro avg,0.8369625313425998,0.8410605896664667,0.8373999999999999,10000.0
weighted avg,0.8369625313425997,0.8410605896664667,0.8374,10000.0
