,f1-score,precision,recall,support
0,0.8579129765113592,0.8270230141054195,0.8912,5000.0
1,0.846441947565543,0.8820468343451865,0.8136,5000.0
accuracy,0.8524,0.8524,0.8524,0.8524
macro avg,0.8521774620384511,0.854534924225303,0.8524,10000.0
weighted avg,0.8521774620384511,0.8545349242253029,0.8524,10000.0
