,f1-score,precision,recall,support
0,0.8209178228388474,0.880091533180778,0.7692,5000.0
1,0.8421448730009408,0.7950266429840143,0.8952,5000.0
accuracy,0.8322,0.8322,0.8322,0.8322
macro avg,0.831531347919894,0.8375590880823962,0.8322,10000.0
weighted avg,0.8315313479198939,0.8375590880823962,0.8322,10000.0
