,f1-score,precision,recall,support
0,0.8428978428978429,0.8579121789560895,0.8284,5000.0
1,0.84821077467558,0.834106728538283,0.8628,5000.0
accuracy,0.8456,0.8456,0.8456,0.8456
macro avg,0.8455543087867115,0.8460094537471863,0.8456,10000.0
weighted avg,0.8455543087867115,0.8460094537471863,0.8456,10000.0
