,f1-score,precision,recall,support
0,0.8668315811172954,0.8943002977456401,0.841,5000.0
1,0.8745387453874539,0.8499433748584372,0.9006,5000.0
accuracy,0.8708,0.8708,0.8708,0.8708
macro avg,0.8706851632523747,0.8721218363020387,0.8708,10000.0
weighted avg,0.8706851632523747,0.8721218363020388,0.8708,10000.0
