,f1-score,precision,recall,support
0,0.8621490394764618,0.9128296826106392,0.8168,5000.0
1,0.8759262777883337,0.83423814694173,0.922,5000.0
accuracy,0.8694,0.8694,0.8694,0.8694
macro avg,0.8690376586323978,0.8735339147761847,0.8694,10000.0
weighted avg,0.8690376586323977,0.8735339147761846,0.8694,10000.0
