,f1-score,precision,recall,support
0,0.8522471360031333,0.8348359869556877,0.8704,5000.0
1,0.8458158782057833,0.8646333820764571,0.8278,5000.0
accuracy,0.8491,0.8491,0.8491,0.8491
macro avg,0.8490315071044583,0.8497346845160725,0.8491,10000.0
weighted avg,0.8490315071044584,0.8497346845160726,0.8491,10000.0
