,f1-score,precision,recall,support
0,0.8814866067015914,0.8714090287277702,0.8918,5000.0
1,0.8786805625822118,0.8892074544337497,0.8684,5000.0
accuracy,0.8801,0.8801,0.8801,0.8801
macro avg,0.8800835846419016,0.8803082415807599,0.8801,10000.0
weighted avg,0.8800835846419017,0.8803082415807599,0.8801,10000.0
