,f1-score,precision,recall,support
0,0.8518407061891866,0.8544978868987724,0.8492,5000.0
1,0.8527564549895325,0.8501291989664083,0.8554,5000.0
accuracy,0.8523,0.8523,0.8523,0.8523
macro avg,0.8522985805893595,0.8523135429325903,0.8523000000000001,10000.0
weighted avg,0.8522985805893597,0.8523135429325903,0.8523,10000.0
