,f1-score,precision,recall,support
0,0.8609251822103227,0.8625931445603576,0.8592636579572447,3368.0
1,0.8614609571788413,0.8598047914818101,0.8631235154394299,3368.0
accuracy,0.8611935866983373,0.8611935866983373,0.8611935866983373,0.8611935866983373
macro avg,0.861193069694582,0.8611989680210839,0.8611935866983373,6736.0
weighted avg,0.8611930696945821,0.8611989680210838,0.8611935866983373,6736.0
