,f1-score,precision,recall,support
0,0.8840975807267942,0.8950604632096741,0.8734,5000.0
1,0.8868688864736685,0.8763913298183948,0.8976,5000.0
accuracy,0.8855,0.8855,0.8855,0.8855
macro avg,0.8854832336002314,0.8857258965140344,0.8855,10000.0
weighted avg,0.8854832336002313,0.8857258965140345,0.8855,10000.0
