,f1-score,precision,recall,support
0,0.8221276595744681,0.8781818181818182,0.7728,5000.0
1,0.8422641509433962,0.7971428571428572,0.8928,5000.0
accuracy,0.8328,0.8328,0.8328,0.8328
macro avg,0.8321959052589322,0.8376623376623377,0.8328,10000.0
weighted avg,0.8321959052589322,0.8376623376623377,0.8328,10000.0
