,f1-score,precision,recall,support
0,0.8446574029707715,0.810855565777369,0.8814,5000.0
1,0.8305279665446941,0.8700985761226725,0.7944,5000.0
accuracy,0.8379,0.8379,0.8379,0.8379
macro avg,0.8375926847577329,0.8404770709500207,0.8379,10000.0
weighted avg,0.8375926847577327,0.8404770709500208,0.8379,10000.0
