,f1-score,precision,recall,support
0,0.8667949951876804,0.8354359925788497,0.9006,5000.0
1,0.8559833506763788,0.8921908893709327,0.8226,5000.0
accuracy,0.8616,0.8616,0.8616,0.8616
macro avg,0.8613891729320295,0.8638134409748912,0.8615999999999999,10000.0
weighted avg,0.8613891729320295,0.8638134409748913,0.8616,10000.0
