,f1-score,precision,recall,support
0,0.8350417415196025,0.8852789603405781,0.7902,5000.0
1,0.8518553668026952,0.8105472277406538,0.8976,5000.0
accuracy,0.8439,0.8439,0.8439,0.8439
macro avg,0.843448554161149,0.8479130940406159,0.8439,10000.0
weighted avg,0.8434485541611488,0.847913094040616,0.8439,10000.0
