,f1-score,precision,recall,support
0,0.8333864287989805,0.8883857822051165,0.7848,5000.0
1,0.8517433619956534,0.8072720759448325,0.9014,5000.0
accuracy,0.8431,0.8431,0.8431,0.8431
macro avg,0.8425648953973169,0.8478289290749745,0.8431,10000.0
weighted avg,0.842564895397317,0.8478289290749746,0.8431,10000.0
