,f1-score,precision,recall,support
0,0.8558406816605569,0.84802670331828,0.8638,5000.0
1,0.8531341475724236,0.861218667210108,0.8452,5000.0
accuracy,0.8545,0.8545,0.8545,0.8545
macro avg,0.8544874146164902,0.854622685264194,0.8545,10000.0
weighted avg,0.8544874146164902,0.8546226852641939,0.8545,10000.0
