,f1-score,precision,recall,support
0,0.7726222564497498,0.7448032665181886,0.8026,5000.0
1,0.7542655014565127,0.7859930615784909,0.725,5000.0
accuracy,0.7638,0.7638,0.7638,0.7638
macro avg,0.7634438789531313,0.7653981640483398,0.7638,10000.0
weighted avg,0.7634438789531313,0.7653981640483397,0.7638,10000.0
