,f1-score,precision,recall,support
0,0.7649941199529596,0.75,0.7806,5000.0
1,0.755206206614945,0.7712677231025855,0.7398,5000.0
accuracy,0.7602,0.7602,0.7602,0.7602
macro avg,0.7601001632839524,0.7606338615512928,0.7602,10000.0
weighted avg,0.7601001632839524,0.7606338615512928,0.7602,10000.0
