,f1-score,precision,recall,support
0,0.7968039063366995,0.8950386437297432,0.718,5000.0
1,0.8333788333788333,0.7645683753548171,0.9158,5000.0
accuracy,0.8169,0.8169,0.8169,0.8169
macro avg,0.8150913698577664,0.8298035095422802,0.8169,10000.0
weighted avg,0.8150913698577664,0.8298035095422801,0.8169,10000.0
