,f1-score,precision,recall,support
0,0.8340163934426229,0.8550420168067226,0.814,5000.0
1,0.841796875,0.8225190839694656,0.862,5000.0
accuracy,0.838,0.838,0.838,0.838
macro avg,0.8379066342213115,0.8387805503880941,0.838,10000.0
weighted avg,0.8379066342213115,0.8387805503880942,0.838,10000.0
