,f1-score,precision,recall,support
0,0.860997301888678,0.8603954463750749,0.8616,5000.0
1,0.8608025617932552,0.8614059683556979,0.8602,5000.0
accuracy,0.8609,0.8609,0.8609,0.8609
macro avg,0.8608999318409666,0.8609007073653865,0.8609,10000.0
weighted avg,0.8608999318409666,0.8609007073653866,0.8609,10000.0
