,f1-score,precision,recall,support
0,0.8468854904886237,0.7933263452131377,0.9082,5000.0
1,0.8229840448469167,0.8926566884939195,0.7634,5000.0
accuracy,0.8358,0.8358,0.8358,0.8358
macro avg,0.8349347676677702,0.8429915168535287,0.8358,10000.0
weighted avg,0.8349347676677702,0.8429915168535286,0.8358,10000.0
