,f1-score,precision,recall,support
0,0.8622865627319971,0.8043628808864266,0.9292,5000.0
1,0.839115351257589,0.9161931818181818,0.774,5000.0
accuracy,0.8516,0.8516,0.8516,0.8516
macro avg,0.850700956994793,0.8602780313523042,0.8516,10000.0
weighted avg,0.850700956994793,0.8602780313523043,0.8516,10000.0
