,f1-score,precision,recall,support
0,0.8296453149814718,0.8814398200224972,0.7836,5000.0
1,0.8475603979156797,0.8052205220522052,0.8946,5000.0
accuracy,0.8391,0.8391,0.8391,0.8391
macro avg,0.8386028564485757,0.8433301710373512,0.8391,10000.0
weighted avg,0.8386028564485758,0.8433301710373511,0.8391,10000.0
