,f1-score,precision,recall,support
0,0.8000446080071374,0.9042097302747668,0.7174,5000.0
1,0.8374875373878365,0.765788165091994,0.924,5000.0
accuracy,0.8207,0.8207,0.8207,0.8207
macro avg,0.818766072697487,0.8349989476833803,0.8207,10000.0
weighted avg,0.8187660726974869,0.8349989476833803,0.8207,10000.0
