,f1-score,precision,recall,support
0,0.8556322514319283,0.8465562336530078,0.8649049881235155,3368.0
1,0.8524688578718295,0.8619119878603946,0.8432304038004751,3368.0
accuracy,0.8540676959619953,0.8540676959619953,0.8540676959619953,0.8540676959619953
macro avg,0.8540505546518788,0.8542341107567012,0.8540676959619953,6736.0
weighted avg,0.8540505546518788,0.8542341107567013,0.8540676959619953,6736.0
