,f1-score,precision,recall,support
0,0.8827890202364256,0.8843837816138097,0.8812,5000.0
1,0.8832102216011181,0.8816261458748506,0.8848,5000.0
accuracy,0.883,0.883,0.883,0.883
macro avg,0.8829996209187718,0.8830049637443301,0.883,10000.0
weighted avg,0.8829996209187717,0.8830049637443302,0.883,10000.0
