,f1-score,precision,recall,support
0,0.8646946042180224,0.7908316633266533,0.9537764350453172,3310.0
1,0.8488834505965127,0.9477459016393442,0.7686980609418282,3610.0
accuracy,0.8572254335260115,0.8572254335260115,0.8572254335260115,0.8572254335260115
macro avg,0.8567890274072676,0.8692887824829988,0.8612372479935727,6920.0
weighted avg,0.8564463000888823,0.872690102677638,0.8572254335260115,6920.0
