,f1-score,precision,recall,support
0,0.8775193798449613,0.8224570673712022,0.9404833836858006,3310.0
1,0.8711638250555966,0.9371610845295055,0.8138504155124654,3610.0
accuracy,0.874421965317919,0.874421965317919,0.874421965317919,0.874421965317919
macro avg,0.874341602450279,0.8798090759503538,0.8771668995991331,6920.0
weighted avg,0.8742038375343245,0.8822954347037852,0.874421965317919,6920.0
