,f1-score,precision,recall,support
0,0.8512110726643599,0.8405466970387244,0.8621495327102804,428.0
1,0.8529076396807297,0.8637413394919169,0.8423423423423423,444.0
accuracy,0.8520642201834863,0.8520642201834863,0.8520642201834863,0.8520642201834863
macro avg,0.8520593561725448,0.8521440182653206,0.8522459375263114,872.0
weighted avg,0.8520749210075574,0.8523568131502124,0.8520642201834863,872.0
