,f1-score,precision,recall,support
0,0.8509615384615384,0.8762376237623762,0.8271028037383178,428.0
1,0.8640350877192983,0.8418803418803419,0.8873873873873874,444.0
accuracy,0.8577981651376146,0.8577981651376146,0.8577981651376146,0.8577981651376146
macro avg,0.8574983130904184,0.8590589828213591,0.8572450955628526,872.0
weighted avg,0.8576182539092969,0.8587437784004229,0.8577981651376146,872.0
