,f1-score,precision,recall,support
0,0.8781025923883067,0.8834628190899001,0.8728070175438597,912.0
1,0.8791689447785674,0.8739130434782608,0.8844884488448845,909.0
accuracy,0.8786381109280615,0.8786381109280615,0.8786381109280615,0.8786381109280615
macro avg,0.8786357685834371,0.8786879312840805,0.8786477331943721,1821.0
weighted avg,0.8786348902042029,0.8786957976560834,0.8786381109280615,1821.0
