,f1-score,precision,recall,support
0,0.5004934442408008,0.8480649784997611,0.355,5000.0
1,0.7254977918958704,0.5921335525483749,0.9364,5000.0
accuracy,0.6457,0.6457,0.6457,0.6457
macro avg,0.6129956180683356,0.720099265524068,0.6456999999999999,10000.0
weighted avg,0.6129956180683356,0.720099265524068,0.6457,10000.0
