,f1-score,precision,recall,support
0,0.8212161902934969,0.7889789900479174,0.8562,5000.0
1,0.8053060371840403,0.8428071709663314,0.771,5000.0
accuracy,0.8136,0.8136,0.8136,0.8136
macro avg,0.8132611137387686,0.8158930805071244,0.8136,10000.0
weighted avg,0.8132611137387686,0.8158930805071244,0.8136,10000.0
