,f1-score,precision,recall,support
0,0.8327785392598395,0.8156885308784043,0.8506,5000.0
1,0.8254649499284692,0.8439197659841203,0.8078,5000.0
accuracy,0.8292,0.8292,0.8292,0.8292
macro avg,0.8291217445941543,0.8298041484312624,0.8291999999999999,10000.0
weighted avg,0.8291217445941543,0.8298041484312624,0.8292,10000.0
