,f1-score,precision,recall,support
0,0.840087405641637,0.8344514601420678,0.8458,5000.0
1,0.837897704389851,0.8436739659367397,0.8322,5000.0
accuracy,0.839,0.839,0.839,0.839
macro avg,0.838992555015744,0.8390627130394037,0.839,10000.0
weighted avg,0.8389925550157441,0.8390627130394037,0.839,10000.0
