,f1-score,precision,recall,support
0,0.812046365507529,0.8858425904041598,0.7496,5000.0
1,0.8388894047729594,0.7829779857860981,0.9034,5000.0
accuracy,0.8265,0.8265,0.8265,0.8265
macro avg,0.8254678851402442,0.834410288095129,0.8265,10000.0
weighted avg,0.8254678851402442,0.834410288095129,0.8265,10000.0
