,f1-score,precision,recall,support
0,0.8032552512922029,0.8922550696310775,0.7304,5000.0
1,0.8359768955716512,0.7717961740308109,0.9118,5000.0
accuracy,0.8211,0.8211,0.8211,0.8211
macro avg,0.8196160734319271,0.8320256218309442,0.8211,10000.0
weighted avg,0.819616073431927,0.8320256218309442,0.8211,10000.0
