,f1-score,precision,recall,support
0,0.8286597482888055,0.9248398225726959,0.7506,5000.0
1,0.8581612136720892,0.790138000673174,0.939,5000.0
accuracy,0.8448,0.8448,0.8448,0.8448
macro avg,0.8434104809804474,0.857488911622935,0.8448,10000.0
weighted avg,0.8434104809804474,0.857488911622935,0.8448,10000.0
