,f1-score,precision,recall,support
0,0.842391304347826,0.8478525121555915,0.837,5000.0
1,0.84439586645469,0.8390600315955766,0.8498,5000.0
accuracy,0.8434,0.8434,0.8434,0.8434
macro avg,0.843393585401258,0.843456271875584,0.8433999999999999,10000.0
weighted avg,0.843393585401258,0.843456271875584,0.8434,10000.0
