,f1-score,precision,recall,support
0,0.8687975646879756,0.8817713697219361,0.8562,5000.0
1,0.8725480532281912,0.8602526724975704,0.8852,5000.0
accuracy,0.8707,0.8707,0.8707,0.8707
macro avg,0.8706728089580834,0.8710120211097533,0.8707,10000.0
weighted avg,0.8706728089580834,0.8710120211097532,0.8707,10000.0
