,f1-score,precision,recall,support
0,0.8355194669997918,0.8712548849326965,0.8026,5000.0
1,0.8479892245526265,0.8170189098998888,0.8814,5000.0
accuracy,0.842,0.842,0.842,0.842
macro avg,0.8417543457762091,0.8441368974162926,0.842,10000.0
weighted avg,0.8417543457762091,0.8441368974162928,0.842,10000.0
