,f1-score,precision,recall,support
0,0.8613996432693316,0.905981019642463,0.821,5000.0
1,0.8738179386760914,0.8363503382702505,0.9148,5000.0
accuracy,0.8679,0.8679,0.8679,0.8679
macro avg,0.8676087909727115,0.8711656789563568,0.8678999999999999,10000.0
weighted avg,0.8676087909727115,0.8711656789563567,0.8679,10000.0
