,f1-score,precision,recall,support
0,0.8497828661666009,0.8388542478565861,0.861,5000.0
1,0.8457640859343332,0.8572308956450287,0.8346,5000.0
accuracy,0.8478,0.8478,0.8478,0.8478
macro avg,0.847773476050467,0.8480425717508074,0.8478,10000.0
weighted avg,0.847773476050467,0.8480425717508074,0.8478,10000.0
