,f1-score,precision,recall,support
0,0.8746523639253079,0.8687845303867403,0.8806,5000.0
1,0.8729359645590011,0.8789537712895377,0.867,5000.0
accuracy,0.8738,0.8738,0.8738,0.8738
macro avg,0.8737941642421545,0.873869150838139,0.8738,10000.0
weighted avg,0.8737941642421545,0.8738691508381391,0.8738,10000.0
