,f1-score,precision,recall,support
0,0.8485813837730214,0.844796828543112,0.8524,5000.0
1,0.8472124560522349,0.8510595358224016,0.8434,5000.0
accuracy,0.8479,0.8479,0.8479,0.8479
macro avg,0.8478969199126282,0.8479281821827568,0.8479000000000001,10000.0
weighted avg,0.8478969199126283,0.8479281821827568,0.8479,10000.0
