,f1-score,precision,recall,support
0,0.8496539537623323,0.8428279287174992,0.8565914489311164,3368.0
1,0.8471785660829217,0.8542106851795955,0.8402612826603325,3368.0
accuracy,0.8484263657957245,0.8484263657957245,0.8484263657957245,0.8484263657957245
macro avg,0.848416259922627,0.8485193069485474,0.8484263657957245,6736.0
weighted avg,0.848416259922627,0.8485193069485474,0.8484263657957245,6736.0
