,f1-score,precision,recall,support
0,0.7608484979002907,0.8241194308374155,0.7066,5000.0
1,0.7926817884812845,0.7432172238753719,0.8492,5000.0
accuracy,0.7779,0.7779,0.7779,0.7779
macro avg,0.7767651431907876,0.7836683273563937,0.7779,10000.0
weighted avg,0.7767651431907876,0.7836683273563937,0.7779,10000.0
