,f1-score,precision,recall,support
0,0.762320104666376,0.837967401725791,0.6992,5000.0
1,0.7986701145179166,0.7419354838709677,0.8648,5000.0
accuracy,0.782,0.782,0.782,0.782
macro avg,0.7804951095921463,0.7899514427983794,0.782,10000.0
weighted avg,0.7804951095921463,0.7899514427983794,0.782,10000.0
