,f1-score,precision,recall,support
0,0.8436915197478578,0.831166310886862,0.8566,5000.0
1,0.8388341626891439,0.8520734474932948,0.826,5000.0
accuracy,0.8413,0.8413,0.8413,0.8413
macro avg,0.8412628412185008,0.8416198791900784,0.8412999999999999,10000.0
weighted avg,0.8412628412185008,0.8416198791900784,0.8413,10000.0
