,f1-score,precision,recall,support
0,0.8552396102604892,0.850336101225781,0.8602,5000.0
1,0.8535505934419635,0.858559287737758,0.8486,5000.0
accuracy,0.8544,0.8544,0.8544,0.8544
macro avg,0.8543951018512264,0.8544476944817695,0.8544,10000.0
weighted avg,0.8543951018512264,0.8544476944817696,0.8544,10000.0
