,f1-score,precision,recall,support
0,0.8606342153100385,0.8692370461036312,0.8522,5000.0
1,0.863339275103981,0.8550411926245587,0.8718,5000.0
accuracy,0.862,0.862,0.862,0.862
macro avg,0.8619867452070098,0.8621391193640949,0.862,10000.0
weighted avg,0.8619867452070097,0.8621391193640949,0.862,10000.0
