,f1-score,precision,recall,support
0,0.8211875843454791,0.9380781089414183,0.7302,5000.0
1,0.8568599207778177,0.7791421087098886,0.9518,5000.0
accuracy,0.841,0.841,0.841,0.841
macro avg,0.8390237525616484,0.8586101088256535,0.841,10000.0
weighted avg,0.8390237525616485,0.8586101088256535,0.841,10000.0
