,f1-score,precision,recall,support
0,0.827578834847675,0.8888633754305396,0.7742,5000.0
1,0.8484734617191171,0.8,0.9032,5000.0
accuracy,0.8387,0.8387,0.8387,0.8387
macro avg,0.838026148283396,0.8444316877152698,0.8387,10000.0
weighted avg,0.838026148283396,0.8444316877152698,0.8387,10000.0
