,f1-score,precision,recall,support
0,0.8526794542218709,0.8431755964020337,0.8624,5000.0
1,0.8492818126643739,0.8591895210806385,0.8396,5000.0
accuracy,0.851,0.851,0.851,0.851
macro avg,0.8509806334431224,0.8511825587413361,0.851,10000.0
weighted avg,0.8509806334431225,0.8511825587413361,0.851,10000.0
