,f1-score,precision,recall,support
0,0.8787692307692307,0.9018947368421053,0.8568,5000.0
1,0.8846829268292682,0.8636190476190476,0.9068,5000.0
accuracy,0.8818,0.8818,0.8818,0.8818
macro avg,0.8817260787992495,0.8827568922305764,0.8818,10000.0
weighted avg,0.8817260787992495,0.8827568922305765,0.8818,10000.0
