,f1-score,precision,recall,support
0,0.8573582629674307,0.8710171568627451,0.8441211401425178,3368.0
1,0.8616959064327486,0.8487903225806451,0.875,3368.0
accuracy,0.8595605700712589,0.8595605700712589,0.8595605700712589,0.8595605700712589
macro avg,0.8595270847000896,0.8599037397216951,0.859560570071259,6736.0
weighted avg,0.8595270847000896,0.8599037397216951,0.8595605700712589,6736.0
