,f1-score,precision,recall,support
0,0.8794574041722332,0.9044599450433313,0.8558,5000.0
1,0.8857727139935728,0.863161890301765,0.9096,5000.0
accuracy,0.8827,0.8827,0.8827,0.8827
macro avg,0.8826150590829029,0.8838109176725482,0.8827,10000.0
weighted avg,0.882615059082903,0.883810917672548,0.8827,10000.0
