,f1-score,precision,recall,support
0,0.7734163236622829,0.7764563596049183,0.7704,5000.0
1,0.7751768104392868,0.7721770192498512,0.7782,5000.0
accuracy,0.7743,0.7743,0.7743,0.7743
macro avg,0.7742965670507849,0.7743166894273847,0.7743,10000.0
weighted avg,0.7742965670507849,0.7743166894273847,0.7743,10000.0
