,f1-score,precision,recall,support
0,0.8348869602485804,0.8991460881606277,0.7792,5000.0
1,0.8555357645073591,0.8051879301217575,0.9126,5000.0
accuracy,0.8459,0.8459,0.8459,0.8459
macro avg,0.8452113623779698,0.8521670091411926,0.8459,10000.0
weighted avg,0.8452113623779697,0.8521670091411927,0.8459,10000.0
