,f1-score,precision,recall,support
0,0.8421702872438999,0.8678124336940378,0.818,5000.0
1,0.8509769612131817,0.827879704936637,0.8754,5000.0
accuracy,0.8467,0.8467,0.8467,0.8467
macro avg,0.8465736242285408,0.8478460693153373,0.8467,10000.0
weighted avg,0.8465736242285408,0.8478460693153375,0.8467,10000.0
