,f1-score,precision,recall,support
0,0.8593408878261773,0.8947824204373241,0.8266,5000.0
1,0.8696657354782777,0.8388775320572385,0.9028,5000.0
accuracy,0.8647,0.8647,0.8647,0.8647
macro avg,0.8645033116522276,0.8668299762472813,0.8647,10000.0
weighted avg,0.8645033116522274,0.8668299762472812,0.8647,10000.0
