,f1-score,precision,recall,support
0,0.8179162609542355,0.890879094979967,0.756,5000.0
1,0.8435437389606768,0.7880840715650512,0.9074,5000.0
accuracy,0.8317,0.8317,0.8317,0.8317
macro avg,0.8307299999574562,0.8394815832725091,0.8317,10000.0
weighted avg,0.8307299999574561,0.8394815832725091,0.8317,10000.0
