,f1-score,precision,recall,support
0,0.8444492722137736,0.9241559676652401,0.7774,5000.0
1,0.8673337039095794,0.8079047290300311,0.9362,5000.0
accuracy,0.8568,0.8568,0.8568,0.8568
macro avg,0.8558914880616766,0.8660303483476356,0.8568,10000.0
weighted avg,0.8558914880616765,0.8660303483476357,0.8568,10000.0
