,f1-score,precision,recall,support
0,0.7538705351700596,0.9653449890727444,0.6184,5000.0
1,0.8288547935915912,0.7192879211416802,0.9778,5000.0
accuracy,0.7981,0.7981,0.7981,0.7981
macro avg,0.7913626643808254,0.8423164551072122,0.7981,10000.0
weighted avg,0.7913626643808255,0.8423164551072123,0.7981,10000.0
