,f1-score,precision,recall,support
0,0.8513270804230693,0.8494623655913979,0.8532,5000.0
1,0.8506714772499498,0.8525512253917236,0.8488,5000.0
accuracy,0.851,0.851,0.851,0.851
macro avg,0.8509992788365095,0.8510067954915608,0.851,10000.0
weighted avg,0.8509992788365096,0.8510067954915607,0.851,10000.0
