,f1-score,precision,recall,support
0,0.840772264895163,0.8739749676305567,0.81,5000.0
1,0.8520162068300211,0.8229593738352591,0.8832,5000.0
accuracy,0.8466,0.8466,0.8466,0.8466
macro avg,0.846394235862592,0.8484671707329079,0.8466,10000.0
weighted avg,0.8463942358625922,0.8484671707329078,0.8466,10000.0
