,f1-score,precision,recall,support
0,0.8438373176032288,0.874329830581171,0.8154,5000.0
1,0.8540195414530328,0.827056398725876,0.8828,5000.0
accuracy,0.8491,0.8491,0.8491,0.8491
macro avg,0.8489284295281307,0.8506931146535235,0.8491,10000.0
weighted avg,0.8489284295281307,0.8506931146535235,0.8491,10000.0
