,f1-score,precision,recall,support
0,0.8551490379822551,0.8525144106539455,0.8578,5000.0
1,0.8542481693249072,0.856912859730328,0.8516,5000.0
accuracy,0.8547,0.8547,0.8547,0.8547
macro avg,0.8546986036535811,0.8547136351921367,0.8547,10000.0
weighted avg,0.8546986036535811,0.8547136351921368,0.8547,10000.0
