,f1-score,precision,recall,support
0,0.8628377380776613,0.8581497797356828,0.8675771971496437,3368.0
1,0.8613225854605165,0.8661062743920744,0.8565914489311164,3368.0
accuracy,0.8620843230403801,0.8620843230403801,0.8620843230403801,0.8620843230403801
macro avg,0.862080161769089,0.8621280270638787,0.8620843230403801,6736.0
weighted avg,0.862080161769089,0.8621280270638786,0.8620843230403801,6736.0
