,f1-score,precision,recall,support
0,0.7505946935041171,0.9517401392111369,0.6196374622356495,3310.0
1,0.8372537313432835,0.7357817418677859,0.971191135734072,3610.0
accuracy,0.8030346820809249,0.8030346820809249,0.8030346820809249,0.8030346820809249
macro avg,0.7939242124237003,0.8437609405394614,0.7954142989848607,6920.0
weighted avg,0.7958026597757053,0.8390797614062963,0.8030346820809249,6920.0
