,f1-score,precision,recall,support
0,0.8473748473748474,0.887468030690537,0.8107476635514018,428.0
1,0.8648648648648648,0.8316008316008316,0.9009009009009009,444.0
accuracy,0.856651376146789,0.856651376146789,0.856651376146789,0.856651376146789
macro avg,0.8561198561198561,0.8595344311456843,0.8558242822261514,872.0
weighted avg,0.8562803149959113,0.8590218880347695,0.856651376146789,872.0
