,f1-score,precision,recall,support
0,0.8568181818181818,0.834070796460177,0.8808411214953271,428.0
1,0.8541666666666666,0.8785714285714286,0.831081081081081,444.0
accuracy,0.8555045871559633,0.8555045871559633,0.8555045871559633,0.8555045871559633
macro avg,0.8554924242424242,0.8563211125158028,0.855961101288204,872.0
weighted avg,0.8554680984153461,0.8567293751957226,0.8555045871559633,872.0
