,f1-score,precision,recall,support
0,0.8892983699503898,0.8376502002670227,0.9477341389728097,3310.0
1,0.8848931466470153,0.945511811023622,0.8315789473684211,3610.0
accuracy,0.8871387283236994,0.8871387283236994,0.8871387283236994,0.8871387283236994
macro avg,0.8870957582987026,0.8915810056453224,0.8896565431706154,6920.0
weighted avg,0.8870002693542652,0.8939190463409135,0.8871387283236994,6920.0
