,f1-score,precision,recall,support
0,0.8819599109131403,0.8959276018099548,0.868421052631579,912.0
1,0.8851570964247021,0.871931696905016,0.8987898789878987,909.0
accuracy,0.8835804503020318,0.8835804503020318,0.8835804503020318,0.8835804503020318
macro avg,0.8835585036689212,0.8839296493574854,0.8836054658097389,1821.0
weighted avg,0.883555870072948,0.8839494153417564,0.8835804503020318,1821.0
