,f1-score,precision,recall,support
0,0.8944587045145705,0.8940537277392092,0.8948640483383686,3310.0
1,0.9031453512539838,0.9035209315220405,0.9027700831024931,3610.0
accuracy,0.8989884393063584,0.8989884393063584,0.8989884393063584,0.8989884393063584
macro avg,0.8988020278842772,0.8987873296306248,0.8988170657204309,6920.0
weighted avg,0.898990322250016,0.8989925435854551,0.8989884393063584,6920.0
