,f1-score,precision,recall,support
0,0.7340568475452196,0.7595721925133689,0.7102,5000.0
1,0.7507990314769977,0.727887323943662,0.7752,5000.0
accuracy,0.7427,0.7427,0.7427,0.7427
macro avg,0.7424279395111086,0.7437297582285154,0.7427,10000.0
weighted avg,0.7424279395111087,0.7437297582285155,0.7427,10000.0
