,f1-score,precision,recall,support
0,0.7308698838061342,0.7667471996485834,0.6982,5000.0
1,0.7539006413324398,0.7229667706994676,0.7876,5000.0
accuracy,0.7429,0.7429,0.7429,0.7429
macro avg,0.742385262569287,0.7448569851740254,0.7429,10000.0
weighted avg,0.7423852625692869,0.7448569851740254,0.7429,10000.0
