,f1-score,precision,recall,support
0,0.8126643525823076,0.8571111604171289,0.7726,5000.0
1,0.8302677975793387,0.793009284543965,0.8712,5000.0
accuracy,0.8219,0.8219,0.8219,0.8219
macro avg,0.8214660750808231,0.825060222480547,0.8219,10000.0
weighted avg,0.821466075080823,0.8250602224805469,0.8219,10000.0
