,f1-score,precision,recall,support
0,0.8328572835615089,0.8204929167475257,0.8456,5000.0
1,0.8276632476896516,0.8407262224056117,0.815,5000.0
accuracy,0.8303,0.8303,0.8303,0.8303
macro avg,0.8302602656255802,0.8306095695765687,0.8303,10000.0
weighted avg,0.8302602656255803,0.8306095695765685,0.8303,10000.0
