,f1-score,precision,recall,support
0,0.8351151315789475,0.8591370558375635,0.8124,5000.0
1,0.8438473520249222,0.8220789074355084,0.8668,5000.0
accuracy,0.8396,0.8396,0.8396,0.8396
macro avg,0.8394812418019348,0.8406079816365359,0.8396,10000.0
weighted avg,0.8394812418019348,0.8406079816365359,0.8396,10000.0
