,f1-score,precision,recall,support
0,0.8489119170984457,0.8808602150537634,0.8192,5000.0
1,0.8591304347826088,0.8310280373831775,0.8892,5000.0
accuracy,0.8542,0.8542,0.8542,0.8542
macro avg,0.8540211759405272,0.8559441262184705,0.8542000000000001,10000.0
weighted avg,0.8540211759405273,0.8559441262184704,0.8542,10000.0
