,f1-score,precision,recall,support
0,0.8305225900478866,0.8660442900564481,0.7978,5000.0
1,0.843371175678276,0.8125695216907676,0.8766,5000.0
accuracy,0.8372,0.8372,0.8372,0.8372
macro avg,0.8369468828630813,0.8393069058736078,0.8371999999999999,10000.0
weighted avg,0.8369468828630814,0.8393069058736079,0.8372,10000.0
