,f1-score,precision,recall,support
0,0.8583987441130297,0.9003293084522502,0.8202,5000.0
1,0.8704643370033509,0.8348943985307622,0.9092,5000.0
accuracy,0.8647,0.8647,0.8647,0.8647
macro avg,0.8644315405581904,0.8676118534915063,0.8647,10000.0
weighted avg,0.8644315405581903,0.8676118534915062,0.8647,10000.0
