,f1-score,precision,recall,support
0,0.8256686753356591,0.8757568961650595,0.781,5000.0
1,0.8435632292951333,0.8023822414726584,0.8892,5000.0
accuracy,0.8351,0.8351,0.8351,0.8351
macro avg,0.8346159523153962,0.839069568818859,0.8351,10000.0
weighted avg,0.8346159523153961,0.8390695688188589,0.8351,10000.0
