,f1-score,precision,recall,support
0,0.8730525680972961,0.8775510204081632,0.8686,5000.0
1,0.8743408616058104,0.8699267471787765,0.8788,5000.0
accuracy,0.8737,0.8737,0.8737,0.8737
macro avg,0.8736967148515533,0.8737388837934699,0.8737,10000.0
weighted avg,0.8736967148515534,0.8737388837934699,0.8737,10000.0
