,f1-score,precision,recall,support
0,0.8747363134103465,0.8787083753784056,0.8708,5000.0
1,0.8758586361373818,0.8719524281466798,0.8798,5000.0
accuracy,0.8753,0.8753,0.8753,0.8753
macro avg,0.8752974747738642,0.8753304017625427,0.8753,10000.0
weighted avg,0.8752974747738641,0.8753304017625427,0.8753,10000.0
