,f1-score,precision,recall,support
0,0.838483724763082,0.8644859813084113,0.814,5000.0
1,0.84764865915274,0.8242630385487528,0.8724,5000.0
accuracy,0.8432,0.8432,0.8432,0.8432
macro avg,0.843066191957911,0.844374509928582,0.8432,10000.0
weighted avg,0.843066191957911,0.8443745099285821,0.8432,10000.0
