,f1-score,precision,recall,support
0,0.8464453539487645,0.8646639826571694,0.828978622327791,3368.0
1,0.8526545454545456,0.8357570573139436,0.870249406175772,3368.0
accuracy,0.8496140142517815,0.8496140142517815,0.8496140142517815,0.8496140142517815
macro avg,0.849549949701655,0.8502105199855565,0.8496140142517814,6736.0
weighted avg,0.849549949701655,0.8502105199855565,0.8496140142517815,6736.0
