,f1-score,precision,recall,support
0,0.8439306358381502,0.8352402745995423,0.852803738317757,428.0
1,0.8464163822525598,0.8551724137931035,0.8378378378378378,444.0
accuracy,0.8451834862385321,0.8451834862385321,0.8451834862385321,0.8451834862385321
macro avg,0.8451735090453549,0.8452063441963229,0.8453207880777974,872.0
weighted avg,0.8451963140583312,0.8453892078586492,0.8451834862385321,872.0
