,f1-score,precision,recall,support
0,0.8764986277625306,0.8397453639634652,0.9166163141993958,3310.0
1,0.8763914992048576,0.9165406713032961,0.839612188365651,3610.0
accuracy,0.8764450867052023,0.8764450867052023,0.8764450867052023,0.8764450867052023
macro avg,0.8764450634836941,0.8781430176333807,0.8781142512825234,6920.0
weighted avg,0.8764427413328776,0.8798076557982614,0.8764450867052023,6920.0
