,f1-score,precision,recall,support
0,0.8603603603603603,0.8304347826086956,0.8925233644859814,428.0
1,0.8551401869158879,0.8883495145631068,0.8243243243243243,444.0
accuracy,0.8577981651376146,0.8577981651376146,0.8577981651376146,0.8577981651376146
macro avg,0.8577502736381242,0.8593921485859013,0.8584238444051528,872.0
weighted avg,0.8577023821386336,0.8599234764019967,0.8577981651376146,872.0
