,f1-score,precision,recall,support
0,0.8833753854779927,0.8240062761506276,0.9519637462235649,3310.0
1,0.8759320011929616,0.9486434108527132,0.813573407202216,3610.0
accuracy,0.8797687861271676,0.8797687861271676,0.8797687861271676,0.8797687861271676
macro avg,0.879653693335477,0.8863248435016704,0.8827685767128906,6920.0
weighted avg,0.879492348300397,0.8890265154966578,0.8797687861271676,6920.0
