,f1-score,precision,recall,support
0,0.8958924570575056,0.8859675036927622,0.9060422960725075,3310.0
1,0.9024492652204338,0.9120226308345121,0.8930747922437673,3610.0
accuracy,0.8992774566473989,0.8992774566473989,0.8992774566473989,0.8992774566473989
macro avg,0.8991708611389697,0.8989950672636371,0.8995585441581374,6920.0
weighted avg,0.8993129884835418,0.8995598460311607,0.8992774566473989,6920.0
