,f1-score,precision,recall,support
0,0.8258221680876979,0.8625954198473282,0.7920560747663551,428.0
1,0.8450704225352113,0.81419624217119,0.8783783783783784,444.0
accuracy,0.8360091743119266,0.8360091743119266,0.8360091743119266,0.8360091743119266
macro avg,0.8354462953114545,0.8383958310092592,0.8352172265723667,872.0
weighted avg,0.8356228848017988,0.837951801856267,0.8360091743119266,872.0
