,f1-score,precision,recall,support
0,0.8366677599212856,0.9149928263988523,0.7706948640483384,3310.0
1,0.8713510720743994,0.8163117134559535,0.9343490304709141,3610.0
accuracy,0.8560693641618498,0.8560693641618498,0.8560693641618498,0.8560693641618498
macro avg,0.8540094159978425,0.865652269927403,0.8525219472596263,6920.0
weighted avg,0.8547612218971152,0.8635132284618776,0.8560693641618498,6920.0
