,f1-score,precision,recall,support
0,0.890563762435936,0.8886883273164862,0.8924471299093656,3310.0
1,0.8992506244796002,0.9010011123470523,0.8975069252077562,3610.0
accuracy,0.8950867052023121,0.8950867052023121,0.8950867052023121,0.8950867052023121
macro avg,0.8949071934577681,0.8948447198317693,0.8949770275585609,6920.0
weighted avg,0.8950954924905065,0.8951116154610446,0.8950867052023121,6920.0
