,f1-score,precision,recall,support
0,0.8265060240963855,0.8532338308457711,0.8014018691588785,428.0
1,0.8424507658643327,0.8191489361702128,0.8671171171171171,444.0
accuracy,0.8348623853211009,0.8348623853211009,0.8348623853211009,0.8348623853211009
macro avg,0.8344783949803591,0.8361913835079919,0.8342594931379979,872.0
weighted avg,0.8346246770149273,0.8358786780522529,0.8348623853211009,872.0
