,f1-score,precision,recall,support
0,0.8471882640586796,0.8571428571428571,0.8374622356495468,3310.0
1,0.8629385964912281,0.8540423223005968,0.87202216066482,3610.0
accuracy,0.8554913294797688,0.8554913294797688,0.8554913294797688,0.8554913294797688
macro avg,0.8550634302749538,0.8555925897217269,0.8547421981571834,6920.0
weighted avg,0.8554048392149658,0.8555253815965336,0.8554913294797688,6920.0
