,f1-score,precision,recall,support
0,0.8254364089775561,0.8850267379679144,0.7733644859813084,428.0
1,0.851380042462845,0.8052208835341366,0.9031531531531531,444.0
accuracy,0.8394495412844036,0.8394495412844036,0.8394495412844036,0.8394495412844036
macro avg,0.8384082257202006,0.8451238107510255,0.8382588195672307,872.0
weighted avg,0.8386462407063041,0.8443916469488807,0.8394495412844036,872.0
