,f1-score,precision,recall,support
0,0.8632075471698114,0.9,0.8293051359516617,3310.0
1,0.8836898395721926,0.8540051679586563,0.9155124653739612,3610.0
accuracy,0.8742774566473989,0.8742774566473989,0.8742774566473989,0.8742774566473989
macro avg,0.873448693371002,0.8770025839793282,0.8724088006628115,6920.0
weighted avg,0.8738926736976432,0.8760055861749638,0.8742774566473989,6920.0
