,f1-score,precision,recall,support
0,0.8442330558858502,0.8595641646489104,0.8294392523364486,428.0
1,0.8549280177187153,0.840958605664488,0.8693693693693694,444.0
accuracy,0.8497706422018348,0.8497706422018348,0.8497706422018348,0.8497706422018348
macro avg,0.8495805368022827,0.8502613851566991,0.849404310852909,872.0
weighted avg,0.8496786557181806,0.8500906919550073,0.8497706422018348,872.0
