,f1-score,precision,recall,support
0,0.6764140053866873,0.6515937731653076,0.7032,5000.0
1,0.6497292794668887,0.6776715899218071,0.624,5000.0
accuracy,0.6636,0.6636,0.6636,0.6636
macro avg,0.663071642426788,0.6646326815435574,0.6636,10000.0
weighted avg,0.6630716424267881,0.6646326815435574,0.6636,10000.0
