,f1-score,precision,recall,support
0,0.7225433526011561,0.9079903147699758,0.6,5000.0
1,0.8030095759233927,0.7013142174432497,0.9392,5000.0
accuracy,0.7696,0.7696,0.7696,0.7696
macro avg,0.7627764642622744,0.8046522661066128,0.7696000000000001,10000.0
weighted avg,0.7627764642622744,0.8046522661066129,0.7696,10000.0
