,f1-score,precision,recall,support
0,0.7736943907156675,0.8973343890208498,0.68,5000.0
1,0.8225849611988226,0.7423925293833521,0.9222,5000.0
accuracy,0.8011,0.8011,0.8011,0.8011
macro avg,0.798139675957245,0.819863459202101,0.8011,10000.0
weighted avg,0.798139675957245,0.819863459202101,0.8011,10000.0
