,f1-score,precision,recall,support
0,0.8314188140329091,0.8614625777396526,0.8034,5000.0
1,0.8424107574731547,0.8158141277871463,0.8708,5000.0
accuracy,0.8371,0.8371,0.8371,0.8371
macro avg,0.8369147857530319,0.8386383527633995,0.8371,10000.0
weighted avg,0.8369147857530319,0.8386383527633996,0.8371,10000.0
