,f1-score,precision,recall,support
0,0.8553637135578829,0.8096088587247723,0.9066,5000.0
1,0.8369322412509307,0.8938877527834583,0.7868,5000.0
accuracy,0.8467,0.8467,0.8467,0.8467
macro avg,0.8461479774044067,0.8517483057541153,0.8467,10000.0
weighted avg,0.8461479774044068,0.8517483057541154,0.8467,10000.0
