,f1-score,precision,recall,support
0,0.8394354673757414,0.8589367936375052,0.8208,5000.0
1,0.8464097045587947,0.8284182305630027,0.8652,5000.0
accuracy,0.843,0.843,0.843,0.843
macro avg,0.842922585967268,0.843677512100254,0.843,10000.0
weighted avg,0.8429225859672681,0.843677512100254,0.843,10000.0
