,f1-score,precision,recall,support
0,0.8549602560132137,0.8835075741412417,0.8282,5000.0
1,0.8637641811306118,0.8383210991906644,0.8908,5000.0
accuracy,0.8595,0.8595,0.8595,0.8595
macro avg,0.8593622185719128,0.8609143366659531,0.8595,10000.0
weighted avg,0.8593622185719126,0.860914336665953,0.8595,10000.0
