,f1-score,precision,recall,support
0,0.8636409787795716,0.8770880593936894,0.8506,5000.0
1,0.8676977637671166,0.8549796156086197,0.8808,5000.0
accuracy,0.8657,0.8657,0.8657,0.8657
macro avg,0.8656693712733441,0.8660338375011545,0.8657,10000.0
weighted avg,0.8656693712733441,0.8660338375011546,0.8657,10000.0
