,f1-score,precision,recall,support
0,0.8493257009799167,0.824759751271905,0.8754,5000.0
1,0.8397812854637366,0.8672490943959088,0.814,5000.0
accuracy,0.8447,0.8447,0.8447,0.8447
macro avg,0.8445534932218266,0.846004422833907,0.8447,10000.0
weighted avg,0.8445534932218266,0.846004422833907,0.8447,10000.0
