,f1-score,precision,recall,support
0,0.869582271033536,0.8530203924586379,0.8868,5000.0
1,0.8643134054274638,0.8821324448146606,0.8472,5000.0
accuracy,0.867,0.867,0.867,0.867
macro avg,0.8669478382304999,0.8675764186366492,0.867,10000.0
weighted avg,0.8669478382304998,0.8675764186366494,0.867,10000.0
