,f1-score,precision,recall,support
0,0.8421694088970141,0.8555509698720595,0.8292,5000.0
1,0.8469568642899351,0.8343034536282499,0.86,5000.0
accuracy,0.8446,0.8446,0.8446,0.8446
macro avg,0.8445631365934746,0.8449272117501547,0.8446,10000.0
weighted avg,0.8445631365934745,0.8449272117501547,0.8446,10000.0
