,f1-score,precision,recall,support
0,0.859712797853874,0.8999008919722498,0.8229607250755288,3310.0
1,0.8815140610422497,0.8494734138196763,0.9160664819944598,3610.0
accuracy,0.8715317919075144,0.8715317919075144,0.8715317919075144,0.8715317919075144
macro avg,0.8706134294480619,0.874687152895963,0.8695136035349943,6920.0
weighted avg,0.8710860001819138,0.8735940717221357,0.8715317919075144,6920.0
