,f1-score,precision,recall,support
0,0.8847900113507379,0.8341359015516319,0.9419939577039275,3310.0
1,0.8804475853945818,0.9396605908233815,0.8282548476454293,3610.0
accuracy,0.8826589595375722,0.8826589595375722,0.8826589595375722,0.8826589595375722
macro avg,0.8826187983726599,0.8868982461875067,0.8851244026746784,6920.0
weighted avg,0.8825246706423963,0.8891856310705649,0.8826589595375722,6920.0
