,f1-score,precision,recall,support
0,0.8088779284833539,0.856396866840731,0.7663551401869159,428.0
1,0.8338692390139336,0.7955010224948875,0.8761261261261262,444.0
accuracy,0.8222477064220184,0.8222477064220184,0.8222477064220184,0.8222477064220184
macro avg,0.8213735837486438,0.8259489446678092,0.821240633156521,872.0
weighted avg,0.8216028618269059,0.8253902671967465,0.8222477064220184,872.0
