,f1-score,precision,recall,support
0,0.8192771084337348,0.845771144278607,0.794392523364486,428.0
1,0.8358862144420129,0.8127659574468085,0.8603603603603603,444.0
accuracy,0.8279816513761468,0.8279816513761468,0.8279816513761468,0.8279816513761468
macro avg,0.8275816614378739,0.8292685508627078,0.8273764418624232,872.0
weighted avg,0.8277340385572158,0.8289657509835169,0.8279816513761468,872.0
