,f1-score,precision,recall,support
0,0.8509615384615384,0.8463837417812313,0.8555891238670695,3310.0
1,0.8619153674832962,0.8662562954672636,0.8576177285318559,3610.0
accuracy,0.8566473988439306,0.8566473988439306,0.8566473988439306,0.8566473988439306
macro avg,0.8564384529724174,0.8563200186242474,0.8566034261994627,6920.0
weighted avg,0.8566758914627735,0.856750782071199,0.8566473988439306,6920.0
