,f1-score,precision,recall,support
0,0.8125,0.8736559139784946,0.7593457943925234,428.0
1,0.8411016949152543,0.794,0.8941441441441441,444.0
accuracy,0.8279816513761468,0.8279816513761468,0.8279816513761468,0.8279816513761468
macro avg,0.8268008474576272,0.8338279569892473,0.8267449692683337,872.0
weighted avg,0.8270632483284094,0.8330971687876098,0.8279816513761468,872.0
