,f1-score,precision,recall,support
0,0.8412151581584716,0.8732119635890767,0.8114803625377643,3310.0
1,0.8639656560236116,0.8376690946930281,0.8919667590027701,3610.0
accuracy,0.8534682080924856,0.8534682080924856,0.8534682080924856,0.8534682080924856
macro avg,0.8525904070910416,0.8554405291410524,0.8517235607702672,6920.0
weighted avg,0.8530835537210664,0.8546700912314561,0.8534682080924856,6920.0
