,f1-score,precision,recall,support
0,0.8597387847813742,0.8916372202591284,0.8300438596491229,912.0
1,0.8686868686868687,0.8405349794238683,0.8987898789878987,909.0
accuracy,0.8643602416254805,0.8643602416254805,0.8643602416254805,0.8643602416254805
macro avg,0.8642128267341215,0.8660860998414983,0.8644168693185108,1821.0
weighted avg,0.8642054559895535,0.866128193944328,0.8643602416254805,1821.0
