,f1-score,precision,recall,support
0,0.730093295725754,0.7977714556661926,0.673,5000.0
1,0.7692450380263401,0.7172258734002075,0.8294,5000.0
accuracy,0.7512,0.7512,0.7512,0.7512
macro avg,0.7496691668760471,0.7574986645332,0.7512000000000001,10000.0
weighted avg,0.7496691668760471,0.7574986645332,0.7512,10000.0
