,f1-score,precision,recall,support
0,0.7207227057397819,0.8023056168751533,0.6542,5000.0
1,0.7679209008514144,0.7080871180145196,0.8388,5000.0
accuracy,0.7465,0.7465,0.7465,0.7465
macro avg,0.7443218032955982,0.7551963674448365,0.7464999999999999,10000.0
weighted avg,0.7443218032955982,0.7551963674448365,0.7465,10000.0
