,f1-score,precision,recall,support
0,0.7901315789473685,0.8745145631067961,0.7206,5000.0
1,0.8240808823529412,0.7624149659863946,0.8966,5000.0
accuracy,0.8086,0.8086,0.8086,0.8086
macro avg,0.8071062306501549,0.8184647645465953,0.8086,10000.0
weighted avg,0.8071062306501549,0.8184647645465953,0.8086,10000.0
