,f1-score,precision,recall,support
0,0.8404684200422347,0.808047249907715,0.8756,5000.0
1,0.8265497808390733,0.8642514185945002,0.792,5000.0
accuracy,0.8338,0.8338,0.8338,0.8338
macro avg,0.833509100440654,0.8361493342511076,0.8338000000000001,10000.0
weighted avg,0.8335091004406541,0.8361493342511076,0.8338,10000.0
