,f1-score,precision,recall,support
0,0.8372186900797255,0.8449786107150132,0.8296,5000.0
1,0.8401545932018631,0.8326458456098998,0.8478,5000.0
accuracy,0.8387,0.8387,0.8387,0.8387
macro avg,0.8386866416407943,0.8388122281624566,0.8387,10000.0
weighted avg,0.8386866416407942,0.8388122281624565,0.8387,10000.0
