,f1-score,precision,recall,support
0,0.8464236990839993,0.8253515773470164,0.8686,5000.0
1,0.838159786403779,0.8613338961587168,0.8162,5000.0
accuracy,0.8424,0.8424,0.8424,0.8424
macro avg,0.8422917427438892,0.8433427367528665,0.8424,10000.0
weighted avg,0.842291742743889,0.8433427367528666,0.8424,10000.0
