,f1-score,precision,recall,support
0,0.8629327329017732,0.8126877540201449,0.9198,5000.0
1,0.8435927630874638,0.9076249712047916,0.788,5000.0
accuracy,0.8539,0.8539,0.8539,0.8539
macro avg,0.8532627479946184,0.8601563626124682,0.8539,10000.0
weighted avg,0.8532627479946184,0.8601563626124684,0.8539,10000.0
