,f1-score,precision,recall,support
0,0.8694313282693491,0.8930830873049346,0.847,5000.0
1,0.8759992201208813,0.8545074172689235,0.8986,5000.0
accuracy,0.8728,0.8728,0.8728,0.8728
macro avg,0.8727152741951152,0.873795252286929,0.8728,10000.0
weighted avg,0.8727152741951151,0.8737952522869291,0.8728,10000.0
