,f1-score,precision,recall,support
0,0.8729202817188935,0.8913904523660621,0.8552,5000.0
1,0.8779770655689503,0.8608495098981357,0.8958,5000.0
accuracy,0.8755,0.8755,0.8755,0.8755
macro avg,0.8754486736439219,0.8761199811320989,0.8755,10000.0
weighted avg,0.875448673643922,0.8761199811320989,0.8755,10000.0
