,f1-score,precision,recall,support
0,0.8418666941382507,0.8680688336520076,0.8172,5000.0
1,0.8508695229767803,0.8273191006990365,0.8758,5000.0
accuracy,0.8465,0.8465,0.8465,0.8465
macro avg,0.8463681085575154,0.847693967175522,0.8465,10000.0
weighted avg,0.8463681085575155,0.8476939671755219,0.8465,10000.0
