,f1-score,precision,recall,support
0,0.8466639871382637,0.850767366720517,0.8426,5000.0
1,0.8481289808917198,0.8440966719492868,0.8522,5000.0
accuracy,0.8474,0.8474,0.8474,0.8474
macro avg,0.8473964840149918,0.8474320193349019,0.8473999999999999,10000.0
weighted avg,0.8473964840149918,0.847432019334902,0.8474,10000.0
