,f1-score,precision,recall,support
0,0.8559069212410501,0.8600119904076738,0.8518408551068883,3368.0
1,0.8572695035460993,0.8532352941176471,0.8613420427553444,3368.0
accuracy,0.8565914489311164,0.8565914489311164,0.8565914489311164,0.8565914489311164
macro avg,0.8565882123935746,0.8566236422626605,0.8565914489311164,6736.0
weighted avg,0.8565882123935746,0.8566236422626605,0.8565914489311164,6736.0
