,f1-score,precision,recall,support
0,0.8779943158749492,0.8913849958779885,0.865,5000.0
1,0.8815530153724872,0.8688811188811189,0.8946,5000.0
accuracy,0.8798,0.8798,0.8798,0.8798
macro avg,0.8797736656237183,0.8801330573795536,0.8797999999999999,10000.0
weighted avg,0.8797736656237183,0.8801330573795538,0.8798,10000.0
