,f1-score,precision,recall,support
0,0.8399570354457573,0.7773359840954275,0.9135514018691588,428.0
1,0.8167281672816729,0.8997289972899729,0.7477477477477478,444.0
accuracy,0.8291284403669725,0.8291284403669725,0.8291284403669725,0.8291284403669725
macro avg,0.8283426013637151,0.8385324906927002,0.8306495748084533,872.0
weighted avg,0.8281294924814757,0.8396553623733841,0.8291284403669725,872.0
