,f1-score,precision,recall,support
0,0.8446939321037157,0.7574304889741131,0.9546827794561934,3310.0
1,0.8172381251966028,0.9454148471615721,0.7196675900277009,3610.0
accuracy,0.8320809248554913,0.8320809248554913,0.8320809248554913,0.8320809248554913
macro avg,0.8309660286501592,0.8514226680678426,0.8371751847419471,6920.0
weighted avg,0.8303708883270281,0.855497473519883,0.8320809248554913,6920.0
