,f1-score,precision,recall,support
0,0.8520578420467185,0.8131634819532909,0.8948598130841121,428.0
1,0.8426035502958581,0.8877805486284289,0.8018018018018018,444.0
accuracy,0.8474770642201835,0.8474770642201835,0.8474770642201835,0.8474770642201835
macro avg,0.8473306961712883,0.8504720152908599,0.848330807442957,872.0
weighted avg,0.8472439595497208,0.851156575535586,0.8474770642201835,872.0
