,f1-score,precision,recall,support
0,0.8357843137254902,0.8788659793814433,0.7967289719626168,428.0
1,0.8556034482758621,0.8202479338842975,0.8941441441441441,444.0
accuracy,0.8463302752293578,0.8463302752293578,0.8463302752293578,0.8463302752293578
macro avg,0.8456938810006762,0.8495569566328705,0.8454365580533805,872.0
weighted avg,0.8458757079231567,0.8490191763989515,0.8463302752293578,872.0
