,f1-score,precision,recall,support
0,0.8704980842911877,0.8833592534992224,0.8580060422960725,3310.0
1,0.8844839371155162,0.873144399460189,0.8961218836565097,3610.0
accuracy,0.8778901734104047,0.8778901734104047,0.8778901734104047,0.8778901734104047
macro avg,0.877491010703352,0.8782518264797057,0.8770639629762911,6920.0
weighted avg,0.8777941722530123,0.878030406233195,0.8778901734104047,6920.0
