,f1-score,precision,recall,support
0,0.8308457711442787,0.8882978723404256,0.780373831775701,428.0
1,0.8553191489361701,0.8104838709677419,0.9054054054054054,444.0
accuracy,0.8440366972477065,0.8440366972477065,0.8440366972477065,0.8440366972477065
macro avg,0.8430824600402245,0.8493908716540837,0.8428896185905532,872.0
weighted avg,0.8433069864419849,0.8486769817332335,0.8440366972477065,872.0
