,f1-score,precision,recall,support
0,0.8429884139033161,0.7537508930697785,0.9561933534743202,3310.0
1,0.8137734954983414,0.9467107680999632,0.7135734072022161,3610.0
accuracy,0.8296242774566474,0.8296242774566474,0.8296242774566474,0.8296242774566474
macro avg,0.8283809547008287,0.8502308305848709,0.8348833803382681,6920.0
weighted avg,0.8277476833481198,0.8544134868355252,0.8296242774566474,6920.0
