,f1-score,precision,recall,support
0,0.8513053348467651,0.8278145695364238,0.8761682242990654,428.0
1,0.8482039397450755,0.8735083532219571,0.8243243243243243,444.0
accuracy,0.8497706422018348,0.8497706422018348,0.8497706422018348,0.8497706422018348
macro avg,0.8497546372959203,0.8506614613791905,0.8502462743116949,872.0
weighted avg,0.8497261841298497,0.8510806704038284,0.8497706422018348,872.0
