,f1-score,precision,recall,support
0,0.8746272895073122,0.8250736672917225,0.9305135951661632,3310.0
1,0.8700897454759453,0.9278318167555695,0.8191135734072023,3610.0
accuracy,0.8723988439306358,0.8723988439306358,0.8723988439306358,0.8723988439306358
macro avg,0.8723585174916287,0.876452742023646,0.8748135842866827,6920.0
weighted avg,0.8722601603233188,0.878680158558267,0.8723988439306358,6920.0
