,f1-score,precision,recall,support
0,0.8747029938222715,0.9194139194139194,0.8341389728096676,3310.0
1,0.8949116513883354,0.8598417155986725,0.9329639889196676,3610.0
accuracy,0.8856936416184971,0.8856936416184971,0.8856936416184971,0.8856936416184971
macro avg,0.8848073226053035,0.8896278175062959,0.8835514808646676,6920.0
weighted avg,0.885245371540984,0.8883365125103008,0.8856936416184971,6920.0
