,f1-score,precision,recall,support
0,0.8965210954848261,0.878955007256894,0.9148036253776435,3310.0
1,0.9013408609738885,0.9188489208633094,0.8844875346260388,3610.0
accuracy,0.8989884393063584,0.8989884393063584,0.8989884393063584,0.8989884393063584
macro avg,0.8989309782293573,0.8989019640601017,0.8996455800018411,6920.0
weighted avg,0.8990354529148138,0.8997667165226686,0.8989884393063584,6920.0
