,f1-score,precision,recall,support
0,0.7684415717656715,0.7889193174636613,0.749,5000.0
1,0.779869306544426,0.7610889015800495,0.7996,5000.0
accuracy,0.7743,0.7743,0.7743,0.7743
macro avg,0.7741554391550487,0.7750041095218554,0.7743,10000.0
weighted avg,0.7741554391550488,0.7750041095218554,0.7743,10000.0
