,f1-score,precision,recall,support
0,0.7634577192432319,0.7996496606087147,0.7304,5000.0
1,0.7830921115690596,0.75188661881097,0.817,5000.0
accuracy,0.7737,0.7737,0.7737,0.7737
macro avg,0.7732749154061458,0.7757681397098424,0.7737,10000.0
weighted avg,0.7732749154061458,0.7757681397098423,0.7737,10000.0
