,f1-score,precision,recall,support
0,0.8297613476836686,0.7797713280562885,0.8866,5000.0
1,0.804723564143854,0.8685979142526072,0.7496,5000.0
accuracy,0.8181,0.8181,0.8181,0.8181
macro avg,0.8172424559137613,0.8241846211544479,0.8181,10000.0
weighted avg,0.8172424559137613,0.8241846211544478,0.8181,10000.0
