,f1-score,precision,recall,support
0,0.8354069712223383,0.7954422137818774,0.8796,5000.0
1,0.8170203779959878,0.8653545068217401,0.7738,5000.0
accuracy,0.8267,0.8267,0.8267,0.8267
macro avg,0.8262136746091631,0.8303983603018088,0.8267,10000.0
weighted avg,0.826213674609163,0.8303983603018089,0.8267,10000.0
