,f1-score,precision,recall,support
0,0.844248451867142,0.795157299399081,0.8998,5000.0
1,0.8223078569899379,0.8846153846153846,0.7682,5000.0
accuracy,0.834,0.834,0.834,0.834
macro avg,0.8332781544285399,0.8398863420072328,0.8340000000000001,10000.0
weighted avg,0.83327815442854,0.8398863420072328,0.834,10000.0
