,f1-score,precision,recall,support
0,0.8626230166700141,0.8662767244856797,0.859,5000.0
1,0.8637721569408484,0.860174533915113,0.8674,5000.0
accuracy,0.8632,0.8632,0.8632,0.8632
macro avg,0.8631975868054312,0.8632256292003964,0.8632,10000.0
weighted avg,0.8631975868054312,0.8632256292003964,0.8632,10000.0
