,f1-score,precision,recall,support
0,0.8742612594253107,0.8911508101371002,0.858,5000.0
1,0.8788533280973886,0.8630929425376013,0.8952,5000.0
accuracy,0.8766,0.8766,0.8766,0.8766
macro avg,0.8765572937613497,0.8771218763373507,0.8766,10000.0
weighted avg,0.8765572937613497,0.8771218763373508,0.8766,10000.0
