,f1-score,precision,recall,support
0,0.8514319809069213,0.8467167721518988,0.8562,5000.0
1,0.8497586484312147,0.8545711974110033,0.845,5000.0
accuracy,0.8506,0.8506,0.8506,0.8506
macro avg,0.850595314669068,0.8506439847814511,0.8506,10000.0
weighted avg,0.8505953146690681,0.8506439847814511,0.8506,10000.0
