,f1-score,precision,recall,support
0,0.8240112081043216,0.8934330451039962,0.7646,5000.0
1,0.8476821192052981,0.7942667365845132,0.9088,5000.0
accuracy,0.8367,0.8367,0.8367,0.8367
macro avg,0.8358466636548099,0.8438498908442547,0.8367,10000.0
weighted avg,0.8358466636548099,0.8438498908442547,0.8367,10000.0
