,f1-score,precision,recall,support
0,0.8612068965517241,0.9336448598130841,0.7992,5000.0
1,0.8798507462686568,0.8244755244755245,0.9432,5000.0
accuracy,0.8712,0.8712,0.8712,0.8712
macro avg,0.8705288214101905,0.8790601921443043,0.8712,10000.0
weighted avg,0.8705288214101904,0.8790601921443042,0.8712,10000.0
