,f1-score,precision,recall,support
0,0.8486935385861859,0.8596635207221994,0.838,5000.0
1,0.8524590163934427,0.8419820522824815,0.8632,5000.0
accuracy,0.8506,0.8506,0.8506,0.8506
macro avg,0.8505762774898142,0.8508227865023404,0.8506,10000.0
weighted avg,0.8505762774898143,0.8508227865023403,0.8506,10000.0
