,f1-score,precision,recall,support
0,0.8569292868889222,0.8629930743751882,0.8509501187648456,3368.0
1,0.8589119858469704,0.8530014641288434,0.8649049881235155,3368.0
accuracy,0.8579275534441805,0.8579275534441805,0.8579275534441805,0.8579275534441805
macro avg,0.8579206363679464,0.8579972692520158,0.8579275534441806,6736.0
weighted avg,0.8579206363679464,0.8579972692520158,0.8579275534441805,6736.0
