,f1-score,precision,recall,support
0,0.8816151728357295,0.8993135011441648,0.8646,5000.0
1,0.8860983027567939,0.869632197188523,0.9032,5000.0
accuracy,0.8839,0.8839,0.8839,0.8839
macro avg,0.8838567377962617,0.8844728491663438,0.8839,10000.0
weighted avg,0.8838567377962617,0.8844728491663438,0.8839,10000.0
