,f1-score,precision,recall,support
0,0.8086822896657703,0.7779009608277901,0.842,5000.0
1,0.7922403003754694,0.8278116826503923,0.7596,5000.0
accuracy,0.8008,0.8008,0.8008,0.8008
macro avg,0.8004612950206198,0.8028563217390912,0.8008,10000.0
weighted avg,0.8004612950206198,0.8028563217390913,0.8008,10000.0
