,f1-score,precision,recall,support
0,0.8402344488561165,0.7967013266403729,0.8888,5000.0
1,0.8206325620887285,0.8742650384441429,0.7732,5000.0
accuracy,0.831,0.831,0.831,0.831
macro avg,0.8304335054724226,0.835483182542258,0.831,10000.0
weighted avg,0.8304335054724227,0.8354831825422577,0.831,10000.0
