,f1-score,precision,recall,support
0,0.8520767081044618,0.8222056909057095,0.8842,5000.0
1,0.8404863348228204,0.8747566515249838,0.8088,5000.0
accuracy,0.8465,0.8465,0.8465,0.8465
macro avg,0.8462815214636411,0.8484811712153466,0.8465,10000.0
weighted avg,0.8462815214636412,0.8484811712153467,0.8465,10000.0
