,f1-score,precision,recall,support
0,0.8517356344381252,0.8355136590996537,0.8686,5000.0
1,0.8457457661701693,0.8631820074968763,0.829,5000.0
accuracy,0.8488,0.8488,0.8488,0.8488
macro avg,0.8487407003041472,0.849347833298265,0.8488,10000.0
weighted avg,0.8487407003041472,0.8493478332982649,0.8488,10000.0
