,f1-score,precision,recall,support
0,0.8741314274369665,0.867757193535672,0.8806,5000.0
1,0.8722546846665323,0.8788063337393422,0.8658,5000.0
accuracy,0.8732,0.8732,0.8732,0.8732
macro avg,0.8731930560517494,0.8732817636375072,0.8732,10000.0
weighted avg,0.8731930560517495,0.8732817636375072,0.8732,10000.0
