,f1-score,precision,recall,support
0,0.8496254681647939,0.7987676056338028,0.9074,5000.0
1,0.8276824034334764,0.892824074074074,0.7714,5000.0
accuracy,0.8394,0.8394,0.8394,0.8394
macro avg,0.8386539357991352,0.8457958398539385,0.8393999999999999,10000.0
weighted avg,0.838653935799135,0.8457958398539384,0.8394,10000.0
