,f1-score,precision,recall,support
0,0.8537189264137864,0.8455954483029233,0.862,5000.0
1,0.8508532767848127,0.8592698347950235,0.8426,5000.0
accuracy,0.8523,0.8523,0.8523,0.8523
macro avg,0.8522861015992995,0.8524326415489734,0.8523000000000001,10000.0
weighted avg,0.8522861015992996,0.8524326415489734,0.8523,10000.0
