,f1-score,precision,recall,support
0,0.8548656892649809,0.8413712957582801,0.8688,5000.0
1,0.8500559113550878,0.8643787471573289,0.8362,5000.0
accuracy,0.8525,0.8525,0.8525,0.8525
macro avg,0.8524608003100344,0.8528750214578045,0.8525,10000.0
weighted avg,0.8524608003100344,0.8528750214578046,0.8525,10000.0
