,f1-score,precision,recall,support
0,0.8575305291723203,0.8318916886047386,0.8848,5000.0
1,0.8481718653170833,0.8769756514310124,0.8212,5000.0
accuracy,0.853,0.853,0.853,0.853
macro avg,0.8528511972447018,0.8544336700178755,0.853,10000.0
weighted avg,0.8528511972447018,0.8544336700178755,0.853,10000.0
