,f1-score,precision,recall,support
0,0.8862075730822052,0.8696572968810166,0.9034,5000.0
1,0.8817050785233531,0.8995006242197253,0.8646,5000.0
accuracy,0.884,0.884,0.884,0.884
macro avg,0.8839563258027792,0.8845789605503709,0.884,10000.0
weighted avg,0.8839563258027793,0.8845789605503709,0.884,10000.0
