,f1-score,precision,recall,support
0,0.8869987849331713,0.8982772764561116,0.876,5000.0
1,0.8897668905570921,0.8790007806401249,0.9008,5000.0
accuracy,0.8884,0.8884,0.8884,0.8884
macro avg,0.8883828377451317,0.8886390285481183,0.8884000000000001,10000.0
weighted avg,0.8883828377451318,0.8886390285481183,0.8884,10000.0
