,f1-score,precision,recall,support
0,0.7953325072284179,0.8221605465414176,0.7702,5000.0
1,0.8078712679333075,0.7838600451467269,0.8334,5000.0
accuracy,0.8018,0.8018,0.8018,0.8018
macro avg,0.8016018875808627,0.8030102958440722,0.8018000000000001,10000.0
weighted avg,0.8016018875808627,0.8030102958440722,0.8018,10000.0
