,f1-score,precision,recall,support
0,0.8053485313459009,0.8908826382153249,0.7348,5000.0
1,0.8367046708348658,0.7743362831858407,0.91,5000.0
accuracy,0.8224,0.8224,0.8224,0.8224
macro avg,0.8210266010903833,0.8326094607005827,0.8224,10000.0
weighted avg,0.8210266010903834,0.8326094607005827,0.8224,10000.0
