,f1-score,precision,recall,support
0,0.811845199914475,0.8720716582452916,0.7594,5000.0
1,0.8346796919030622,0.7869287991498406,0.8886,5000.0
accuracy,0.824,0.824,0.824,0.824
macro avg,0.8232624459087686,0.8295002286975661,0.824,10000.0
weighted avg,0.8232624459087686,0.8295002286975661,0.824,10000.0
