,f1-score,precision,recall,support
0,0.8239466895958727,0.8905669144981413,0.7666,5000.0
1,0.8468586387434556,0.7951193820224719,0.9058,5000.0
accuracy,0.8362,0.8362,0.8362,0.8362
macro avg,0.8354026641696641,0.8428431482603066,0.8362,10000.0
weighted avg,0.835402664169664,0.8428431482603066,0.8362,10000.0
