,f1-score,precision,recall,support
0,0.817398702541742,0.8728139904610492,0.7686,5000.0
1,0.8379730112295933,0.7932821154189744,0.888,5000.0
accuracy,0.8283,0.8283,0.8283,0.8283
macro avg,0.8276858568856676,0.8330480529400118,0.8283,10000.0
weighted avg,0.8276858568856676,0.8330480529400118,0.8283,10000.0
