,f1-score,precision,recall,support
0,0.8374879640526371,0.9003910743041178,0.7828,5000.0
1,0.8574110579179574,0.8078896161330267,0.9134,5000.0
accuracy,0.8481,0.8481,0.8481,0.8481
macro avg,0.8474495109852973,0.8541403452185723,0.8481000000000001,10000.0
weighted avg,0.8474495109852973,0.8541403452185723,0.8481,10000.0
