,f1-score,precision,recall,support
0,0.8634679149600156,0.8425961172440045,0.8854,5000.0
1,0.8563513236199466,0.8792667509481669,0.8346,5000.0
accuracy,0.86,0.86,0.86,0.86
macro avg,0.8599096192899811,0.8609314340960856,0.86,10000.0
weighted avg,0.8599096192899811,0.8609314340960856,0.86,10000.0
