,f1-score,precision,recall,support
0,0.8537938252223967,0.8954994511525796,0.8158,5000.0
1,0.8662517951172811,0.8308539944903581,0.9048,5000.0
accuracy,0.8603,0.8603,0.8603,0.8603
macro avg,0.8600228101698388,0.8631767228214688,0.8603000000000001,10000.0
weighted avg,0.8600228101698388,0.8631767228214688,0.8603,10000.0
