,f1-score,precision,recall,support
0,0.8075446869174251,0.8939062879339645,0.7364,5000.0
1,0.8387096774193549,0.7758884543444993,0.9126,5000.0
accuracy,0.8245,0.8245,0.8245,0.8245
macro avg,0.82312718216839,0.8348973711392319,0.8245,10000.0
weighted avg,0.82312718216839,0.8348973711392318,0.8245,10000.0
