,f1-score,precision,recall,support
0,0.8374897792313983,0.8563963210702341,0.8194,5000.0
1,0.8443617854346124,0.8268788343558282,0.8626,5000.0
accuracy,0.841,0.841,0.841,0.841
macro avg,0.8409257823330054,0.8416375777130312,0.841,10000.0
weighted avg,0.8409257823330054,0.8416375777130312,0.841,10000.0
