,f1-score,precision,recall,support
0,0.8639588688946015,0.8891005291005291,0.8402,5000.0
1,0.8712408759124087,0.8485308056872037,0.8952,5000.0
accuracy,0.8677,0.8677,0.8677,0.8677
macro avg,0.8675998724035051,0.8688156673938664,0.8676999999999999,10000.0
weighted avg,0.8675998724035051,0.8688156673938665,0.8677,10000.0
