,f1-score,precision,recall,support
0,0.8426887030132018,0.8492788949827341,0.8362,5000.0
1,0.8450927855512553,0.8386842623596612,0.8516,5000.0
accuracy,0.8439,0.8439,0.8439,0.8439
macro avg,0.8438907442822285,0.8439815786711977,0.8439000000000001,10000.0
weighted avg,0.8438907442822284,0.8439815786711977,0.8439,10000.0
