,f1-score,precision,recall,support
0,0.8680738786279684,0.8811289658014009,0.8554,5000.0
1,0.8718706879558448,0.8595025262339682,0.8846,5000.0
accuracy,0.87,0.87,0.87,0.87
macro avg,0.8699722832919066,0.8703157460176845,0.8700000000000001,10000.0
weighted avg,0.8699722832919066,0.8703157460176845,0.87,10000.0
