,f1-score,precision,recall,support
0,0.8319018404907975,0.875968992248062,0.7920560747663551,428.0
1,0.852529601722282,0.8164948453608247,0.8918918918918919,444.0
accuracy,0.8428899082568807,0.8428899082568807,0.8428899082568807,0.8428899082568807
macro avg,0.8422157211065397,0.8462319188044434,0.8419739833291235,872.0
weighted avg,0.8424049666224249,0.8456862844293311,0.8428899082568807,872.0
