,f1-score,precision,recall,support
0,0.8681908853767072,0.882132834424696,0.8546827794561933,3310.0
1,0.8826983476717192,0.8704551575545381,0.8952908587257618,3610.0
accuracy,0.8758670520231214,0.8758670520231214,0.8758670520231214,0.8758670520231214
macro avg,0.8754446165242131,0.876293995989617,0.8749868190909775,6920.0
weighted avg,0.8757590846375445,0.8760408671557264,0.8758670520231214,6920.0
