,f1-score,precision,recall,support
0,0.8467650397275822,0.8233995584988962,0.8714953271028038,428.0
1,0.8435689455388181,0.8687350835322196,0.8198198198198198,444.0
accuracy,0.8451834862385321,0.8451834862385321,0.8451834862385321,0.8451834862385321
macro avg,0.8451669926332002,0.8460673210155579,0.8456575734613118,872.0
weighted avg,0.8451376706681656,0.84648324326357,0.8451834862385321,872.0
