,f1-score,precision,recall,support
0,0.8807391613361762,0.8316778523489933,0.93595166163142,3310.0
1,0.8767083027185893,0.9336463223787167,0.8263157894736842,3610.0
accuracy,0.878757225433526,0.878757225433526,0.878757225433526,0.878757225433526
macro avg,0.8787237320273829,0.882662087363855,0.8811337255525521,6920.0
weighted avg,0.8786363579244003,0.8848723865697017,0.878757225433526,6920.0
