,f1-score,precision,recall,support
0,0.8909574468085107,0.8718912666281088,0.9108761329305136,3310.0
1,0.8956447963800905,0.914789139225881,0.8772853185595568,3610.0
accuracy,0.8933526011560694,0.8933526011560694,0.8933526011560694,0.8933526011560694
macro avg,0.8933011215943006,0.8933402029269949,0.8940807257450352,6920.0
weighted avg,0.8934027259925285,0.8942700701075825,0.8933526011560694,6920.0
