,f1-score,precision,recall,support
0,0.852694610778443,0.8746928746928747,0.8317757009345794,428.0
1,0.8646864686468647,0.8451612903225807,0.8851351351351351,444.0
accuracy,0.8589449541284404,0.8589449541284404,0.8589449541284404,0.8589449541284404
macro avg,0.8586905397126539,0.8599270825077276,0.8584554180348573,872.0
weighted avg,0.8588005567573183,0.8596561505410277,0.8589449541284404,872.0
