,f1-score,precision,recall,support
0,0.8079800498753116,0.8663101604278075,0.7570093457943925,428.0
1,0.8365180467091294,0.7911646586345381,0.8873873873873874,444.0
accuracy,0.823394495412844,0.823394495412844,0.823394495412844,0.823394495412844
macro avg,0.8222490482922205,0.8287374095311728,0.82219836659089,872.0
weighted avg,0.8225108647769344,0.8280480012578401,0.823394495412844,872.0
