,f1-score,precision,recall,support
0,0.8482142857142857,0.811965811965812,0.8878504672897196,428.0
1,0.8396226415094339,0.8811881188118812,0.8018018018018018,444.0
accuracy,0.8440366972477065,0.8440366972477065,0.8440366972477065,0.8440366972477065
macro avg,0.8439184636118597,0.8465769653888466,0.8448261345457607,872.0
weighted avg,0.8438396411879621,0.8472120324241316,0.8440366972477065,872.0
