,f1-score,precision,recall,support
0,0.8641630601703197,0.8032701790812354,0.9350453172205438,3310.0
1,0.8542758723977835,0.9298989240299967,0.7900277008310249,3610.0
accuracy,0.8593930635838151,0.8593930635838151,0.8593930635838151,0.8593930635838151
macro avg,0.8592194662840515,0.8665845515556161,0.8625365090257844,6920.0
weighted avg,0.8590051486300226,0.8693293942929448,0.8593930635838151,6920.0
