,f1-score,precision,recall,support
0,0.8376068376068375,0.8772378516624041,0.8014018691588785,428.0
1,0.8562162162162162,0.8232848232848233,0.8918918918918919,444.0
accuracy,0.8474770642201835,0.8474770642201835,0.8474770642201835,0.8474770642201835
macro avg,0.8469115269115268,0.8502613374736137,0.8466468805253852,872.0
weighted avg,0.8470822551556496,0.8497663555618927,0.8474770642201835,872.0
