,f1-score,precision,recall,support
0,0.8360049321824907,0.8851174934725848,0.7920560747663551,428.0
1,0.857449088960343,0.8179959100204499,0.9009009009009009,444.0
accuracy,0.8474770642201835,0.8474770642201835,0.8474770642201835,0.8474770642201835
macro avg,0.8467270105714169,0.8515567017465173,0.846478487833628,872.0
weighted avg,0.8469237459546999,0.8509409074029198,0.8474770642201835,872.0
