,f1-score,precision,recall,support
0,0.8736663058605227,0.8948368704466265,0.8534743202416919,3310.0
1,0.8891902888919029,0.8711134732925857,0.9080332409972299,3610.0
accuracy,0.8819364161849711,0.8819364161849711,0.8819364161849711,0.8819364161849711
macro avg,0.8814282973762129,0.8829751718696062,0.880753780619461,6920.0
weighted avg,0.8817647998985694,0.882460936382163,0.8819364161849711,6920.0
