,f1-score,precision,recall,support
0,0.8800478612025127,0.8714454976303317,0.888821752265861,3310.0
1,0.8878948839809896,0.8961625282167043,0.8797783933518005,3610.0
accuracy,0.8841040462427746,0.8841040462427746,0.8841040462427746,0.8841040462427746
macro avg,0.8839713725917511,0.8838040129235181,0.8843000728088308,6920.0
weighted avg,0.8841414670161402,0.8843397867079048,0.8841040462427746,6920.0
