,f1-score,precision,recall,support
0,0.8303030303030304,0.7313167259786477,0.9602803738317757,428.0
1,0.7771883289124668,0.9451612903225807,0.6599099099099099,444.0
accuracy,0.8073394495412844,0.8073394495412844,0.8073394495412844,0.8073394495412844
macro avg,0.8037456796077487,0.8382390081506141,0.8100951418708429,872.0
weighted avg,0.8032583887693031,0.8402008848877144,0.8073394495412844,872.0
