,f1-score,precision,recall,support
0,0.8764614734469643,0.8210609659540776,0.9398791540785498,3310.0
1,0.8699006082183652,0.9364420312999042,0.8121883656509695,3610.0
accuracy,0.8732658959537573,0.8732658959537573,0.8732658959537573,0.8732658959537573
macro avg,0.8731810408326648,0.8787514986269909,0.8760337598647596,6920.0
weighted avg,0.8730388255459177,0.8812525332804408,0.8732658959537573,6920.0
