,f1-score,precision,recall,support
0,0.8595360824742269,0.9206349206349206,0.8060422960725075,3310.0
1,0.8857442348008385,0.8403779214321233,0.9362880886426593,3610.0
accuracy,0.8739884393063584,0.8739884393063584,0.8739884393063584,0.8739884393063584
macro avg,0.8726401586375327,0.880506421033522,0.8711651923575834,6920.0
weighted avg,0.8732082544249593,0.878766746195311,0.8739884393063584,6920.0
