,f1-score,precision,recall,support
0,0.8961601673390108,0.8864912799290571,0.9060422960725075,3310.0
1,0.9027564012872533,0.9120723777212327,0.8936288088642659,3610.0
accuracy,0.8995664739884393,0.8995664739884393,0.8995664739884393,0.8995664739884393
macro avg,0.899458284313132,0.899281828825145,0.8998355524683868,6920.0
weighted avg,0.8996012662628773,0.8998363323900043,0.8995664739884393,6920.0
