,f1-score,precision,recall,support
0,0.8419811320754718,0.85,0.8341121495327103,428.0
1,0.8504464285714286,0.8429203539823009,0.8581081081081081,444.0
accuracy,0.8463302752293578,0.8463302752293578,0.8463302752293578,0.8463302752293578
macro avg,0.8462137803234502,0.8464601769911504,0.8461101288204091,872.0
weighted avg,0.8462914435940553,0.8463952261102541,0.8463302752293578,872.0
