,f1-score,precision,recall,support
0,0.8650080965699986,0.8435256962388745,0.8876132930513595,3310.0
1,0.8698737051227473,0.891766075065464,0.8490304709141274,3610.0
accuracy,0.867485549132948,0.867485549132948,0.867485549132948,0.867485549132948
macro avg,0.8674409008463729,0.8676458856521693,0.8683218819827434,6920.0
weighted avg,0.8675463692398573,0.8686915586036126,0.867485549132948,6920.0
