,f1-score,precision,recall,support
0,0.8647450110864745,0.874439461883408,0.8552631578947368,912.0
1,0.8672470076169748,0.8579117330462863,0.8767876787678768,909.0
accuracy,0.8660076880834706,0.8660076880834706,0.8660076880834706,0.8660076880834706
macro avg,0.8659960093517247,0.8661755974648472,0.8660254183313068,1821.0
weighted avg,0.8659939483990636,0.866189211739013,0.8660076880834706,1821.0
