,f1-score,precision,recall,support
0,0.8609271523178809,0.8578284343131374,0.8640483383685801,3310.0
1,0.8715953307392996,0.8745119910764082,0.8686980609418282,3610.0
accuracy,0.8664739884393063,0.8664739884393063,0.8664739884393063,0.8664739884393063
macro avg,0.8662612415285902,0.8661702126947728,0.8663731996552042,6920.0
weighted avg,0.8664924881706729,0.8665318504858842,0.8664739884393063,6920.0
