,f1-score,precision,recall,support
0,0.6954702117183652,0.9042893725992317,0.565,5000.0
1,0.7916807005725833,0.6836823734729494,0.9402,5000.0
accuracy,0.7526,0.7526,0.7526,0.7526
macro avg,0.7435754561454743,0.7939858730360905,0.7525999999999999,10000.0
weighted avg,0.7435754561454744,0.7939858730360906,0.7526,10000.0
