,f1-score,precision,recall,support
0,0.8070967741935484,0.8727906976744186,0.7506,5000.0
1,0.8323364485981309,0.7812280701754386,0.8906,5000.0
accuracy,0.8206,0.8206,0.8206,0.8206
macro avg,0.8197166113958396,0.8270093839249286,0.8206,10000.0
weighted avg,0.8197166113958397,0.8270093839249286,0.8206,10000.0
