,f1-score,precision,recall,support
0,0.8067700987306066,0.8816694332463837,0.7436,5000.0
1,0.8348326068812019,0.7783157530693412,0.9002,5000.0
accuracy,0.8219,0.8219,0.8219,0.8219
macro avg,0.8208013528059042,0.8299925931578624,0.8219000000000001,10000.0
weighted avg,0.8208013528059042,0.8299925931578626,0.8219,10000.0
