,f1-score,precision,recall,support
0,0.8278478416897365,0.8493583000210393,0.8074,5000.0
1,0.8361471650239094,0.8164665523156089,0.8568,5000.0
accuracy,0.8321,0.8321,0.8321,0.8321
macro avg,0.831997503356823,0.8329124261683241,0.8321000000000001,10000.0
weighted avg,0.8319975033568229,0.8329124261683241,0.8321,10000.0
