,f1-score,precision,recall,support
0,0.8262356232514766,0.8572350032251129,0.7974,5000.0
1,0.8379553580056045,0.8106188072536923,0.8672,5000.0
accuracy,0.8323,0.8323,0.8323,0.8323
macro avg,0.8320954906285405,0.8339269052394026,0.8323,10000.0
weighted avg,0.8320954906285406,0.8339269052394025,0.8323,10000.0
