,f1-score,precision,recall,support
0,0.8345848977889028,0.8720575414123801,0.8002,5000.0
1,0.8476757587399155,0.815410199556541,0.8826,5000.0
accuracy,0.8414,0.8414,0.8414,0.8414
macro avg,0.8411303282644091,0.8437338704844606,0.8414,10000.0
weighted avg,0.841130328264409,0.8437338704844606,0.8414,10000.0
