,f1-score,precision,recall,support
0,0.8085152601281633,0.8847159496077965,0.7444,5000.0
1,0.8366533864541832,0.7793889176592439,0.903,5000.0
accuracy,0.8237,0.8237,0.8237,0.8237
macro avg,0.8225843232911733,0.8320524336335202,0.8237,10000.0
weighted avg,0.8225843232911734,0.8320524336335202,0.8237,10000.0
