,f1-score,precision,recall,support
0,0.8437744714173846,0.8263036809815951,0.862,5000.0
1,0.8368765331152902,0.8557692307692307,0.8188,5000.0
accuracy,0.8404,0.8404,0.8404,0.8404
macro avg,0.8403255022663374,0.8410364558754129,0.8404,10000.0
weighted avg,0.8403255022663374,0.8410364558754129,0.8404,10000.0
