,f1-score,precision,recall,support
0,0.84251036116045,0.8315153876119984,0.8538,5000.0
1,0.8382323129941213,0.8497739416358405,0.827,5000.0
accuracy,0.8404,0.8404,0.8404,0.8404
macro avg,0.8403713370772856,0.8406446646239194,0.8404,10000.0
weighted avg,0.8403713370772857,0.8406446646239194,0.8404,10000.0
