,f1-score,precision,recall,support
0,0.8406565399123255,0.8573508005822417,0.8246,5000.0
1,0.8466293788637034,0.831053746869582,0.8628,5000.0
accuracy,0.8437,0.8437,0.8437,0.8437
macro avg,0.8436429593880144,0.8442022737259118,0.8437,10000.0
weighted avg,0.8436429593880144,0.8442022737259118,0.8437,10000.0
