,f1-score,precision,recall,support
0,0.8292941051963171,0.8806473364801078,0.7836,5000.0
1,0.8471234954032792,0.8050801657359035,0.8938,5000.0
accuracy,0.8387,0.8387,0.8387,0.8387
macro avg,0.8382088002997982,0.8428637511080057,0.8387,10000.0
weighted avg,0.8382088002997982,0.8428637511080056,0.8387,10000.0
