,f1-score,precision,recall,support
0,0.8336255801959772,0.860702875399361,0.8082,5000.0
1,0.8434740417273169,0.8192271442035816,0.8692,5000.0
accuracy,0.8387,0.8387,0.8387,0.8387
macro avg,0.838549810961647,0.8399650098014713,0.8387,10000.0
weighted avg,0.838549810961647,0.8399650098014712,0.8387,10000.0
