,f1-score,precision,recall,support
0,0.8395288358574269,0.8658882928368571,0.8147268408551069,3368.0
1,0.8487382840663302,0.8250630782169891,0.873812351543943,3368.0
accuracy,0.8442695961995249,0.8442695961995249,0.8442695961995249,0.8442695961995249
macro avg,0.8441335599618786,0.8454756855269231,0.844269596199525,6736.0
weighted avg,0.8441335599618786,0.8454756855269231,0.8442695961995249,6736.0
