,f1-score,precision,recall,support
0,0.8352610190684588,0.8718729606264956,0.8016,5000.0
1,0.8480246082860713,0.8163982972422729,0.8822,5000.0
accuracy,0.8419,0.8419,0.8419,0.8419
macro avg,0.8416428136772651,0.8441356289343842,0.8419,10000.0
weighted avg,0.8416428136772651,0.8441356289343841,0.8419,10000.0
