,f1-score,precision,recall,support
0,0.6999057902746576,0.548812365041482,0.9658,5000.0
1,0.33220448314787937,0.8576186511240633,0.206,5000.0
accuracy,0.5859,0.5859,0.5859,0.5859
macro avg,0.5160551367112685,0.7032155080827727,0.5859,10000.0
weighted avg,0.5160551367112685,0.7032155080827727,0.5859,10000.0
