,f1-score,precision,recall,support
0,0.8342546612948561,0.7847699629825489,0.8904,5000.0
1,0.8103355848611558,0.873353362606887,0.7558,5000.0
accuracy,0.8231,0.8231,0.8231,0.8231
macro avg,0.822295123078006,0.8290616627947179,0.8230999999999999,10000.0
weighted avg,0.822295123078006,0.829061662794718,0.8231,10000.0
