,f1-score,precision,recall,support
0,0.8413514506059493,0.7776646300067889,0.9164,5000.0
1,0.8102766798418973,0.8982473222979552,0.738,5000.0
accuracy,0.8272,0.8272,0.8272,0.8272
macro avg,0.8258140652239233,0.837955976152372,0.8271999999999999,10000.0
weighted avg,0.8258140652239233,0.837955976152372,0.8272,10000.0
