,f1-score,precision,recall,support
0,0.8314980261790983,0.8651102464332037,0.8004,5000.0
1,0.8436475804896859,0.8142910308894679,0.8752,5000.0
accuracy,0.8378,0.8378,0.8378,0.8378
macro avg,0.8375728033343921,0.8397006386613357,0.8378,10000.0
weighted avg,0.8375728033343921,0.8397006386613357,0.8378,10000.0
