,f1-score,precision,recall,support
0,0.8460325801366265,0.8914728682170543,0.805,5000.0
1,0.8602765855984741,0.8222424794895169,0.902,5000.0
accuracy,0.8535,0.8535,0.8535,0.8535
macro avg,0.8531545828675503,0.8568576738532856,0.8535,10000.0
weighted avg,0.8531545828675502,0.8568576738532856,0.8535,10000.0
