,f1-score,precision,recall,support
0,0.8469098469098469,0.8027588677893228,0.8962,5000.0
1,0.8279889573157783,0.8825260298777727,0.7798,5000.0
accuracy,0.838,0.838,0.838,0.838
macro avg,0.8374494021128126,0.8426424488335478,0.8380000000000001,10000.0
weighted avg,0.8374494021128126,0.8426424488335479,0.838,10000.0
