,f1-score,precision,recall,support
0,0.8627039404636961,0.8248494800218938,0.9042,5000.0
1,0.8488286584725285,0.8940030980305377,0.808,5000.0
accuracy,0.8561,0.8561,0.8561,0.8561
macro avg,0.8557662994681123,0.8594262890262158,0.8561000000000001,10000.0
weighted avg,0.8557662994681122,0.8594262890262159,0.8561,10000.0
