,f1-score,precision,recall,support
0,0.858035621289449,0.8952401651814823,0.8238,5000.0
1,0.8689297047793056,0.8368216336358585,0.9036,5000.0
accuracy,0.8637,0.8637,0.8637,0.8637
macro avg,0.8634826630343773,0.8660308994086704,0.8636999999999999,10000.0
weighted avg,0.8634826630343774,0.8660308994086703,0.8637,10000.0
