,f1-score,precision,recall,support
0,0.8298887122416535,0.882750845546787,0.783,5000.0
1,0.8480832938949361,0.8050314465408805,0.896,5000.0
accuracy,0.8395,0.8395,0.8395,0.8395
macro avg,0.8389860030682947,0.8438911460438338,0.8395,10000.0
weighted avg,0.8389860030682948,0.8438911460438338,0.8395,10000.0
