,f1-score,precision,recall,support
0,0.8537287954763683,0.914932540589984,0.8002,5000.0
1,0.8709889903077067,0.8224631242224987,0.9256,5000.0
accuracy,0.8629,0.8629,0.8629,0.8629
macro avg,0.8623588928920375,0.8686978324062413,0.8629,10000.0
weighted avg,0.8623588928920374,0.8686978324062413,0.8629,10000.0
