,f1-score,precision,recall,support
0,0.8373544093178036,0.8721837088388215,0.8052,5000.0
1,0.8493836671802775,0.8190936106983655,0.882,5000.0
accuracy,0.8436,0.8436,0.8436,0.8436
macro avg,0.8433690382490405,0.8456386597685934,0.8436,10000.0
weighted avg,0.8433690382490405,0.8456386597685934,0.8436,10000.0
