,f1-score,precision,recall,support
0,0.8623294858342077,0.9070640176600442,0.8218,5000.0
1,0.8746895893027697,0.8371115173674588,0.9158,5000.0
accuracy,0.8688,0.8688,0.8688,0.8688
macro avg,0.8685095375684887,0.8720877675137515,0.8688,10000.0
weighted avg,0.8685095375684887,0.8720877675137515,0.8688,10000.0
