,f1-score,precision,recall,support
0,0.8395755305867665,0.8748915871639202,0.807,5000.0
1,0.8515594917212168,0.820898292501856,0.8846,5000.0
accuracy,0.8458,0.8458,0.8458,0.8458
macro avg,0.8455675111539916,0.8478949398328881,0.8458000000000001,10000.0
weighted avg,0.8455675111539916,0.8478949398328881,0.8458,10000.0
