,f1-score,precision,recall,support
0,0.8560415122312823,0.8549007995262067,0.857185273159145,3368.0
1,0.8556563103909618,0.8568026198273295,0.8545130641330166,3368.0
accuracy,0.8558491686460807,0.8558491686460807,0.8558491686460807,0.8558491686460807
macro avg,0.8558489113111221,0.8558517096767682,0.8558491686460807,6736.0
weighted avg,0.855848911311122,0.855851709676768,0.8558491686460807,6736.0
