,f1-score,precision,recall,support
0,0.8757108042242081,0.8894389438943895,0.8624,5000.0
1,0.8794326241134751,0.8664596273291926,0.8928,5000.0
accuracy,0.8776,0.8776,0.8776,0.8776
macro avg,0.8775717141688416,0.877949285611791,0.8776,10000.0
weighted avg,0.8775717141688416,0.8779492856117911,0.8776,10000.0
