,f1-score,precision,recall,support
0,0.6810931626536625,0.6921329754284534,0.6704,5000.0
1,0.6909520527714876,0.6804343610626333,0.7018,5000.0
accuracy,0.6861,0.6861,0.6861,0.6861
macro avg,0.6860226077125751,0.6862836682455433,0.6860999999999999,10000.0
weighted avg,0.6860226077125751,0.6862836682455434,0.6861,10000.0
