,f1-score,precision,recall,support
0,0.6826310380267214,0.7021141649048626,0.6642,5000.0
1,0.6993184031158715,0.681404174573055,0.7182,5000.0
accuracy,0.6912,0.6912,0.6912,0.6912
macro avg,0.6909747205712964,0.6917591697389588,0.6912,10000.0
weighted avg,0.6909747205712964,0.6917591697389588,0.6912,10000.0
