,f1-score,precision,recall,support
0,0.702833615887624,0.8907305095150398,0.5804,5000.0
1,0.7910066428206439,0.688816374962919,0.9288,5000.0
accuracy,0.7546,0.7546,0.7546,0.7546
macro avg,0.746920129354134,0.7897734422389795,0.7545999999999999,10000.0
weighted avg,0.746920129354134,0.7897734422389795,0.7546,10000.0
