,f1-score,precision,recall,support
0,0.8285289747399703,0.8208047105004906,0.8364,5000.0
1,0.8252397778899546,0.8332313965341488,0.8174,5000.0
accuracy,0.8269,0.8269,0.8269,0.8269
macro avg,0.8268843763149625,0.8270180535173197,0.8269,10000.0
weighted avg,0.8268843763149624,0.8270180535173196,0.8269,10000.0
