,f1-score,precision,recall,support
0,0.8411311053984576,0.8656084656084656,0.818,5000.0
1,0.8496350364963504,0.8274881516587678,0.873,5000.0
accuracy,0.8455,0.8455,0.8455,0.8455
macro avg,0.845383070947404,0.8465483086336167,0.8454999999999999,10000.0
weighted avg,0.8453830709474042,0.8465483086336167,0.8455,10000.0
