,f1-score,precision,recall,support
0,0.8408781814649311,0.8175292784284095,0.8656,5000.0
1,0.8312384092314034,0.8572035699107522,0.8068,5000.0
accuracy,0.8362,0.8362,0.8362,0.8362
macro avg,0.8360582953481672,0.8373664241695808,0.8362,10000.0
weighted avg,0.8360582953481673,0.837366424169581,0.8362,10000.0
