,f1-score,precision,recall,support
0,0.8341068537506746,0.905978898007034,0.7728,5000.0
1,0.8568234746157429,0.8019180470793374,0.9198,5000.0
accuracy,0.8463,0.8463,0.8463,0.8463
macro avg,0.8454651641832087,0.8539484725431857,0.8463,10000.0
weighted avg,0.8454651641832088,0.8539484725431857,0.8463,10000.0
