,f1-score,precision,recall,support
0,0.8425747592498732,0.8542651593011306,0.8312,5000.0
1,0.8467686235816477,0.8356377799415774,0.8582,5000.0
accuracy,0.8447,0.8447,0.8447,0.8447
macro avg,0.8446716914157605,0.844951469621354,0.8447,10000.0
weighted avg,0.8446716914157605,0.844951469621354,0.8447,10000.0
