,f1-score,precision,recall,support
0,0.8667401985360472,0.8690931027548763,0.8644,5000.0
1,0.867457863767827,0.8651283071414363,0.8698,5000.0
accuracy,0.8671,0.8671,0.8671,0.8671
macro avg,0.8670990311519371,0.8671107049481563,0.8671,10000.0
weighted avg,0.867099031151937,0.8671107049481563,0.8671,10000.0
