,f1-score,precision,recall,support
0,0.832443746729461,0.873106476399561,0.7954,5000.0
1,0.8467209191000479,0.8121212121212121,0.8844,5000.0
accuracy,0.8399,0.8399,0.8399,0.8399
macro avg,0.8395823329147545,0.8426138442603865,0.8399,10000.0
weighted avg,0.8395823329147545,0.8426138442603865,0.8399,10000.0
