,f1-score,precision,recall,support
0,0.8436709501163615,0.8537784149088675,0.8338,5000.0
1,0.8472867450825343,0.8376001563416064,0.8572,5000.0
accuracy,0.8455,0.8455,0.8455,0.8455
macro avg,0.8454788475994479,0.8456892856252369,0.8454999999999999,10000.0
weighted avg,0.8454788475994479,0.8456892856252369,0.8455,10000.0
