,f1-score,precision,recall,support
0,0.8642630987641712,0.8831141724065957,0.8462,5000.0
1,0.8698207464002351,0.8523708965252448,0.888,5000.0
accuracy,0.8671,0.8671,0.8671,0.8671
macro avg,0.8670419225822031,0.8677425344659202,0.8671,10000.0
weighted avg,0.8670419225822031,0.8677425344659203,0.8671,10000.0
