,f1-score,precision,recall,support
0,0.8409893992932862,0.8479809976247031,0.8341121495327103,428.0
1,0.8491620111731844,0.8425720620842572,0.8558558558558559,444.0
accuracy,0.8451834862385321,0.8451834862385321,0.8451834862385321,0.8451834862385321
macro avg,0.8450757052332353,0.8452765298544802,0.8449840026942831,872.0
weighted avg,0.8451506833238766,0.8452269065926412,0.8451834862385321,872.0
