,f1-score,precision,recall,support
0,0.8791691047396138,0.8522404991491775,0.9078549848942599,3310.0
1,0.8820673900628212,0.9101355332940483,0.8556786703601108,3610.0
accuracy,0.880635838150289,0.880635838150289,0.880635838150289,0.880635838150289
macro avg,0.8806182474012175,0.8811880162216129,0.8817668276271853,6920.0
weighted avg,0.8806810715050443,0.8824429663837127,0.880635838150289,6920.0
