,f1-score,precision,recall,support
0,0.8568047337278106,0.86810551558753,0.8457943925233645,428.0
1,0.8654060066740822,0.8549450549450549,0.8761261261261262,444.0
accuracy,0.8612385321100917,0.8612385321100917,0.8612385321100917,0.8612385321100917
macro avg,0.8611053702009464,0.8615252852662925,0.8609602593247454,872.0
weighted avg,0.8611842809619213,0.8614045470952606,0.8612385321100917,872.0
