,f1-score,precision,recall,support
0,0.8867024448419797,0.8752207180694527,0.8984894259818731,3310.0
1,0.8934380257992148,0.9045996592844975,0.8825484764542936,3610.0
accuracy,0.8901734104046243,0.8901734104046243,0.8901734104046243,0.8901734104046243
macro avg,0.8900702353205973,0.8899101886769751,0.8905189512180833,6920.0
weighted avg,0.8902162377979941,0.8905470154374168,0.8901734104046243,6920.0
