,f1-score,precision,recall,support
0,0.8587699316628702,0.8377777777777777,0.8808411214953271,428.0
1,0.8568129330254041,0.8791469194312796,0.8355855855855856,444.0
accuracy,0.8577981651376146,0.8577981651376146,0.8577981651376146,0.8577981651376146
macro avg,0.8577914323441371,0.8584623486045286,0.8582133535404564,872.0
weighted avg,0.8577734782281972,0.8588418820141939,0.8577981651376146,872.0
