,f1-score,precision,recall,support
0,0.892053545998291,0.84375,0.9462235649546827,3310.0
1,0.8888237019653857,0.9445137157107232,0.8393351800554016,3610.0
accuracy,0.8904624277456648,0.8904624277456648,0.8904624277456648,0.8904624277456648
macro avg,0.8904386239818384,0.8941318578553616,0.8927793725050421,6920.0
weighted avg,0.890368612911761,0.8963160424444668,0.8904624277456648,6920.0
