,f1-score,precision,recall,support
0,0.8970522885498445,0.8799767509444929,0.9148036253776435,3310.0
1,0.9019607843137255,0.9189422247772349,0.885595567867036,3610.0
accuracy,0.8995664739884393,0.8995664739884393,0.8995664739884393,0.8995664739884393
macro avg,0.899506536431785,0.8994594878608639,0.9001995966223397,6920.0
weighted avg,0.8996129344613489,0.9003041151838279,0.8995664739884393,6920.0
