,f1-score,precision,recall,support
0,0.7836484983314795,0.7303040774015204,0.8454,5000.0
1,0.746634824142423,0.8164767331433999,0.6878,5000.0
accuracy,0.7666,0.7666,0.7666,0.7666
macro avg,0.7651416612369513,0.7733904052724601,0.7666,10000.0
weighted avg,0.7651416612369513,0.7733904052724602,0.7666,10000.0
