,f1-score,precision,recall,support
0,0.8242038216560509,0.8782805429864253,0.7764,5000.0
1,0.8434782608695651,0.7996415770609319,0.8924,5000.0
accuracy,0.8344,0.8344,0.8344,0.8344
macro avg,0.833841041262808,0.8389610600236785,0.8344,10000.0
weighted avg,0.833841041262808,0.8389610600236785,0.8344,10000.0
