,f1-score,precision,recall,support
0,0.8356355070135989,0.8992855496658216,0.7804,5000.0
1,0.8560172591689335,0.8060413354531002,0.9126,5000.0
accuracy,0.8465,0.8465,0.8465,0.8465
macro avg,0.8458263830912662,0.8526634425594609,0.8465,10000.0
weighted avg,0.8458263830912661,0.8526634425594609,0.8465,10000.0
