,f1-score,precision,recall,support
0,0.8473442873519298,0.8110826627651793,0.887,5000.0
1,0.8323541754091481,0.8753309796999117,0.7934,5000.0
accuracy,0.8402,0.8402,0.8402,0.8402
macro avg,0.839849231380539,0.8432068212325454,0.8402000000000001,10000.0
weighted avg,0.8398492313805389,0.8432068212325455,0.8402,10000.0
