,f1-score,precision,recall,support
0,0.8638915779283641,0.8371482176360225,0.8924,5000.0
1,0.8546018614270942,0.884796573875803,0.8264,5000.0
accuracy,0.8594,0.8594,0.8594,0.8594
macro avg,0.8592467196777291,0.8609723957559128,0.8593999999999999,10000.0
weighted avg,0.8592467196777291,0.8609723957559127,0.8594,10000.0
