,f1-score,precision,recall,support
0,0.8636788048552755,0.8099824868651488,0.925,5000.0
1,0.8428417653390744,0.9125874125874126,0.783,5000.0
accuracy,0.854,0.854,0.854,0.854
macro avg,0.8532602850971749,0.8612849497262807,0.8540000000000001,10000.0
weighted avg,0.8532602850971751,0.8612849497262807,0.854,10000.0
