,f1-score,precision,recall,support
0,0.8365384615384615,0.8760945709281961,0.8004,5000.0
1,0.8500766871165644,0.8162739322533137,0.8868,5000.0
accuracy,0.8436,0.8436,0.8436,0.8436
macro avg,0.8433075743275129,0.8461842515907549,0.8436,10000.0
weighted avg,0.843307574327513,0.8461842515907548,0.8436,10000.0
