,f1-score,precision,recall,support
0,0.8863187030446817,0.8762705238467553,0.8966,5000.0
1,0.8836503439902872,0.8941441441441441,0.8734,5000.0
accuracy,0.885,0.885,0.885,0.885
macro avg,0.8849845235174845,0.8852073339954497,0.885,10000.0
weighted avg,0.8849845235174846,0.8852073339954497,0.885,10000.0
