,f1-score,precision,recall,support
0,0.8582478060389707,0.8599105812220567,0.8565914489311164,3368.0
1,0.8587938953919099,0.8571428571428571,0.8604513064133017,3368.0
accuracy,0.858521377672209,0.858521377672209,0.858521377672209,0.858521377672209
macro avg,0.8585208507154403,0.8585267191824568,0.858521377672209,6736.0
weighted avg,0.8585208507154403,0.8585267191824568,0.858521377672209,6736.0
