,f1-score,precision,recall,support
0,0.6317844591956268,0.9045844204248975,0.4854,5000.0
1,0.7703174474303808,0.6483531501981686,0.9488,5000.0
accuracy,0.7171,0.7171,0.7171,0.7171
macro avg,0.7010509533130038,0.7764687853115331,0.7171,10000.0
weighted avg,0.7010509533130038,0.7764687853115331,0.7171,10000.0
