,f1-score,precision,recall,support
0,0.8297769624408613,0.80212805674818,0.8594,5000.0
1,0.8171730789173492,0.8485892741761792,0.788,5000.0
accuracy,0.8237,0.8237,0.8237,0.8237
macro avg,0.8234750206791053,0.8253586654621796,0.8237000000000001,10000.0
weighted avg,0.8234750206791054,0.8253586654621796,0.8237,10000.0
