,f1-score,precision,recall,support
0,0.8372687918142463,0.8239736638264911,0.851,5000.0
1,0.8318422122814152,0.8459470636889992,0.8182,5000.0
accuracy,0.8346,0.8346,0.8346,0.8346
macro avg,0.8345555020478308,0.8349603637577452,0.8346,10000.0
weighted avg,0.8345555020478307,0.8349603637577451,0.8346,10000.0
