,f1-score,precision,recall,support
0,0.8373192173173267,0.7938698691521778,0.8858,5000.0
1,0.8173230018044794,0.8708437005202443,0.77,5000.0
accuracy,0.8279,0.8279,0.8279,0.8279
macro avg,0.827321109560903,0.832356784836211,0.8279000000000001,10000.0
weighted avg,0.8273211095609031,0.832356784836211,0.8279,10000.0
