,f1-score,precision,recall,support
0,0.8554990890785309,0.8216982869773439,0.8922,5000.0
1,0.8425451885905338,0.8820826952526799,0.8064,5000.0
accuracy,0.8493,0.8493,0.8493,0.8493
macro avg,0.8490221388345324,0.8518904911150119,0.8492999999999999,10000.0
weighted avg,0.8490221388345324,0.8518904911150119,0.8493,10000.0
