,f1-score,precision,recall,support
0,0.8524994857025304,0.8775942397289285,0.8288,5000.0
1,0.8604786923525978,0.8378173550587343,0.8844,5000.0
accuracy,0.8566,0.8566,0.8566,0.8566
macro avg,0.856489089027564,0.8577057973938313,0.8566,10000.0
weighted avg,0.8564890890275642,0.8577057973938313,0.8566,10000.0
