,f1-score,precision,recall,support
0,0.864518711226736,0.8650380456547857,0.864,5000.0
1,0.8646811912852289,0.8641630043947264,0.8652,5000.0
accuracy,0.8646,0.8646,0.8646,0.8646
macro avg,0.8645999512559824,0.864600525024756,0.8646,10000.0
weighted avg,0.8645999512559825,0.8646005250247559,0.8646,10000.0
