,f1-score,precision,recall,support
0,0.841723721304873,0.8475263584752636,0.836,5000.0
1,0.8438617401668653,0.8382004735595896,0.8496,5000.0
accuracy,0.8428,0.8428,0.8428,0.8428
macro avg,0.8427927307358691,0.8428634160174266,0.8428,10000.0
weighted avg,0.8427927307358692,0.8428634160174266,0.8428,10000.0
