,f1-score,precision,recall,support
0,0.8464866477696553,0.8506746626686656,0.8423396674584323,3368.0
1,0.8479834539813856,0.8438694501617171,0.8521377672209026,3368.0
accuracy,0.8472387173396675,0.8472387173396675,0.8472387173396675,0.8472387173396675
macro avg,0.8472350508755204,0.8472720564151914,0.8472387173396674,6736.0
weighted avg,0.8472350508755204,0.8472720564151913,0.8472387173396675,6736.0
