,f1-score,precision,recall,support
0,0.8655137334689725,0.8807453416149068,0.8508,5000.0
1,0.8700098328416912,0.8557059961315281,0.8848,5000.0
accuracy,0.8678,0.8678,0.8678,0.8678
macro avg,0.8677617831553319,0.8682256688732175,0.8678,10000.0
weighted avg,0.8677617831553318,0.8682256688732174,0.8678,10000.0
