,f1-score,precision,recall,support
0,0.8296296296296296,0.8795811518324608,0.7850467289719626,428.0
1,0.8522483940042825,0.8122448979591836,0.8963963963963963,444.0
accuracy,0.841743119266055,0.841743119266055,0.841743119266055,0.841743119266055
macro avg,0.8409390118169561,0.8459130248958222,0.8407215626841795,872.0
weighted avg,0.8411465234167236,0.8452952610988196,0.841743119266055,872.0
