,f1-score,precision,recall,support
0,0.8192161820480405,0.8925619834710744,0.7570093457943925,428.0
1,0.8499475341028332,0.7956777996070727,0.9121621621621622,444.0
accuracy,0.8360091743119266,0.8360091743119266,0.8360091743119266,0.8360091743119266
macro avg,0.8345818580754368,0.8441198915390735,0.8345857539782773,872.0
weighted avg,0.8348637970851138,0.8432310458155505,0.8360091743119266,872.0
