,f1-score,precision,recall,support
0,0.8547619047619047,0.8713592233009708,0.8387850467289719,428.0
1,0.8650442477876107,0.85,0.8806306306306306,444.0
accuracy,0.8600917431192661,0.8600917431192661,0.8600917431192661,0.8600917431192661
macro avg,0.8599030762747577,0.8606796116504853,0.8597078386798013,872.0
weighted avg,0.8599974096970119,0.8604836554734123,0.8600917431192661,872.0
