,f1-score,precision,recall,support
0,0.773210973347652,0.7552927713141331,0.792,5000.0
1,0.7619145229066312,0.7813748160605424,0.7434,5000.0
accuracy,0.7677,0.7677,0.7677,0.7677
macro avg,0.7675627481271416,0.7683337936873378,0.7677,10000.0
weighted avg,0.7675627481271416,0.7683337936873377,0.7677,10000.0
