,f1-score,precision,recall,support
0,0.8135482465693749,0.8931133428981348,0.747,5000.0
1,0.8417452394157886,0.7825713303540736,0.9106,5000.0
accuracy,0.8288,0.8288,0.8288,0.8288
macro avg,0.8276467429925818,0.8378423366261042,0.8288,10000.0
weighted avg,0.8276467429925819,0.8378423366261042,0.8288,10000.0
