,f1-score,precision,recall,support
0,0.840265445368726,0.7887348657659239,0.899,5000.0
1,0.8162563165251049,0.8825854452452918,0.7592,5000.0
accuracy,0.8291,0.8291,0.8291,0.8291
macro avg,0.8282608809469154,0.8356601555056078,0.8291,10000.0
weighted avg,0.8282608809469155,0.8356601555056079,0.8291,10000.0
