,f1-score,precision,recall,support
0,0.8360536438299199,0.870534747780905,0.8042,5000.0
1,0.8480878528080146,0.8180635569596729,0.8804,5000.0
accuracy,0.8423,0.8423,0.8423,0.8423
macro avg,0.8420707483189672,0.844299152370289,0.8423,10000.0
weighted avg,0.8420707483189671,0.8442991523702889,0.8423,10000.0
