,f1-score,precision,recall,support
0,0.8527620247847092,0.8978328173374613,0.812,5000.0
1,0.8661958389005536,0.8284045271997079,0.9076,5000.0
accuracy,0.8598,0.8598,0.8598,0.8598
macro avg,0.8594789318426315,0.8631186722685846,0.8598,10000.0
weighted avg,0.8594789318426314,0.8631186722685846,0.8598,10000.0
