,f1-score,precision,recall,support
0,0.8675612004506811,0.8891454965357968,0.847,5000.0
1,0.8736934648822897,0.8539240022913882,0.8944,5000.0
accuracy,0.8707,0.8707,0.8707,0.8707
macro avg,0.8706273326664854,0.8715347494135925,0.8707,10000.0
weighted avg,0.8706273326664854,0.8715347494135923,0.8707,10000.0
