,f1-score,precision,recall,support
0,0.8774951869490323,0.8892996508523311,0.866,5000.0
1,0.8806633106307372,0.8694211654648216,0.8922,5000.0
accuracy,0.8791,0.8791,0.8791,0.8791
macro avg,0.8790792487898847,0.8793604081585764,0.8791,10000.0
weighted avg,0.8790792487898849,0.8793604081585763,0.8791,10000.0
