,f1-score,precision,recall,support
0,0.8502386634844868,0.8455300632911392,0.855,5000.0
1,0.8485518905872889,0.8533576051779935,0.8438,5000.0
accuracy,0.8494,0.8494,0.8494,0.8494
macro avg,0.8493952770358879,0.8494438342345664,0.8493999999999999,10000.0
weighted avg,0.8493952770358879,0.8494438342345664,0.8494,10000.0
