,f1-score,precision,recall,support
0,0.8494286581049652,0.8590713847412559,0.84,5000.0
1,0.8527346454356641,0.8434748581490902,0.8622,5000.0
accuracy,0.8511,0.8511,0.8511,0.8511
macro avg,0.8510816517703146,0.851273121445173,0.8511,10000.0
weighted avg,0.8510816517703146,0.8512731214451731,0.8511,10000.0
