,f1-score,precision,recall,support
0,0.8506769443620911,0.8407892166438757,0.8608,5000.0
1,0.8470802550349155,0.8574062692071297,0.837,5000.0
accuracy,0.8489,0.8489,0.8489,0.8489
macro avg,0.8488785996985033,0.8490977429255027,0.8489,10000.0
weighted avg,0.8488785996985032,0.8490977429255028,0.8489,10000.0
