,f1-score,precision,recall,support
0,0.8818345683957541,0.8830726032892098,0.8806,5000.0
1,0.8821649690433393,0.8809333865177503,0.8834,5000.0
accuracy,0.882,0.882,0.882,0.882
macro avg,0.8819997687195467,0.88200299490348,0.882,10000.0
weighted avg,0.8819997687195468,0.8820029949034801,0.882,10000.0
