,f1-score,precision,recall,support
0,0.8321678321678323,0.8302325581395349,0.8341121495327103,428.0
1,0.8374717832957111,0.8393665158371041,0.8355855855855856,444.0
accuracy,0.8348623853211009,0.8348623853211009,0.8348623853211009,0.8348623853211009
macro avg,0.8348198077317717,0.8347995369883194,0.8348488675591479,872.0
weighted avg,0.8348684678338624,0.8348833347653615,0.8348623853211009,872.0
