,f1-score,precision,recall,support
0,0.8393285371702637,0.8620689655172413,0.8177570093457944,428.0
1,0.8527472527472526,0.8326180257510729,0.8738738738738738,444.0
accuracy,0.8463302752293578,0.8463302752293578,0.8463302752293578,0.8463302752293578
macro avg,0.8460378949587581,0.8473434956341571,0.8458154416098341,872.0
weighted avg,0.8461610024411159,0.8470733035262106,0.8463302752293578,872.0
