,f1-score,precision,recall,support
0,0.837378640776699,0.8712121212121212,0.8060747663551402,428.0
1,0.8543478260869565,0.8256302521008403,0.8851351351351351,444.0
accuracy,0.8463302752293578,0.8463302752293578,0.8463302752293578,0.8463302752293578
macro avg,0.8458632334318277,0.8484211866564808,0.8456049507451376,872.0
weighted avg,0.8460189140310044,0.8480030043710561,0.8463302752293578,872.0
