,f1-score,precision,recall,support
0,0.8672959466962799,0.8785151856017998,0.856359649122807,912.0
1,0.8701792504073872,0.8594420600858369,0.8811881188118812,909.0
accuracy,0.8687534321801208,0.8687534321801208,0.8687534321801208,0.8687534321801208
macro avg,0.8687375985518335,0.8689786228438183,0.8687738839673441,1821.0
weighted avg,0.8687352235075905,0.8689943338203553,0.8687534321801208,1821.0
