,f1-score,precision,recall,support
0,0.8572728651600182,0.860798050563509,0.8537764350453172,3310.0
1,0.8701531668276528,0.8669232884245257,0.8734072022160665,3610.0
accuracy,0.8640173410404625,0.8640173410404625,0.8640173410404625,0.8640173410404625
macro avg,0.8637130159938355,0.8638606694940174,0.8635918186306919,6920.0
weighted avg,0.8639922132843189,0.8639934419910047,0.8640173410404625,6920.0
