,f1-score,precision,recall,support
0,0.891211541292507,0.8690783807062877,0.9145015105740181,3310.0
1,0.8951326805732935,0.9176607506546407,0.8736842105263158,3610.0
accuracy,0.8932080924855491,0.8932080924855491,0.8932080924855491,0.8932080924855491
macro avg,0.8931721109329003,0.8933695656804642,0.894092860550167,6920.0
weighted avg,0.893257106726559,0.8944226517342581,0.8932080924855491,6920.0
