,f1-score,precision,recall,support
0,0.8937162851727657,0.8636235559312483,0.9259818731117825,3310.0
1,0.8955737000429738,0.9273212696529219,0.8659279778393352,3610.0
accuracy,0.8946531791907515,0.8946531791907515,0.8946531791907515,0.8946531791907515
macro avg,0.8946449926078697,0.8954724127920851,0.8959549254755588,6920.0
weighted avg,0.8946852544908945,0.8968531435808498,0.8946531791907515,6920.0
