,f1-score,precision,recall,support
0,0.6788935049143783,0.6880262887656603,0.67,5000.0
1,0.687197709999013,0.6784252582342624,0.6962,5000.0
accuracy,0.6831,0.6831,0.6831,0.6831
macro avg,0.6830456074566956,0.6832257734999614,0.6831,10000.0
weighted avg,0.6830456074566956,0.6832257734999614,0.6831,10000.0
