,f1-score,precision,recall,support
0,0.5776805251641138,0.9134948096885813,0.4224,5000.0
1,0.7566204287515763,0.6243496357960457,0.96,5000.0
accuracy,0.6912,0.6912,0.6912,0.6912
macro avg,0.6671504769578451,0.7689222227423136,0.6912,10000.0
weighted avg,0.667150476957845,0.7689222227423136,0.6912,10000.0
