,f1-score,precision,recall,support
0,0.5806097226036803,0.9263803680981595,0.4228,5000.0
1,0.7598679037584525,0.626068929774553,0.9664,5000.0
accuracy,0.6946,0.6946,0.6946,0.6946
macro avg,0.6702388131810664,0.7762246489363562,0.6946,10000.0
weighted avg,0.6702388131810664,0.7762246489363562,0.6946,10000.0
