,f1-score,precision,recall,support
0,0.8342924022237393,0.8142014087188273,0.8554,5000.0
1,0.8256899558838617,0.8476932799662945,0.8048,5000.0
accuracy,0.8301,0.8301,0.8301,0.8301
macro avg,0.8299911790538006,0.8309473443425609,0.8301000000000001,10000.0
weighted avg,0.8299911790538005,0.830947344342561,0.8301,10000.0
