,f1-score,precision,recall,support
0,0.7502634351949421,0.9048291443095171,0.6408,5000.0
1,0.8138581028012916,0.7219383805542654,0.9326,5000.0
accuracy,0.7867,0.7867,0.7867,0.7867
macro avg,0.7820607689981168,0.8133837624318913,0.7867,10000.0
weighted avg,0.7820607689981168,0.8133837624318913,0.7867,10000.0
