,f1-score,precision,recall,support
0,0.7726527745258722,0.9316770186335404,0.66,5000.0
1,0.8305114330598709,0.7367606069990709,0.9516,5000.0
accuracy,0.8058,0.8058,0.8058,0.8058
macro avg,0.8015821037928715,0.8342188128163056,0.8058000000000001,10000.0
weighted avg,0.8015821037928715,0.8342188128163056,0.8058,10000.0
