,f1-score,precision,recall,support
0,0.8262582840766612,0.748134933506325,0.9226,5000.0
1,0.7803939325333937,0.8990610328638498,0.6894,5000.0
accuracy,0.806,0.806,0.806,0.806
macro avg,0.8033261083050275,0.8235979831850874,0.806,10000.0
weighted avg,0.8033261083050275,0.8235979831850873,0.806,10000.0
