,f1-score,precision,recall,support
0,0.8426598837209303,0.771970705725699,0.9276,5000.0
1,0.8073843416370108,0.9093186372745491,0.726,5000.0
accuracy,0.8268,0.8268,0.8268,0.8268
macro avg,0.8250221126789705,0.8406446715001241,0.8268,10000.0
weighted avg,0.8250221126789705,0.840644671500124,0.8268,10000.0
