,f1-score,precision,recall,support
0,0.83991462113127,0.9004576659038902,0.787,5000.0
1,0.8588899341486359,0.8108348134991119,0.913,5000.0
accuracy,0.85,0.85,0.85,0.85
macro avg,0.849402277639953,0.855646239701501,0.8500000000000001,10000.0
weighted avg,0.849402277639953,0.855646239701501,0.85,10000.0
