,f1-score,precision,recall,support
0,0.8440806548213217,0.8425667596652052,0.8456,5000.0
1,0.8435183329993988,0.8450421517462866,0.842,5000.0
accuracy,0.8438,0.8438,0.8438,0.8438
macro avg,0.8437994939103602,0.8438044557057459,0.8438,10000.0
weighted avg,0.8437994939103602,0.8438044557057459,0.8438,10000.0
