,f1-score,precision,recall,support
0,0.8457243608580665,0.8287579189863697,0.8634,5000.0
1,0.8391379838627312,0.857441035274473,0.8216,5000.0
accuracy,0.8425,0.8425,0.8425,0.8425
macro avg,0.8424311723603988,0.8430994771304214,0.8425,10000.0
weighted avg,0.8424311723603987,0.8430994771304213,0.8425,10000.0
