,f1-score,precision,recall,support
0,0.866052866052866,0.8574789257008429,0.8748,5000.0
1,0.8633195272249722,0.8722188201673811,0.8546,5000.0
accuracy,0.8647,0.8647,0.8647,0.8647
macro avg,0.8646861966389191,0.864848872934112,0.8647,10000.0
weighted avg,0.8646861966389191,0.864848872934112,0.8647,10000.0
