,f1-score,precision,recall,support
0,0.830936001667709,0.867653461036134,0.7972,5000.0
1,0.844128387468768,0.8124306326304107,0.8784,5000.0
accuracy,0.8378,0.8378,0.8378,0.8378
macro avg,0.8375321945682385,0.8400420468332723,0.8378,10000.0
weighted avg,0.8375321945682385,0.8400420468332724,0.8378,10000.0
