,f1-score,precision,recall,support
0,0.8564843913681123,0.8992520897492301,0.8176,5000.0
1,0.8689496843313564,0.8327832783278328,0.9084,5000.0
accuracy,0.863,0.863,0.863,0.863
macro avg,0.8627170378497344,0.8660176840385314,0.863,10000.0
weighted avg,0.8627170378497343,0.8660176840385315,0.863,10000.0
