,f1-score,precision,recall,support
0,0.8437874550539353,0.8427773343974462,0.8448,5000.0
1,0.8434120945134161,0.8444266238973537,0.8424,5000.0
accuracy,0.8436,0.8436,0.8436,0.8436
macro avg,0.8435997747836756,0.8436019791473999,0.8436,10000.0
weighted avg,0.8435997747836759,0.8436019791473999,0.8436,10000.0
