,f1-score,precision,recall,support
0,0.8689613526570047,0.8745948136142626,0.8634,5000.0
1,0.8706279809220986,0.8651263823064771,0.8762,5000.0
accuracy,0.8698,0.8698,0.8698,0.8698
macro avg,0.8697946667895516,0.8698605979603699,0.8697999999999999,10000.0
weighted avg,0.8697946667895516,0.8698605979603699,0.8698,10000.0
