,f1-score,precision,recall,support
0,0.8464017185821697,0.7833001988071571,0.9205607476635514,428.0
1,0.824108241082411,0.907859078590786,0.7545045045045045,444.0
accuracy,0.8360091743119266,0.8360091743119266,0.8360091743119266,0.8360091743119266
macro avg,0.8352549798322904,0.8455796386989716,0.8375326260840279,872.0
weighted avg,0.8350504525157787,0.8467223807153351,0.8360091743119266,872.0
