,f1-score,precision,recall,support
0,0.8477611940298507,0.7694581280788177,0.9438066465256798,3310.0
1,0.8265842349304483,0.9349650349650349,0.7407202216066482,3610.0
accuracy,0.8378612716763005,0.8378612716763005,0.8378612716763005,0.8378612716763005
macro avg,0.8371727144801495,0.8522115815219263,0.842263434066164,6920.0
weighted avg,0.8367136763493821,0.8557991589833327,0.8378612716763005,6920.0
