,f1-score,precision,recall,support
0,0.815,0.8763440860215054,0.7616822429906542,428.0
1,0.8432203389830508,0.796,0.8963963963963963,444.0
accuracy,0.8302752293577982,0.8302752293577982,0.8302752293577982,0.8302752293577982
macro avg,0.8291101694915254,0.8361720430107527,0.8290393196935253,872.0
weighted avg,0.8293690716840305,0.8354349413041334,0.8302752293577982,872.0
