,f1-score,precision,recall,support
0,0.8458882611424984,0.8801436969301111,0.8141993957703928,3310.0
1,0.8685056239957152,0.8405909797822706,0.8983379501385041,3610.0
accuracy,0.858092485549133,0.858092485549133,0.858092485549133,0.858092485549133
macro avg,0.8571969425691068,0.8603673383561908,0.8562686729544484,6920.0
weighted avg,0.8576872033245955,0.8595099817706162,0.858092485549133,6920.0
