,f1-score,precision,recall,support
0,0.861037037037037,0.8447674418604652,0.8779456193353474,3310.0
1,0.8677009873060648,0.8839080459770114,0.8520775623268698,3610.0
accuracy,0.8644508670520231,0.8644508670520231,0.8644508670520231,0.8644508670520231
macro avg,0.8643690121715509,0.8643377439187383,0.8650115908311087,6920.0
weighted avg,0.8645134619606195,0.8651861674183745,0.8644508670520231,6920.0
