,f1-score,precision,recall,support
0,0.8351383874849578,0.8610421836228288,0.8107476635514018,428.0
1,0.8499452354874041,0.8272921108742004,0.8738738738738738,444.0
accuracy,0.8428899082568807,0.8428899082568807,0.8428899082568807,0.8428899082568807
macro avg,0.8425418114861809,0.8441671472485146,0.8423107687126379,872.0
weighted avg,0.8426776541284053,0.843857513553573,0.8428899082568807,872.0
