,f1-score,precision,recall,support
0,0.860751879699248,0.8568862275449102,0.8646525679758308,3310.0
1,0.871210013908206,0.8748603351955307,0.867590027700831,3610.0
accuracy,0.8661849710982659,0.8661849710982659,0.8661849710982659,0.8661849710982659
macro avg,0.865980946803727,0.8658732813702205,0.8661212978383309,6920.0
weighted avg,0.8662076404643257,0.8662628935302773,0.8661849710982659,6920.0
