,f1-score,precision,recall,support
0,0.8341232227488151,0.8461538461538461,0.822429906542056,428.0
1,0.8444444444444446,0.8333333333333334,0.8558558558558559,444.0
accuracy,0.8394495412844036,0.8394495412844036,0.8394495412844036,0.8394495412844036
macro avg,0.8392838335966298,0.8397435897435898,0.839142881198956,872.0
weighted avg,0.8393785237039292,0.8396259703599154,0.8394495412844036,872.0
