,f1-score,precision,recall,support
0,0.8619768477292965,0.8471411901983664,0.8773413897280967,3310.0
1,0.8690509715573078,0.8837342497136311,0.8548476454293629,3610.0
accuracy,0.865606936416185,0.865606936416185,0.865606936416185,0.865606936416185
macro avg,0.8655139096433022,0.8654377199559988,0.8660945175787298,6920.0
weighted avg,0.8656672504777243,0.8662309221131216,0.865606936416185,6920.0
