,f1-score,precision,recall,support
0,0.8035714285714286,0.8848314606741573,0.735981308411215,428.0
1,0.8395833333333335,0.7810077519379846,0.9076576576576577,444.0
accuracy,0.823394495412844,0.823394495412844,0.823394495412844,0.823394495412844
macro avg,0.821577380952381,0.8329196063060709,0.8218194830344363,872.0
weighted avg,0.8219077653997379,0.8319670952167483,0.823394495412844,872.0
