,f1-score,precision,recall,support
0,0.8253709440730475,0.8965639390719093,0.7646525679758308,3310.0
1,0.8610354223433242,0.809860873810105,0.9191135734072022,3610.0
accuracy,0.8452312138728324,0.8452312138728324,0.8452312138728324,0.8452312138728324
macro avg,0.8432031832081859,0.8532124064410072,0.8418830706915166,6920.0
weighted avg,0.8439762571591312,0.8513330047373553,0.8452312138728324,6920.0
