,f1-score,precision,recall,support
0,0.8503767491926804,0.7884231536926147,0.9228971962616822,428.0
1,0.8294478527607361,0.9110512129380054,0.7612612612612613,444.0
accuracy,0.8405963302752294,0.8405963302752294,0.8405963302752294,0.8405963302752294
macro avg,0.8399123009767082,0.84973718331531,0.8420792287614718,872.0
weighted avg,0.8397202927525619,0.8508622113817815,0.8405963302752294,872.0
