,f1-score,precision,recall,support
0,0.8455284552845528,0.8406466512702079,0.8504672897196262,428.0
1,0.8493771234428086,0.8542141230068337,0.8445945945945946,444.0
accuracy,0.8474770642201835,0.8474770642201835,0.8474770642201835,0.8474770642201835
macro avg,0.8474527893636807,0.8474303871385208,0.8475309421571104,872.0
weighted avg,0.8474880982458666,0.847554859356288,0.8474770642201835,872.0
