,f1-score,precision,recall,support
0,0.8478015783540023,0.8191721132897604,0.8785046728971962,428.0
1,0.8424737456242707,0.87409200968523,0.8130630630630631,444.0
accuracy,0.8451834862385321,0.8451834862385321,0.8451834862385321,0.8451834862385321
macro avg,0.8451376619891364,0.8466320614874951,0.8457838679801297,872.0
weighted avg,0.8450887827897812,0.8471359137480041,0.8451834862385321,872.0
