,f1-score,precision,recall,support
0,0.8821689259645464,0.8701146047605054,0.8945619335347432,3310.0
1,0.8890136102146766,0.9007676997441001,0.8775623268698061,3610.0
accuracy,0.8856936416184971,0.8856936416184971,0.8856936416184971,0.8856936416184971
macro avg,0.8855912680896115,0.8854411522523027,0.8860621302022746,6920.0
weighted avg,0.8857396355227791,0.8861055979528142,0.8856936416184971,6920.0
