,f1-score,precision,recall,support
0,0.748688602765856,0.9268004722550177,0.628,5000.0
1,0.8184636582845334,0.7186932849364791,0.9504,5000.0
accuracy,0.7892,0.7892,0.7892,0.7892
macro avg,0.7835761305251947,0.8227468785957484,0.7892,10000.0
weighted avg,0.7835761305251946,0.8227468785957485,0.7892,10000.0
