,f1-score,precision,recall,support
0,0.7699290119865005,0.9206790982465906,0.6616,5000.0
1,0.8266853686332952,0.7359138442328703,0.943,5000.0
accuracy,0.8023,0.8023,0.8023,0.8023
macro avg,0.7983071903098979,0.8282964712397305,0.8023,10000.0
weighted avg,0.7983071903098978,0.8282964712397305,0.8023,10000.0
