,f1-score,precision,recall,support
0,0.7816624218569114,0.9279824079164376,0.6752,5000.0
1,0.834008097165992,0.7447343602640679,0.9476,5000.0
accuracy,0.8114,0.8114,0.8114,0.8114
macro avg,0.8078352595114517,0.8363583840902528,0.8114,10000.0
weighted avg,0.8078352595114516,0.8363583840902528,0.8114,10000.0
