,f1-score,precision,recall,support
0,0.8626909807787088,0.8505344995140913,0.8752,5000.0
1,0.8586504312531709,0.8714727085478887,0.8462,5000.0
accuracy,0.8607,0.8607,0.8607,0.8607
macro avg,0.8606707060159398,0.8610036040309901,0.8607,10000.0
weighted avg,0.8606707060159399,0.8610036040309901,0.8607,10000.0
