,f1-score,precision,recall,support
0,0.8398053225639432,0.8707322310500322,0.811,5000.0
1,0.8504302426762061,0.8231330713082537,0.8796,5000.0
accuracy,0.8453,0.8453,0.8453,0.8453
macro avg,0.8451177826200746,0.846932651179143,0.8453,10000.0
weighted avg,0.8451177826200746,0.8469326511791431,0.8453,10000.0
