,f1-score,precision,recall,support
0,0.8567857514842204,0.8939361008476419,0.8226,5000.0
1,0.867775747668045,0.8357103167253195,0.9024,5000.0
accuracy,0.8625,0.8625,0.8625,0.8625
macro avg,0.8622807495761327,0.8648232087864807,0.8625,10000.0
weighted avg,0.8622807495761328,0.8648232087864806,0.8625,10000.0
