,f1-score,precision,recall,support
0,0.8429055789581835,0.8666807521656454,0.8204,5000.0
1,0.8510762637576703,0.8295044617429277,0.8738,5000.0
accuracy,0.8471,0.8471,0.8471,0.8471
macro avg,0.846990921357927,0.8480926069542866,0.8471,10000.0
weighted avg,0.8469909213579269,0.8480926069542866,0.8471,10000.0
