,f1-score,precision,recall,support
0,0.8606311433005691,0.8915326902465166,0.8318,5000.0
1,0.8696661828737301,0.8423617619493908,0.8988,5000.0
accuracy,0.8653,0.8653,0.8653,0.8653
macro avg,0.8651486630871497,0.8669472260979537,0.8653,10000.0
weighted avg,0.8651486630871495,0.8669472260979537,0.8653,10000.0
