,f1-score,precision,recall,support
0,0.844617433166035,0.8656309048918749,0.8246,5000.0
1,0.851812054312787,0.832537712430781,0.872,5000.0
accuracy,0.8483,0.8483,0.8483,0.8483
macro avg,0.848214743739411,0.849084308661328,0.8483,10000.0
weighted avg,0.848214743739411,0.849084308661328,0.8483,10000.0
