,f1-score,precision,recall,support
0,0.8395266763545775,0.8726801899007337,0.8088,5000.0
1,0.8508585761142196,0.8218412225121133,0.882,5000.0
accuracy,0.8454,0.8454,0.8454,0.8454
macro avg,0.8451926262343985,0.8472607062064235,0.8453999999999999,10000.0
weighted avg,0.8451926262343986,0.8472607062064235,0.8454,10000.0
