,f1-score,precision,recall,support
0,0.8474370639975736,0.8568799836434267,0.8382,5000.0
1,0.850727074883767,0.8416519866901546,0.86,5000.0
accuracy,0.8491,0.8491,0.8491,0.8491
macro avg,0.8490820694406702,0.8492659851667906,0.8491,10000.0
weighted avg,0.8490820694406702,0.8492659851667906,0.8491,10000.0
