,f1-score,precision,recall,support
0,0.853381208856972,0.8600723763570567,0.8467933491686461,3368.0
1,0.8556275780789628,0.8491228070175438,0.8622327790973872,3368.0
accuracy,0.8545130641330166,0.8545130641330166,0.8545130641330166,0.8545130641330166
macro avg,0.8545043934679675,0.8545975916873003,0.8545130641330166,6736.0
weighted avg,0.8545043934679674,0.8545975916873002,0.8545130641330166,6736.0
