,f1-score,precision,recall,support
0,0.7681610247026534,0.7079258010118044,0.8396,5000.0
1,0.7206174200661521,0.802948402948403,0.6536,5000.0
accuracy,0.7466,0.7466,0.7466,0.7466
macro avg,0.7443892223844027,0.7554371019801036,0.7465999999999999,10000.0
weighted avg,0.7443892223844027,0.7554371019801037,0.7466,10000.0
