,f1-score,precision,recall,support
0,0.7666635592430316,0.718002444560852,0.8224,5000.0
1,0.7300765663754988,0.7921834776503628,0.677,5000.0
accuracy,0.7497,0.7497,0.7497,0.7497
macro avg,0.7483700628092652,0.7550929611056074,0.7497,10000.0
weighted avg,0.7483700628092652,0.7550929611056073,0.7497,10000.0
