,f1-score,precision,recall,support
0,0.7168066204210781,0.9154491762511657,0.589,5000.0
1,0.8025120936943053,0.6970367094206104,0.9456,5000.0
accuracy,0.7673,0.7673,0.7673,0.7673
macro avg,0.7596593570576917,0.806242942835888,0.7673,10000.0
weighted avg,0.7596593570576917,0.806242942835888,0.7673,10000.0
