,f1-score,precision,recall,support
0,0.7249482527699986,0.9265483971366324,0.5954,5000.0
1,0.8083481801985237,0.7019301606011492,0.9528,5000.0
accuracy,0.7741,0.7741,0.7741,0.7741
macro avg,0.7666482164842612,0.8142392788688908,0.7741,10000.0
weighted avg,0.7666482164842612,0.8142392788688909,0.7741,10000.0
