,f1-score,precision,recall,support
0,0.8502909893638371,0.8532017720499396,0.8474,5000.0
1,0.8513055610922862,0.8484306714342471,0.8542,5000.0
accuracy,0.8508,0.8508,0.8508,0.8508
macro avg,0.8507982752280616,0.8508162217420934,0.8508,10000.0
weighted avg,0.8507982752280615,0.8508162217420934,0.8508,10000.0
