,f1-score,precision,recall,support
0,0.845708680725846,0.8298363811357075,0.8622,5000.0
1,0.839571647118817,0.8566077003121748,0.8232,5000.0
accuracy,0.8427,0.8427,0.8427,0.8427
macro avg,0.8426401639223315,0.8432220407239411,0.8427,10000.0
weighted avg,0.8426401639223315,0.8432220407239412,0.8427,10000.0
