,f1-score,precision,recall,support
0,0.8482611229842626,0.8247072157159048,0.8732,5000.0
1,0.8390686173500926,0.8652783680407989,0.8144,5000.0
accuracy,0.8438,0.8438,0.8438,0.8438
macro avg,0.8436648701671776,0.8449927918783519,0.8438,10000.0
weighted avg,0.8436648701671776,0.8449927918783519,0.8438,10000.0
