,f1-score,precision,recall,support
0,0.8443662623831127,0.7860713670056887,0.912,5000.0
1,0.8172627459506469,0.8952131459871397,0.7518,5000.0
accuracy,0.8319,0.8319,0.8319,0.8319
macro avg,0.8308145041668797,0.8406422564964142,0.8319000000000001,10000.0
weighted avg,0.8308145041668799,0.8406422564964143,0.8319,10000.0
