,f1-score,precision,recall,support
0,0.8681967213114754,0.8165638766519824,0.9268,5000.0
1,0.8491152815013405,0.9153757225433526,0.7918,5000.0
accuracy,0.8593,0.8593,0.8593,0.8593
macro avg,0.858656001406408,0.8659697995976675,0.8593,10000.0
weighted avg,0.858656001406408,0.8659697995976676,0.8593,10000.0
