,f1-score,precision,recall,support
0,0.8482996550024643,0.8363459669582118,0.8606,5000.0
1,0.8438356164383561,0.8564366632337796,0.8316,5000.0
accuracy,0.8461,0.8461,0.8461,0.8461
macro avg,0.8460676357204102,0.8463913150959957,0.8461000000000001,10000.0
weighted avg,0.8460676357204102,0.8463913150959957,0.8461,10000.0
