,f1-score,precision,recall,support
0,0.8461151874560258,0.8504748434027076,0.8418,5000.0
1,0.8476768480748185,0.8433973470599881,0.852,5000.0
accuracy,0.8469,0.8469,0.8469,0.8469
macro avg,0.8468960177654221,0.8469360952313478,0.8469,10000.0
weighted avg,0.8468960177654222,0.846936095231348,0.8469,10000.0
