,f1-score,precision,recall,support
0,0.8781478472786353,0.891914191419142,0.8648,5000.0
1,0.8817966903073285,0.8687888198757764,0.8952,5000.0
accuracy,0.88,0.88,0.88,0.88
macro avg,0.8799722687929818,0.8803515056474591,0.88,10000.0
weighted avg,0.879972268792982,0.8803515056474592,0.88,10000.0
