,f1-score,precision,recall,support
0,0.8564657087838837,0.8545669524091043,0.8583729216152018,3368.0
1,0.855825026037792,0.8577393379063525,0.8539192399049881,3368.0
accuracy,0.856146080760095,0.856146080760095,0.856146080760095,0.856146080760095
macro avg,0.8561453674108379,0.8561531451577284,0.8561460807600949,6736.0
weighted avg,0.8561453674108379,0.8561531451577284,0.856146080760095,6736.0
