,f1-score,precision,recall,support
0,0.7970566860465115,0.7301930758988016,0.8774,5000.0
1,0.7515569395017794,0.8464428857715431,0.6758,5000.0
accuracy,0.7766,0.7766,0.7766,0.7766
macro avg,0.7743068127741455,0.7883179808351723,0.7766,10000.0
weighted avg,0.7743068127741454,0.7883179808351723,0.7766,10000.0
