,f1-score,precision,recall,support
0,0.8442221110555278,0.8446446446446446,0.8438,5000.0
1,0.8443778110944529,0.843956043956044,0.8448,5000.0
accuracy,0.8443,0.8443,0.8443,0.8443
macro avg,0.8442999610749904,0.8443003443003443,0.8443,10000.0
weighted avg,0.8442999610749903,0.8443003443003443,0.8443,10000.0
