,f1-score,precision,recall,support
0,0.8576051779935274,0.867430441898527,0.848,5000.0
1,0.860759493670886,0.8513302034428795,0.8704,5000.0
accuracy,0.8592,0.8592,0.8592,0.8592
macro avg,0.8591823358322067,0.8593803226707033,0.8592,10000.0
weighted avg,0.8591823358322068,0.8593803226707032,0.8592,10000.0
