,f1-score,precision,recall,support
0,0.8427533306419056,0.8506519967400163,0.835,5000.0
1,0.8456202933016251,0.8379811468970935,0.8534,5000.0
accuracy,0.8442,0.8442,0.8442,0.8442
macro avg,0.8441868119717654,0.8443165718185549,0.8442000000000001,10000.0
weighted avg,0.8441868119717654,0.8443165718185548,0.8442,10000.0
