,f1-score,precision,recall,support
0,0.8581639946900849,0.876695180471521,0.8404,5000.0
1,0.8639169197609484,0.846744766660265,0.8818,5000.0
accuracy,0.8611,0.8611,0.8611,0.8611
macro avg,0.8610404572255166,0.8617199735658929,0.8611,10000.0
weighted avg,0.8610404572255167,0.8617199735658929,0.8611,10000.0
