,f1-score,precision,recall,support
0,0.8812443912653306,0.8787035195863989,0.8838,5000.0
1,0.8805536054558218,0.8831221082277207,0.878,5000.0
accuracy,0.8809,0.8809,0.8809,0.8809
macro avg,0.8808989983605762,0.8809128139070599,0.8809,10000.0
weighted avg,0.8808989983605763,0.8809128139070599,0.8809,10000.0
