,f1-score,precision,recall,support
0,0.855397951142632,0.84277950310559,0.8684,5000.0
1,0.8509341998375305,0.8642739273927392,0.838,5000.0
accuracy,0.8532,0.8532,0.8532,0.8532
macro avg,0.8531660754900812,0.8535267152491646,0.8532,10000.0
weighted avg,0.8531660754900812,0.8535267152491648,0.8532,10000.0
