,f1-score,precision,recall,support
0,0.8842251840063657,0.8795013850415513,0.889,5000.0
1,0.8829680273476775,0.8877881116053377,0.8782,5000.0
accuracy,0.8836,0.8836,0.8836,0.8836
macro avg,0.8835966056770217,0.8836447483234444,0.8835999999999999,10000.0
weighted avg,0.8835966056770216,0.8836447483234445,0.8836,10000.0
