,f1-score,precision,recall,support
0,0.8531579996015143,0.8499404525605398,0.8564,5000.0
1,0.852037743425015,0.8553002821442967,0.8488,5000.0
accuracy,0.8526,0.8526,0.8526,0.8526
macro avg,0.8525978715132647,0.8526203673524182,0.8526,10000.0
weighted avg,0.8525978715132647,0.8526203673524182,0.8526,10000.0
