,f1-score,precision,recall,support
0,0.8639385433594328,0.8597471331961188,0.8681710213776722,3368.0
1,0.8625988363419363,0.8668665667166416,0.8583729216152018,3368.0
accuracy,0.8632719714964371,0.8632719714964371,0.8632719714964371,0.8632719714964371
macro avg,0.8632686898506845,0.8633068499563803,0.863271971496437,6736.0
weighted avg,0.8632686898506845,0.8633068499563802,0.8632719714964371,6736.0
