,f1-score,precision,recall,support
0,0.8833182321554414,0.8893168457328198,0.8774,5000.0
1,0.8848713618754345,0.8790211170317742,0.8908,5000.0
accuracy,0.8841,0.8841,0.8841,0.8841
macro avg,0.8840947970154379,0.884168981382297,0.8841,10000.0
weighted avg,0.8840947970154379,0.8841689813822969,0.8841,10000.0
