,f1-score,precision,recall,support
0,0.8110831234256927,0.8797814207650273,0.7523364485981309,428.0
1,0.8421052631578947,0.7905138339920948,0.9009009009009009,444.0
accuracy,0.8279816513761468,0.8279816513761468,0.8279816513761468,0.8279816513761468
macro avg,0.8265941932917937,0.8351476273785611,0.8266186747495159,872.0
weighted avg,0.8268788000783277,0.8343286586925709,0.8279816513761468,872.0
