,f1-score,precision,recall,support
0,0.830694275274056,0.8676844783715013,0.7967289719626168,428.0
1,0.8494041170097508,0.8183716075156576,0.8828828828828829,444.0
accuracy,0.8405963302752294,0.8405963302752294,0.8405963302752294,0.8405963302752294
macro avg,0.8400491961419034,0.8430280429435795,0.8398059274227498,872.0
weighted avg,0.8402208460660842,0.8425756312843515,0.8405963302752294,872.0
