,f1-score,precision,recall,support
0,0.8589500316255535,0.9011280690112807,0.8205438066465257,3310.0
1,0.8813198509845662,0.847926267281106,0.9174515235457064,3610.0
accuracy,0.8710982658959537,0.8710982658959537,0.8710982658959537,0.8710982658959537
macro avg,0.8701349413050599,0.8745271681461934,0.868997665096116,6920.0
weighted avg,0.8706198362333621,0.873373949900597,0.8710982658959537,6920.0
