,f1-score,precision,recall,support
0,0.8365384615384616,0.8613861386138614,0.8130841121495327,428.0
1,0.8508771929824561,0.8290598290598291,0.8738738738738738,444.0
accuracy,0.8440366972477065,0.8440366972477065,0.8440366972477065,0.8440366972477065
macro avg,0.8437078272604588,0.8452229838368452,0.8434789930117033,872.0
weighted avg,0.8438393752553579,0.8449264121895607,0.8440366972477065,872.0
