,f1-score,precision,recall,support
0,0.8818426562967395,0.8732227488151659,0.8906344410876132,3310.0
1,0.8895722672630696,0.8978555304740407,0.8814404432132964,3610.0
accuracy,0.8858381502890174,0.8858381502890174,0.8858381502890174,0.8858381502890174
macro avg,0.8857074617799046,0.8855391396446033,0.8860374421504549,6920.0
weighted avg,0.885875011150562,0.8860730872239141,0.8858381502890174,6920.0
