,f1-score,precision,recall,support
0,0.879604178119846,0.8820286659316428,0.8771929824561403,912.0
1,0.8798683488754799,0.8774617067833698,0.8822882288228823,909.0
accuracy,0.8797364085667215,0.8797364085667215,0.8797364085667215,0.8797364085667215
macro avg,0.879736263497663,0.8797451863575063,0.8797406056395113,1821.0
weighted avg,0.8797360458940751,0.8797489482678426,0.8797364085667215,1821.0
