,f1-score,precision,recall,support
0,0.8455640744797371,0.7958762886597938,0.9018691588785047,428.0
1,0.8303249097472923,0.8914728682170543,0.777027027027027,444.0
accuracy,0.838302752293578,0.838302752293578,0.838302752293578,0.838302752293578
macro avg,0.8379444921135147,0.8436745784384241,0.8394480929527659,872.0
weighted avg,0.8378046832627583,0.8445516112783988,0.838302752293578,872.0
