,f1-score,precision,recall,support
0,0.8241206030150754,0.8913043478260869,0.7663551401869159,428.0
1,0.8523206751054853,0.8015873015873016,0.9099099099099099,444.0
accuracy,0.8394495412844036,0.8394495412844036,0.8394495412844036,0.8394495412844036
macro avg,0.8382206390602803,0.8464458247066943,0.8381325250484128,872.0
weighted avg,0.8384793553179906,0.845622732539366,0.8394495412844036,872.0
