,f1-score,precision,recall,support
0,0.8507638072855463,0.8557919621749409,0.8457943925233645,428.0
1,0.8577827547592384,0.8530066815144766,0.8626126126126126,444.0
accuracy,0.8543577981651376,0.8543577981651376,0.8543577981651376,0.8543577981651376
macro avg,0.8542732810223923,0.8543993218447088,0.8542035025679886,872.0
weighted avg,0.8543376750359125,0.8543737688111265,0.8543577981651376,872.0
