,f1-score,precision,recall,support
0,0.8755548752487372,0.8873720136518771,0.8640483383685801,3310.0
1,0.8887368276994663,0.8782796862320801,0.8994459833795014,3610.0
accuracy,0.882514450867052,0.882514450867052,0.882514450867052,0.882514450867052
macro avg,0.8821458514741017,0.8828258499419785,0.8817471608740408,6920.0
weighted avg,0.8824315874376291,0.8826287619198732,0.882514450867052,6920.0
