,f1-score,precision,recall,support
0,0.854066985645933,0.875,0.8341121495327103,428.0
1,0.8656387665198237,0.8469827586206896,0.8851351351351351,444.0
accuracy,0.8600917431192661,0.8600917431192661,0.8600917431192661,0.8600917431192661
macro avg,0.8598528760828783,0.8609913793103448,0.8596236423339227,872.0
weighted avg,0.8599590392101617,0.860734340398608,0.8600917431192661,872.0
