,f1-score,precision,recall,support
0,0.8142326378965418,0.7765058599073317,0.8558125563232202,3329.0
1,0.794238683127572,0.8394111743057879,0.7536797837188345,3329.0
accuracy,0.8047461700210273,0.8047461700210273,0.8047461700210273,0.8047461700210273
macro avg,0.8042356605120569,0.8079585171065597,0.8047461700210273,6658.0
weighted avg,0.8042356605120567,0.8079585171065597,0.8047461700210273,6658.0
