,f1-score,precision,recall,support
0,0.8040171606864274,0.7844368340943684,0.8246,5000.0
1,0.7937192118226601,0.8151349072512648,0.7734,5000.0
accuracy,0.799,0.799,0.799,0.799
macro avg,0.7988681862545437,0.7997858706728166,0.7989999999999999,10000.0
weighted avg,0.7988681862545438,0.7997858706728166,0.799,10000.0
