,f1-score,precision,recall,support
0,0.8482446206115517,0.8021419009370817,0.899969960949234,3329.0
1,0.8285348688419705,0.8860759493670886,0.778011414839291,3329.0
accuracy,0.8389906878942626,0.8389906878942626,0.8389906878942626,0.8389906878942626
macro avg,0.8383897447267611,0.8441089251520851,0.8389906878942626,6658.0
weighted avg,0.8383897447267611,0.8441089251520852,0.8389906878942626,6658.0
