,f1-score,precision,recall,support
0,0.8537296846784276,0.7940568475452197,0.9231000300390507,3329.0
1,0.8278567925453655,0.9081779053084649,0.7605887653950135,3329.0
accuracy,0.8418443977170321,0.8418443977170321,0.8418443977170321,0.8418443977170321
macro avg,0.8407932386118966,0.8511173764268423,0.8418443977170321,6658.0
weighted avg,0.8407932386118965,0.8511173764268422,0.8418443977170321,6658.0
