,f1-score,precision,recall,support
0,0.8584693303320202,0.8073564435035724,0.9164914388705316,3329.0
1,0.8379510309278351,0.9034386939909691,0.7813157104235506,3329.0
accuracy,0.8489035746470411,0.8489035746470411,0.8489035746470411,0.8489035746470411
macro avg,0.8482101806299276,0.8553975687472708,0.8489035746470411,6658.0
weighted avg,0.8482101806299276,0.8553975687472708,0.8489035746470411,6658.0
