,f1-score,precision,recall,support
0,0.8673167848699763,0.8534457691189299,0.8816461399819766,3329.0
1,0.8628588882101406,0.8776017396707052,0.8486031841393812,3329.0
accuracy,0.8651246620606788,0.8651246620606788,0.8651246620606788,0.8651246620606788
macro avg,0.8650878365400585,0.8655237543948175,0.865124662060679,6658.0
weighted avg,0.8650878365400585,0.8655237543948175,0.8651246620606788,6658.0
