,f1-score,precision,recall,support
0,0.8667152221412964,0.8413461538461539,0.8936617602883749,3329.0
1,0.8581615253449079,0.8866111467008329,0.8314809252027636,3329.0
accuracy,0.8625713427455692,0.8625713427455692,0.8625713427455692,0.8625713427455692
macro avg,0.8624383737431021,0.8639786502734934,0.8625713427455692,6658.0
weighted avg,0.8624383737431022,0.8639786502734933,0.8625713427455692,6658.0
