,f1-score,precision,recall,support
0,0.8223306544202067,0.7873042044517725,0.8606188044457795,3329.0
1,0.8049779458097038,0.8463067240808214,0.7674977470711926,3329.0
accuracy,0.814058275758486,0.814058275758486,0.814058275758486,0.814058275758486
macro avg,0.8136543001149552,0.816805464266297,0.814058275758486,6658.0
weighted avg,0.8136543001149552,0.8168054642662969,0.814058275758486,6658.0
