,f1-score,precision,recall,support
0,0.8119005676257585,0.7949405902644692,0.8296,5000.0
1,0.8035166632590472,0.821831869510665,0.786,5000.0
accuracy,0.8078,0.8078,0.8078,0.8078
macro avg,0.8077086154424029,0.808386229887567,0.8078000000000001,10000.0
weighted avg,0.8077086154424029,0.8083862298875671,0.8078,10000.0
