,f1-score,precision,recall,support
0,0.8310738110608995,0.8993945039590125,0.7724,5000.0
1,0.8533532598542873,0.8005608131791097,0.9136,5000.0
accuracy,0.843,0.843,0.843,0.843
macro avg,0.8422135354575935,0.849977658569061,0.843,10000.0
weighted avg,0.8422135354575934,0.8499776585690612,0.843,10000.0
