,f1-score,precision,recall,support
0,0.8605921241736131,0.825020666850372,0.8993691799339141,3329.0
1,0.8474363007234978,0.8894024430505117,0.8092520276359267,3329.0
accuracy,0.8543106037849204,0.8543106037849204,0.8543106037849204,0.8543106037849204
macro avg,0.8540142124485555,0.8572115549504419,0.8543106037849204,6658.0
weighted avg,0.8540142124485555,0.8572115549504419,0.8543106037849204,6658.0
