,f1-score,precision,recall,support
0,0.8614907434331687,0.8358096671055106,0.8888,5000.0
1,0.8524217701125685,0.8812726884475763,0.8254,5000.0
accuracy,0.8571,0.8571,0.8571,0.8571
macro avg,0.8569562567728686,0.8585411777765435,0.8571,10000.0
weighted avg,0.8569562567728685,0.8585411777765436,0.8571,10000.0
