,f1-score,precision,recall,support
0,0.7986968449931413,0.9304834198961246,0.6996094923400421,3329.0
1,0.8431320149652592,0.7593261131167268,0.9477320516671673,3329.0
accuracy,0.8236707720036047,0.8236707720036047,0.8236707720036047,0.8236707720036047
macro avg,0.8209144299792003,0.8449047665064258,0.8236707720036047,6658.0
weighted avg,0.8209144299792002,0.8449047665064258,0.8236707720036047,6658.0
