,f1-score,precision,recall,support
0,0.8519685039370078,0.8953988745448527,0.8125563232201862,3329.0
1,0.8650588573069192,0.8284300247456695,0.9050765995794533,3329.0
accuracy,0.8588164613998198,0.8588164613998198,0.8588164613998198,0.8588164613998198
macro avg,0.8585136806219635,0.8619144496452611,0.8588164613998197,6658.0
weighted avg,0.8585136806219634,0.8619144496452611,0.8588164613998198,6658.0
