,f1-score,precision,recall,support
0,0.865118261240145,0.925672594619243,0.812,5000.0
1,0.8807235726399095,0.8325614535090844,0.9348,5000.0
accuracy,0.8734,0.8734,0.8734,0.8734
macro avg,0.8729209169400273,0.8791170240641637,0.8734,10000.0
weighted avg,0.8729209169400272,0.8791170240641637,0.8734,10000.0
