,f1-score,precision,recall,support
0,0.8476988771152933,0.895123580494322,0.8050465605286873,3329.0
1,0.8622908622908622,0.8228711790393013,0.9056773805947732,3329.0
accuracy,0.8553619705617302,0.8553619705617302,0.8553619705617302,0.8553619705617302
macro avg,0.8549948697030778,0.8589973797668116,0.8553619705617302,6658.0
weighted avg,0.8549948697030777,0.8589973797668117,0.8553619705617302,6658.0
