,f1-score,precision,recall,support
0,0.8833605220228385,0.9009983361064892,0.8664,5000.0
1,0.8877551020408163,0.8713405238828967,0.9048,5000.0
accuracy,0.8856,0.8856,0.8856,0.8856
macro avg,0.8855578120318275,0.886169429994693,0.8855999999999999,10000.0
weighted avg,0.8855578120318274,0.8861694299946928,0.8856,10000.0
