,f1-score,precision,recall,support
0,0.8861649753843062,0.8903694730466384,0.882,5000.0
1,0.8872300189111179,0.8830988706162076,0.8914,5000.0
accuracy,0.8867,0.8867,0.8867,0.8867
macro avg,0.886697497147712,0.886734171831423,0.8867,10000.0
weighted avg,0.8866974971477121,0.886734171831423,0.8867,10000.0
