,f1-score,precision,recall,support
0,0.8673392561361241,0.8695652173913043,0.8651246620606788,3329.0
1,0.8680149812734083,0.865809922295278,0.8702313006908982,3329.0
accuracy,0.8676779813757886,0.8676779813757886,0.8676779813757886,0.8676779813757886
macro avg,0.8676771187047662,0.8676875698432911,0.8676779813757884,6658.0
weighted avg,0.8676771187047662,0.867687569843291,0.8676779813757886,6658.0
