,f1-score,precision,recall,support
0,0.8847174046113038,0.9029571012078301,0.8672,5000.0
1,0.8891939595999216,0.8722585609849942,0.9068,5000.0
accuracy,0.887,0.887,0.887,0.887
macro avg,0.8869556821056127,0.8876078310964122,0.887,10000.0
weighted avg,0.8869556821056127,0.8876078310964122,0.887,10000.0
