,f1-score,precision,recall,support
0,0.8505591978403394,0.8211094564408041,0.8822,5000.0
1,0.8390112172829248,0.8727312013828867,0.8078,5000.0
accuracy,0.845,0.845,0.845,0.845
macro avg,0.8447852075616321,0.8469203289118454,0.845,10000.0
weighted avg,0.844785207561632,0.8469203289118453,0.845,10000.0
