,f1-score,precision,recall,support
0,0.8435490784397771,0.9085872576177285,0.7872,5000.0
1,0.8631421072365955,0.8122794636556104,0.9208,5000.0
accuracy,0.854,0.854,0.854,0.854
macro avg,0.8533455928381863,0.8604333606366694,0.854,10000.0
weighted avg,0.8533455928381863,0.8604333606366695,0.854,10000.0
