,f1-score,precision,recall,support
0,0.8660833456918285,0.8553016988869362,0.8771402823670772,3329.0
1,0.8626198083067093,0.873921085080148,0.8516070892159808,3329.0
accuracy,0.864373685791529,0.864373685791529,0.864373685791529,0.864373685791529
macro avg,0.8643515769992689,0.8646113919835421,0.864373685791529,6658.0
weighted avg,0.8643515769992688,0.864611391983542,0.864373685791529,6658.0
