,f1-score,precision,recall,support
0,0.8650187265917603,0.8628212791392708,0.8672273956142986,3329.0
1,0.8643276614967625,0.8665458937198067,0.8621207569840793,3329.0
accuracy,0.8646740762991889,0.8646740762991889,0.8646740762991889,0.8646740762991889
macro avg,0.8646731940442614,0.8646835864295388,0.8646740762991889,6658.0
weighted avg,0.8646731940442614,0.8646835864295387,0.8646740762991889,6658.0
