,f1-score,precision,recall,support
0,0.8551358101779581,0.8901527461813454,0.8227696004806249,3329.0
1,0.8657018813314037,0.8352415526389276,0.8984680084109342,3329.0
accuracy,0.8606188044457795,0.8606188044457795,0.8606188044457795,0.8606188044457795
macro avg,0.8604188457546809,0.8626971494101365,0.8606188044457795,6658.0
weighted avg,0.8604188457546809,0.8626971494101365,0.8606188044457795,6658.0
