,f1-score,precision,recall,support
0,0.8675853804673457,0.8652524648939348,0.8699309101832382,3329.0
1,0.8668674698795181,0.8692237994563576,0.8645238810453589,3329.0
accuracy,0.8672273956142986,0.8672273956142986,0.8672273956142986,0.8672273956142986
macro avg,0.8672264251734318,0.8672381321751462,0.8672273956142986,6658.0
weighted avg,0.867226425173432,0.8672381321751462,0.8672273956142986,6658.0
