,f1-score,precision,recall,support
0,0.8613507884558166,0.8631484794275492,0.8595605700712589,3368.0
1,0.8619259259259259,0.8601419278533412,0.8637173396674585,3368.0
accuracy,0.8616389548693587,0.8616389548693587,0.8616389548693587,0.8616389548693587
macro avg,0.8616383571908712,0.8616452036404452,0.8616389548693586,6736.0
weighted avg,0.8616383571908712,0.8616452036404452,0.8616389548693587,6736.0
