,f1-score,precision,recall,support
0,0.8298850574712644,0.8167420814479638,0.8434579439252337,428.0
1,0.8306636155606407,0.8441860465116279,0.8175675675675675,444.0
accuracy,0.8302752293577982,0.8302752293577982,0.8302752293577982,0.8302752293577982
macro avg,0.8302743365159526,0.8304640639797958,0.8305127557464006,872.0
weighted avg,0.8302814792507175,0.8307158434757927,0.8302752293577982,872.0
