,f1-score,precision,recall,support
0,0.8372615039281706,0.8056155507559395,0.8714953271028038,428.0
1,0.8300117233294255,0.8655256723716381,0.7972972972972973,444.0
accuracy,0.8337155963302753,0.8337155963302753,0.8337155963302753,0.8337155963302753
macro avg,0.833636613628798,0.8355706115637889,0.8343963122000505,872.0
weighted avg,0.8335701018801858,0.8361202457070521,0.8337155963302753,872.0
