,f1-score,precision,recall,support
0,0.8730676499787264,0.8227746591820368,0.9299093655589123,3310.0
1,0.8681690970687878,0.9270210758100031,0.8163434903047091,3610.0
accuracy,0.8706647398843931,0.8706647398843931,0.8706647398843931,0.8706647398843931
macro avg,0.8706183735237571,0.8748978674960199,0.8731264279318107,6920.0
weighted avg,0.870512191018484,0.8771575441570308,0.8706647398843931,6920.0
