,f1-score,precision,recall,support
0,0.8808847705873561,0.8716356107660456,0.890332326283988,3310.0
1,0.8885158763463422,0.8974286521616276,0.8797783933518005,3610.0
accuracy,0.8848265895953757,0.8848265895953757,0.8848265895953757,0.8848265895953757
macro avg,0.8847003234668491,0.8845321314638366,0.8850553598178943,6920.0
weighted avg,0.8848657376090238,0.8850912291819489,0.8848265895953757,6920.0
