,f1-score,precision,recall,support
0,0.7353701527614571,0.8914529914529915,0.6258,5000.0
1,0.8040034812880766,0.7117103235747304,0.9238,5000.0
accuracy,0.7748,0.7748,0.7748,0.7748
macro avg,0.7696868170247668,0.801581657513861,0.7747999999999999,10000.0
weighted avg,0.7696868170247669,0.8015816575138609,0.7748,10000.0
