,f1-score,precision,recall,support
0,0.7323310050905647,0.897302001740644,0.6186,5000.0
1,0.8042932571626418,0.7089882496566459,0.9292,5000.0
accuracy,0.7739,0.7739,0.7739,0.7739
macro avg,0.7683121311266032,0.8031451256986449,0.7739,10000.0
weighted avg,0.7683121311266031,0.8031451256986449,0.7739,10000.0
