,f1-score,precision,recall,support
0,0.8118534482758621,0.8801401869158878,0.7534,5000.0
1,0.8371268656716417,0.7844405594405595,0.8974,5000.0
accuracy,0.8254,0.8254,0.8254,0.8254
macro avg,0.8244901569737519,0.8322903731782236,0.8253999999999999,10000.0
weighted avg,0.8244901569737519,0.8322903731782236,0.8254,10000.0
