,f1-score,precision,recall,support
0,0.8433759179157028,0.8484112527828375,0.8384,5000.0
1,0.8452132418729497,0.8402846412334454,0.8502,5000.0
accuracy,0.8443,0.8443,0.8443,0.8443
macro avg,0.8442945798943262,0.8443479470081414,0.8443,10000.0
weighted avg,0.8442945798943263,0.8443479470081413,0.8443,10000.0
