,f1-score,precision,recall,support
0,0.8521047803485882,0.8688422365412596,0.836,5000.0
1,0.8575915202669546,0.8419734052804009,0.8738,5000.0
accuracy,0.8549,0.8549,0.8549,0.8549
macro avg,0.8548481503077714,0.8554078209108302,0.8549,10000.0
weighted avg,0.8548481503077714,0.8554078209108302,0.8549,10000.0
