,f1-score,precision,recall,support
0,0.8480827397794907,0.8279672318536864,0.8692,5000.0
1,0.8403240693262229,0.8623447695222058,0.8194,5000.0
accuracy,0.8443,0.8443,0.8443,0.8443
macro avg,0.8442034045528568,0.8451560006879462,0.8443,10000.0
weighted avg,0.8442034045528568,0.845156000687946,0.8443,10000.0
