,f1-score,precision,recall,support
0,0.8489254108723135,0.8969278717720391,0.8058,5000.0
1,0.8635325466311382,0.8237109658678287,0.9074,5000.0
accuracy,0.8566,0.8566,0.8566,0.8566
macro avg,0.8562289787517259,0.8603194188199339,0.8566,10000.0
weighted avg,0.8562289787517259,0.8603194188199339,0.8566,10000.0
