,f1-score,precision,recall,support
0,0.8504077978913865,0.8458646616541353,0.855,5000.0
1,0.8487834305248341,0.8534169025475131,0.8442,5000.0
accuracy,0.8496,0.8496,0.8496,0.8496
macro avg,0.8495956142081103,0.8496407821008243,0.8495999999999999,10000.0
weighted avg,0.8495956142081105,0.8496407821008243,0.8496,10000.0
