,f1-score,precision,recall,support
0,0.8671456035616715,0.877534302682777,0.857,5000.0
1,0.8702184442028269,0.8602696892710573,0.8804,5000.0
accuracy,0.8687,0.8687,0.8687,0.8687
macro avg,0.8686820238822492,0.8689019959769171,0.8687,10000.0
weighted avg,0.8686820238822492,0.8689019959769172,0.8687,10000.0
