,f1-score,precision,recall,support
0,0.8517102812898166,0.8350951374207188,0.869,5000.0
1,0.8455649688680208,0.863456326870961,0.8284,5000.0
accuracy,0.8487,0.8487,0.8487,0.8487
macro avg,0.8486376250789187,0.84927573214584,0.8487,10000.0
weighted avg,0.8486376250789188,0.84927573214584,0.8487,10000.0
