,f1-score,precision,recall,support
0,0.8480651731160895,0.8639004149377594,0.8328,5000.0
1,0.8534381139489194,0.8386100386100386,0.8688,5000.0
accuracy,0.8508,0.8508,0.8508,0.8508
macro avg,0.8507516435325044,0.851255226773899,0.8508,10000.0
weighted avg,0.8507516435325044,0.8512552267738989,0.8508,10000.0
