,f1-score,precision,recall,support
0,0.849496981891348,0.8546558704453441,0.8444,5000.0
1,0.8512922465208749,0.8462450592885375,0.8564,5000.0
accuracy,0.8504,0.8504,0.8504,0.8504
macro avg,0.8503946142061114,0.8504504648669409,0.8504,10000.0
weighted avg,0.8503946142061115,0.8504504648669409,0.8504,10000.0
