,f1-score,precision,recall,support
0,0.8501411859620814,0.8574043938161107,0.843,5000.0
1,0.8526378421261405,0.8455940204563336,0.8598,5000.0
accuracy,0.8514,0.8514,0.8514,0.8514
macro avg,0.851389514044111,0.8514992071362222,0.8513999999999999,10000.0
weighted avg,0.8513895140441109,0.8514992071362222,0.8514,10000.0
