,f1-score,precision,recall,support
0,0.8566726511071214,0.8633896260554885,0.8500593824228029,3368.0
1,0.8588685916322922,0.8523391812865497,0.8654988123515439,3368.0
accuracy,0.8577790973871734,0.8577790973871734,0.8577790973871734,0.8577790973871734
macro avg,0.8577706213697068,0.8578644036710191,0.8577790973871734,6736.0
weighted avg,0.8577706213697068,0.8578644036710191,0.8577790973871734,6736.0
