,f1-score,precision,recall,support
0,0.8667621776504297,0.8874685666387259,0.847,5000.0
1,0.8727023856081344,0.853672532517215,0.8926,5000.0
accuracy,0.8698,0.8698,0.8698,0.8698
macro avg,0.8697322816292821,0.8705705495779704,0.8697999999999999,10000.0
weighted avg,0.8697322816292821,0.8705705495779704,0.8698,10000.0
