,f1-score,precision,recall,support
0,0.7989756722151088,0.8838526912181303,0.7289719626168224,428.0
1,0.8369678089304257,0.7764932562620424,0.9076576576576577,444.0
accuracy,0.819954128440367,0.819954128440367,0.819954128440367,0.819954128440367
macro avg,0.8179717405727672,0.8301729737400863,0.8183148101372401,872.0
weighted avg,0.8183202922857519,0.8291880247955351,0.819954128440367,872.0
