,f1-score,precision,recall,support
0,0.831302116741501,0.885850991114149,0.7830815709969788,3310.0
1,0.8616517622304051,0.8202303455182774,0.9074792243767313,3610.0
accuracy,0.8479768786127168,0.8479768786127168,0.8479768786127168,0.8479768786127168
macro avg,0.846476939485953,0.8530406683162133,0.845280397686855,6920.0
weighted avg,0.8471348075240074,0.8516182554781524,0.8479768786127168,6920.0
