,f1-score,precision,recall,support
0,0.8220551378446115,0.8864864864864865,0.7663551401869159,428.0
1,0.8498942917547567,0.8007968127490039,0.9054054054054054,444.0
accuracy,0.8371559633027523,0.8371559633027523,0.8371559633027523,0.8371559633027523
macro avg,0.8359747147996841,0.8436416496177452,0.8358802727961606,872.0
weighted avg,0.8362301198814285,0.8428555058219885,0.8371559633027523,872.0
