,f1-score,precision,recall,support
0,0.861611374407583,0.9029801324503312,0.8238670694864049,3310.0
1,0.8833555259653795,0.8505128205128205,0.9188365650969529,3610.0
accuracy,0.8734104046242774,0.8734104046242774,0.8734104046242774,0.8734104046242774
macro avg,0.8724834501864812,0.8767464764815758,0.8713518172916789,6920.0
weighted avg,0.8729547829514624,0.8756091792574967,0.8734104046242774,6920.0
