,f1-score,precision,recall,support
0,0.8452655889145497,0.8356164383561644,0.8551401869158879,428.0
1,0.847380410022779,0.8571428571428571,0.8378378378378378,444.0
accuracy,0.8463302752293578,0.8463302752293578,0.8463302752293578,0.8463302752293578
macro avg,0.8463229994686643,0.8463796477495107,0.8464890123768629,872.0
weighted avg,0.8463424014971801,0.8465771378301227,0.8463302752293578,872.0
