,f1-score,precision,recall,support
0,0.875759249033683,0.882091212458287,0.8695175438596491,912.0
1,0.8771163298743855,0.8709327548806941,0.8833883388338833,909.0
accuracy,0.8764415156507414,0.8764415156507414,0.8764415156507414,0.8764415156507414
macro avg,0.8764377894540343,0.8765119836694906,0.8764529413467662,1821.0
weighted avg,0.876436671595022,0.876521175150197,0.8764415156507414,1821.0
