,f1-score,precision,recall,support
0,0.8331360946745563,0.8441247002398081,0.822429906542056,428.0
1,0.8431590656284761,0.832967032967033,0.8536036036036037,444.0
accuracy,0.838302752293578,0.838302752293578,0.838302752293578,0.838302752293578
macro avg,0.8381475801515161,0.8385458666034206,0.8380167550728299,872.0
weighted avg,0.8382395340134788,0.8384435026834869,0.838302752293578,872.0
