,f1-score,precision,recall,support
0,0.8556701030927836,0.8347701149425287,0.877643504531722,3310.0
1,0.8609929078014185,0.8822674418604651,0.8407202216066482,3610.0
accuracy,0.8583815028901735,0.8583815028901735,0.8583815028901735,0.8583815028901735
macro avg,0.858331505447101,0.8585187784014969,0.8591818630691851,6920.0
weighted avg,0.8584468841618835,0.8595483447364234,0.8583815028901735,6920.0
