,f1-score,precision,recall,support
0,0.7622950819672131,0.9177631578947368,0.6518691588785047,428.0
1,0.8280632411067194,0.7376760563380281,0.9436936936936937,444.0
accuracy,0.8004587155963303,0.8004587155963303,0.8004587155963303,0.8004587155963303
macro avg,0.7951791615369662,0.8277196071163825,0.7977814262860992,872.0
weighted avg,0.7957825391437506,0.826067431872743,0.8004587155963303,872.0
