,f1-score,precision,recall,support
0,0.8638378720709309,0.9075182967398536,0.8241691842900302,3310.0
1,0.8856990962254121,0.8513030148185999,0.9229916897506926,3610.0
accuracy,0.8757225433526011,0.8757225433526011,0.8757225433526011,0.8757225433526011
macro avg,0.8747684841481715,0.8794106557792267,0.8735804370203614,6920.0
weighted avg,0.8752423546139478,0.8781921164312227,0.8757225433526011,6920.0
