,f1-score,precision,recall,support
0,0.8848738241003435,0.8748154709182168,0.8951661631419939,3310.0
1,0.8920621587568249,0.901783187093122,0.8825484764542936,3610.0
accuracy,0.8885838150289017,0.8885838150289017,0.8885838150289017,0.8885838150289017
macro avg,0.8884679914285842,0.8882993290056693,0.8888573197981438,6920.0
weighted avg,0.8886238079312536,0.8888838893273797,0.8885838150289017,6920.0
