,f1-score,precision,recall,support
0,0.8467153284671534,0.883248730964467,0.8130841121495327,428.0
1,0.8633405639913232,0.8326359832635983,0.8963963963963963,444.0
accuracy,0.8555045871559633,0.8555045871559633,0.8555045871559633,0.8555045871559633
macro avg,0.8550279462292383,0.8579423571140327,0.8547402542729645,872.0
weighted avg,0.8551804713257903,0.8574780199791623,0.8555045871559633,872.0
