,f1-score,precision,recall,support
0,0.8754208754208755,0.896551724137931,0.8552631578947368,912.0
1,0.8806451612903227,0.861198738170347,0.900990099009901,909.0
accuracy,0.8780889621087314,0.8780889621087314,0.8780889621087314,0.8780889621087314
macro avg,0.8780330183555991,0.878875231154139,0.8781266284523189,1821.0
weighted avg,0.8780287149899735,0.8789043522298949,0.8780889621087314,1821.0
