,f1-score,precision,recall,support
0,0.8830614422930325,0.8913511849799939,0.8749244712990937,3310.0
1,0.8946573272902074,0.8872241895941161,0.9022160664819945,3610.0
accuracy,0.8891618497109827,0.8891618497109827,0.8891618497109827,0.8891618497109827
macro avg,0.88885938479162,0.889287687287055,0.8885702688905441,6920.0
weighted avg,0.8891107406802872,0.8891982292945866,0.8891618497109827,6920.0
