,f1-score,precision,recall,support
0,0.8389261744966442,0.8047210300429185,0.8761682242990654,428.0
1,0.8305882352941177,0.8694581280788177,0.795045045045045,444.0
accuracy,0.8348623853211009,0.8348623853211009,0.8348623853211009,0.8348623853211009
macro avg,0.834757204895381,0.8370895790608681,0.8356066346720552,872.0
weighted avg,0.8346807100403119,0.8376834973914727,0.8348623853211009,872.0
