,f1-score,precision,recall,support
0,0.8189987163029526,0.9088319088319088,0.7453271028037384,428.0
1,0.8538860103626942,0.7907869481765835,0.9279279279279279,444.0
accuracy,0.838302752293578,0.838302752293578,0.838302752293578,0.838302752293578
macro avg,0.8364423633328234,0.8498094285042461,0.8366275153658331,872.0
weighted avg,0.8367624302508028,0.8487264472138303,0.838302752293578,872.0
