,f1-score,precision,recall,support
0,0.8761876036796864,0.8747365251430292,0.877643504531722,3310.0
1,0.8861145789984741,0.8874687413170325,0.884764542936288,3610.0
accuracy,0.8813583815028901,0.8813583815028901,0.8813583815028901,0.8813583815028901
macro avg,0.8811510913390803,0.8811026332300309,0.8812040237340051,6920.0
weighted avg,0.881366271439921,0.8813786205748431,0.8813583815028901,6920.0
