,f1-score,precision,recall,support
0,0.6951399116347571,0.9402390438247012,0.5514018691588785,428.0
1,0.8056338028169014,0.6908212560386473,0.9662162162162162,444.0
accuracy,0.7626146788990825,0.7626146788990825,0.7626146788990825,0.7626146788990825
macro avg,0.7503868572258292,0.8155301499316743,0.7588090426875473,872.0
weighted avg,0.7514005626495187,0.8132419133464811,0.7626146788990825,872.0
