,f1-score,precision,recall,support
0,0.8678581892762965,0.8424345847554039,0.8948640483383686,3310.0
1,0.8714000570287995,0.8977673325499412,0.8465373961218836,3610.0
accuracy,0.8696531791907515,0.8696531791907515,0.8696531791907515,0.8696531791907515
macro avg,0.869629123152548,0.8701009586526726,0.8707007222301262,6920.0
weighted avg,0.8697058977425589,0.8713003679256756,0.8696531791907515,6920.0
