,f1-score,precision,recall,support
0,0.8208386277001269,0.8997214484679665,0.7546728971962616,428.0
1,0.8526645768025078,0.7953216374269005,0.918918918918919,444.0
accuracy,0.838302752293578,0.838302752293578,0.838302752293578,0.838302752293578
macro avg,0.8367516022513174,0.8475215429474335,0.8367959080575903,872.0
weighted avg,0.8370435834357429,0.8465637465158641,0.838302752293578,872.0
