,f1-score,precision,recall,support
0,0.8538550057537398,0.8412698412698413,0.866822429906542,428.0
1,0.8548571428571428,0.8677494199535963,0.8423423423423423,444.0
accuracy,0.8543577981651376,0.8543577981651376,0.8543577981651376,0.8543577981651376
macro avg,0.8543560743054412,0.8545096306117188,0.8545823861244422,872.0
weighted avg,0.8543652682238212,0.8547525625262488,0.8543577981651376,872.0
