,f1-score,precision,recall,support
0,0.852550231839258,0.8727848101265823,0.8332326283987915,3310.0
1,0.8705563093622796,0.8531914893617021,0.8886426592797784,3610.0
accuracy,0.8621387283236994,0.8621387283236994,0.8621387283236994,0.8621387283236994
macro avg,0.8615532706007688,0.8629881497441422,0.860937643839285,6920.0
weighted avg,0.8619435757493892,0.8625634390339209,0.8621387283236994,6920.0
