,f1-score,precision,recall,support
0,0.8375870069605568,0.8317972350230415,0.8434579439252337,428.0
1,0.8412698412698412,0.8470319634703196,0.8355855855855856,444.0
accuracy,0.8394495412844036,0.8394495412844036,0.8394495412844036,0.8394495412844036
macro avg,0.839428424115199,0.8394145992466806,0.8395217647554096,872.0
weighted avg,0.8394622115859263,0.839554367397573,0.8394495412844036,872.0
