,f1-score,precision,recall,support
0,0.8727272727272728,0.8353591160220994,0.913595166163142,3310.0
1,0.8723589001447177,0.9133333333333333,0.8349030470914127,3610.0
accuracy,0.8725433526011561,0.8725433526011561,0.8725433526011561,0.8725433526011561
macro avg,0.8725430864359953,0.8743462246777164,0.8742491066272773,6920.0
weighted avg,0.8725351014811711,0.8760364172494917,0.8725433526011561,6920.0
