,f1-score,precision,recall,support
0,0.8721886999451454,0.8726673984632273,0.8717105263157895,912.0
1,0.8719076415612973,0.8714285714285714,0.8723872387238724,909.0
accuracy,0.8720483250961011,0.8720483250961011,0.8720483250961011,0.8720483250961011
macro avg,0.8720481707532213,0.8720479849458993,0.8720488825198309,1821.0
weighted avg,0.8720484022675409,0.8720490053965045,0.8720483250961011,1821.0
