,f1-score,precision,recall,support
0,0.872016706443914,0.86122569239835,0.8830815709969788,3310.0
1,0.8797645739910315,0.8902439024390244,0.8695290858725762,3610.0
accuracy,0.8760115606936416,0.8760115606936416,0.8760115606936416,0.8760115606936416
macro avg,0.8758906402174728,0.8757347974186872,0.8763053284347775,6920.0
weighted avg,0.8760585853232629,0.8763638048617655,0.8760115606936416,6920.0
