,f1-score,precision,recall,support
0,0.7153413477445681,0.7973936562576838,0.6486,5000.0
1,0.7639257294429709,0.7038597674026631,0.8352,5000.0
accuracy,0.7419,0.7419,0.7419,0.7419
macro avg,0.7396335385937696,0.7506267118301735,0.7419,10000.0
weighted avg,0.7396335385937695,0.7506267118301734,0.7419,10000.0
