,f1-score,precision,recall,support
0,0.7895029467363505,0.8890558477335336,0.71,5000.0
1,0.8280185336603979,0.7586149492259031,0.9114,5000.0
accuracy,0.8107,0.8107,0.8107,0.8107
macro avg,0.8087607401983742,0.8238353984797184,0.8107,10000.0
weighted avg,0.8087607401983742,0.8238353984797184,0.8107,10000.0
