,f1-score,precision,recall,support
0,0.793358761498766,0.9034236075625958,0.7072,5000.0
1,0.8338444885441095,0.7594479132435097,0.9244,5000.0
accuracy,0.8158,0.8158,0.8158,0.8158
macro avg,0.8136016250214377,0.8314357604030527,0.8158000000000001,10000.0
weighted avg,0.8136016250214377,0.8314357604030527,0.8158,10000.0
