,f1-score,precision,recall,support
0,0.8387891226269881,0.8613277133825079,0.8174,5000.0
1,0.8468064358849341,0.8262607040913416,0.8684,5000.0
accuracy,0.8429,0.8429,0.8429,0.8429
macro avg,0.8427977792559611,0.8437942087369248,0.8429,10000.0
weighted avg,0.842797779255961,0.8437942087369247,0.8429,10000.0
