,f1-score,precision,recall,support
0,0.8436946787462253,0.8800782098631328,0.8102,5000.0
1,0.8556314321438876,0.8241615712432833,0.8896,5000.0
accuracy,0.8499,0.8499,0.8499,0.8499
macro avg,0.8496630554450564,0.852119890553208,0.8499,10000.0
weighted avg,0.8496630554450565,0.8521198905532081,0.8499,10000.0
