,f1-score,precision,recall,support
0,0.8278047749841538,0.877295118674429,0.7836,5000.0
1,0.8452629580406303,0.8044813877846043,0.8904,5000.0
accuracy,0.837,0.837,0.837,0.837
macro avg,0.836533866512392,0.8408882532295167,0.837,10000.0
weighted avg,0.836533866512392,0.8408882532295167,0.837,10000.0
