,f1-score,precision,recall,support
0,0.848078356222719,0.9066697017983155,0.7966,5000.0
1,0.8654662015650042,0.8186195826645265,0.918,5000.0
accuracy,0.8573,0.8573,0.8573,0.8573
macro avg,0.8567722788938616,0.862644642231421,0.8573,10000.0
weighted avg,0.8567722788938615,0.8626446422314209,0.8573,10000.0
