,f1-score,precision,recall,support
0,0.850798056904927,0.8435227049341458,0.8582,5000.0
1,0.8481791586805206,0.8556889883981275,0.8408,5000.0
accuracy,0.8495,0.8495,0.8495,0.8495
macro avg,0.8494886077927238,0.8496058466661367,0.8494999999999999,10000.0
weighted avg,0.8494886077927238,0.8496058466661367,0.8495,10000.0
