,f1-score,precision,recall,support
0,0.8437929454878608,0.7785291631445478,0.921,5000.0
1,0.8123280132085857,0.9033047735618115,0.738,5000.0
accuracy,0.8295,0.8295,0.8295,0.8295
macro avg,0.8280604793482232,0.8409169683531796,0.8295,10000.0
weighted avg,0.8280604793482232,0.8409169683531796,0.8295,10000.0
