,f1-score,precision,recall,support
0,0.8779299847792998,0.8910401647785788,0.8652,5000.0
1,0.8814194184327255,0.8689990281827017,0.8942,5000.0
accuracy,0.8797,0.8797,0.8797,0.8797
macro avg,0.8796747016060127,0.8800195964806403,0.8796999999999999,10000.0
weighted avg,0.8796747016060126,0.8800195964806402,0.8797,10000.0
