,f1-score,precision,recall,support
0,0.8777448677356756,0.8968900020872469,0.8594,5000.0
1,0.8827505142521304,0.8650412747168362,0.9012,5000.0
accuracy,0.8803,0.8803,0.8803,0.8803
macro avg,0.880247690993903,0.8809656384020416,0.8803000000000001,10000.0
weighted avg,0.8802476909939031,0.8809656384020415,0.8803,10000.0
