,f1-score,precision,recall,support
0,0.5970037453183521,0.7943521594684385,0.4782,5000.0
1,0.7307756463719766,0.6267525035765379,0.8762,5000.0
accuracy,0.6772,0.6772,0.6772,0.6772
macro avg,0.6638896958451643,0.7105523315224882,0.6772,10000.0
weighted avg,0.6638896958451643,0.7105523315224882,0.6772,10000.0
