,f1-score,precision,recall,support
0,0.5974708901965694,0.7987947773685973,0.4772,5000.0
1,0.7323732622991759,0.627263653215457,0.8798,5000.0
accuracy,0.6785,0.6785,0.6785,0.6785
macro avg,0.6649220762478727,0.7130292152920271,0.6785,10000.0
weighted avg,0.6649220762478726,0.7130292152920271,0.6785,10000.0
