,f1-score,precision,recall,support
0,0.8037660186557406,0.7124092103229794,0.922,5000.0
1,0.7360769140579201,0.88948710682913,0.6278,5000.0
accuracy,0.7749,0.7749,0.7749,0.7749
macro avg,0.7699214663568303,0.8009481585760547,0.7749,10000.0
weighted avg,0.7699214663568303,0.8009481585760548,0.7749,10000.0
