,f1-score,precision,recall,support
0,0.8057299495976655,0.7221429703598035,0.9112,5000.0
1,0.7472097572201126,0.8797073963695475,0.6494,5000.0
accuracy,0.7803,0.7803,0.7803,0.7803
macro avg,0.7764698534088891,0.8009251833646756,0.7803,10000.0
weighted avg,0.7764698534088892,0.8009251833646754,0.7803,10000.0
