,f1-score,precision,recall,support
0,0.8054780623890438,0.6976131205154488,0.9528,5000.0
1,0.718394321380492,0.9255755282245348,0.587,5000.0
accuracy,0.7699,0.7699,0.7699,0.7699
macro avg,0.7619361918847679,0.8115943243699918,0.7699,10000.0
weighted avg,0.7619361918847679,0.8115943243699918,0.7699,10000.0
