,f1-score,precision,recall,support
0,0.8583699560527367,0.8573423782920989,0.8594,5000.0
1,0.8580296355626751,0.8590617481956696,0.857,5000.0
accuracy,0.8582,0.8582,0.8582,0.8582
macro avg,0.8581997958077059,0.8582020632438843,0.8582000000000001,10000.0
weighted avg,0.858199795807706,0.8582020632438842,0.8582,10000.0
