,f1-score,precision,recall,support
0,0.8499508357915437,0.8359767891682786,0.8644,5000.0
1,0.8447609359104781,0.8596273291925466,0.8304,5000.0
accuracy,0.8474,0.8474,0.8474,0.8474
macro avg,0.8473558858510108,0.8478020591804125,0.8473999999999999,10000.0
weighted avg,0.8473558858510111,0.8478020591804125,0.8474,10000.0
