,f1-score,precision,recall,support
0,0.8468876924530084,0.8023984249149813,0.8966,5000.0
1,0.8277913523849995,0.8828461364151371,0.7792,5000.0
accuracy,0.8379,0.8379,0.8379,0.8379
macro avg,0.8373395224190039,0.8426222806650592,0.8379,10000.0
weighted avg,0.8373395224190041,0.8426222806650592,0.8379,10000.0
