,f1-score,precision,recall,support
0,0.8663111788230814,0.826790258087968,0.9098,5000.0
1,0.852179406190777,0.8997332147621165,0.8094,5000.0
accuracy,0.8596,0.8596,0.8596,0.8596
macro avg,0.8592452925069292,0.8632617364250423,0.8596,10000.0
weighted avg,0.8592452925069293,0.8632617364250422,0.8596,10000.0
