,f1-score,precision,recall,support
0,0.8477719070880271,0.8451600079507057,0.8504,5000.0
1,0.8468251579897683,0.8494666934996982,0.8442,5000.0
accuracy,0.8473,0.8473,0.8473,0.8473
macro avg,0.8472985325388978,0.847313350725202,0.8472999999999999,10000.0
weighted avg,0.8472985325388978,0.847313350725202,0.8473,10000.0
