,f1-score,precision,recall,support
0,0.8725915464541512,0.880317524933849,0.865,5000.0
1,0.8747893328046,0.8673088264202871,0.8824,5000.0
accuracy,0.8737,0.8737,0.8737,0.8737
macro avg,0.8736904396293756,0.873813175677068,0.8736999999999999,10000.0
weighted avg,0.8736904396293755,0.873813175677068,0.8737,10000.0
