,f1-score,precision,recall,support
0,0.827498945592577,0.8751115075825157,0.7848,5000.0
1,0.8444275389882084,0.8049311094996374,0.888,5000.0
accuracy,0.8364,0.8364,0.8364,0.8364
macro avg,0.8359632422903926,0.8400213085410766,0.8364,10000.0
weighted avg,0.8359632422903928,0.8400213085410766,0.8364,10000.0
