,f1-score,precision,recall,support
0,0.8442180336220071,0.8604361370716511,0.8286,5000.0
1,0.8498772704958273,0.8347155255544841,0.8656,5000.0
accuracy,0.8471,0.8471,0.8471,0.8471
macro avg,0.8470476520589172,0.8475758313130677,0.8471,10000.0
weighted avg,0.8470476520589173,0.8475758313130677,0.8471,10000.0
