,f1-score,precision,recall,support
0,0.7242189335212591,0.8773477518497439,0.6166,5000.0
1,0.795577224447153,0.7044403330249769,0.9138,5000.0
accuracy,0.7652,0.7652,0.7652,0.7652
macro avg,0.759898078984206,0.7908940424373604,0.7652,10000.0
weighted avg,0.759898078984206,0.7908940424373604,0.7652,10000.0
