,f1-score,precision,recall,support
0,0.8062298603651987,0.8707656612529002,0.7506,5000.0
1,0.8312441534144059,0.7808435852372584,0.8886,5000.0
accuracy,0.8196,0.8196,0.8196,0.8196
macro avg,0.8187370068898023,0.8258046232450793,0.8196,10000.0
weighted avg,0.8187370068898023,0.8258046232450793,0.8196,10000.0
