,f1-score,precision,recall,support
0,0.8392335766423358,0.7716442953020134,0.9198,5000.0
1,0.8050884955752213,0.9007425742574258,0.7278,5000.0
accuracy,0.8238,0.8238,0.8238,0.8238
macro avg,0.8221610361087786,0.8361934347797195,0.8238,10000.0
weighted avg,0.8221610361087786,0.8361934347797196,0.8238,10000.0
