,f1-score,precision,recall,support
0,0.8550268468802074,0.7959324370906584,0.9236,5000.0
1,0.8297455968688845,0.9090042877560743,0.7632,5000.0
accuracy,0.8434,0.8434,0.8434,0.8434
macro avg,0.8423862218745459,0.8524683624233664,0.8433999999999999,10000.0
weighted avg,0.842386221874546,0.8524683624233665,0.8434,10000.0
