,f1-score,precision,recall,support
0,0.8404446038006453,0.7615334632878492,0.9376,5000.0
1,0.798733604703754,0.918834547346514,0.7064,5000.0
accuracy,0.822,0.822,0.822,0.822
macro avg,0.8195891042521997,0.8401840053171816,0.8220000000000001,10000.0
weighted avg,0.8195891042521997,0.8401840053171816,0.822,10000.0
