,f1-score,precision,recall,support
0,0.843326084705395,0.874382649774533,0.8144,5000.0
1,0.8537174900899159,0.8263148044169942,0.883,5000.0
accuracy,0.8487,0.8487,0.8487,0.8487
macro avg,0.8485217873976555,0.8503487270957636,0.8487,10000.0
weighted avg,0.8485217873976555,0.8503487270957636,0.8487,10000.0
