,f1-score,precision,recall,support
0,0.8499697519661222,0.8570557137047581,0.843,5000.0
1,0.852410236064273,0.8455332546241637,0.8594,5000.0
accuracy,0.8512,0.8512,0.8512,0.8512
macro avg,0.8511899940151977,0.851294484164461,0.8512,10000.0
weighted avg,0.8511899940151976,0.8512944841644611,0.8512,10000.0
