,f1-score,precision,recall,support
0,0.8824905890731508,0.898115551874094,0.8674,5000.0
1,0.8864418444597385,0.8717849545542449,0.9016,5000.0
accuracy,0.8845,0.8845,0.8845,0.8845
macro avg,0.8844662167664447,0.8849502532141694,0.8845,10000.0
weighted avg,0.8844662167664447,0.8849502532141694,0.8845,10000.0
