,f1-score,precision,recall,support
0,0.8478348846620801,0.8579033579033579,0.838,5000.0
1,0.8513246342427838,0.8416731821735731,0.8612,5000.0
accuracy,0.8496,0.8496,0.8496,0.8496
macro avg,0.8495797594524319,0.8497882700384656,0.8495999999999999,10000.0
weighted avg,0.849579759452432,0.8497882700384657,0.8496,10000.0
