,f1-score,precision,recall,support
0,0.8831618620759906,0.8999377205729707,0.867,5000.0
1,0.8873612884218796,0.8716959289986494,0.9036,5000.0
accuracy,0.8853,0.8853,0.8853,0.8853
macro avg,0.885261575248935,0.88581682478581,0.8853,10000.0
weighted avg,0.885261575248935,0.88581682478581,0.8853,10000.0
