,f1-score,precision,recall,support
0,0.8069306930693069,0.8578947368421053,0.7616822429906542,428.0
1,0.8333333333333334,0.7926829268292683,0.8783783783783784,444.0
accuracy,0.8211009174311926,0.8211009174311926,0.8211009174311926,0.8211009174311926
macro avg,0.8201320132013201,0.8252888318356868,0.8200303106845164,872.0
weighted avg,0.8203742392587883,0.8246905583493306,0.8211009174311926,872.0
