,f1-score,precision,recall,support
0,0.8310949597092748,0.8711493872143093,0.7945619335347432,3310.0
1,0.8576754093995475,0.8256857216098437,0.8922437673130194,3610.0
accuracy,0.8455202312138729,0.8455202312138729,0.8455202312138729,0.8455202312138729
macro avg,0.8443851845544111,0.8484175544120764,0.8434028504238813,6920.0
weighted avg,0.8449613503713969,0.8474320703310548,0.8455202312138729,6920.0
