,f1-score,precision,recall,support
0,0.8078817733990148,0.8541666666666666,0.7663551401869159,428.0
1,0.832618025751073,0.7950819672131147,0.8738738738738738,444.0
accuracy,0.8211009174311926,0.8211009174311926,0.8211009174311926,0.8211009174311926
macro avg,0.8202498995750439,0.8246243169398907,0.8201145070303948,872.0
weighted avg,0.8204768376700168,0.8240822554770141,0.8211009174311926,872.0
