,f1-score,precision,recall,support
0,0.8065326633165828,0.8722826086956522,0.75,428.0
1,0.8375527426160337,0.7876984126984127,0.8941441441441441,444.0
accuracy,0.823394495412844,0.823394495412844,0.823394495412844,0.823394495412844
macro avg,0.8220427029663082,0.8299905106970324,0.822072072072072,872.0
weighted avg,0.8223272908497894,0.8292145088988927,0.823394495412844,872.0
