,f1-score,precision,recall,support
0,0.8456231795186263,0.8583877995642701,0.8332326283987915,3310.0
1,0.8623752904195708,0.8510925276503911,0.8739612188365651,3610.0
accuracy,0.8544797687861272,0.8544797687861272,0.8544797687861272,0.8544797687861272
macro avg,0.8539992349690986,0.8547401636073306,0.8535969236176784,6920.0
weighted avg,0.8543623587603041,0.8545820291005268,0.8544797687861272,6920.0
