,f1-score,precision,recall,support
0,0.8174123337363965,0.8471177944862155,0.7897196261682243,428.0
1,0.8353326063249725,0.8097251585623678,0.8626126126126126,444.0
accuracy,0.8268348623853211,0.8268348623853211,0.8268348623853211,0.8268348623853211
macro avg,0.8263724700306845,0.8284214765242917,0.8261661193904184,872.0
weighted avg,0.8265368762012218,0.8280784248185683,0.8268348623853211,872.0
