,f1-score,precision,recall,support
0,0.8613303269447578,0.8863109048723898,0.8377192982456141,912.0
1,0.8683083511777303,0.8456725755995829,0.8921892189218922,909.0
accuracy,0.8649093904448105,0.8649093904448105,0.8649093904448105,0.8649093904448105
macro avg,0.864819339061244,0.8659917402359864,0.8649542585837531,1821.0
weighted avg,0.8648135911005909,0.8660252149717959,0.8649093904448105,1821.0
