,f1-score,precision,recall,support
0,0.7487065029927968,0.7597282273008029,0.738,5000.0
1,0.7557921719412402,0.7452848531985222,0.7666,5000.0
accuracy,0.7523,0.7523,0.7523,0.7523
macro avg,0.7522493374670185,0.7525065402496626,0.7523,10000.0
weighted avg,0.7522493374670185,0.7525065402496626,0.7523,10000.0
