,f1-score,precision,recall,support
0,0.7499119821617181,0.9074126668560069,0.639,5000.0
1,0.8143566512762436,0.7214076246334311,0.9348,5000.0
accuracy,0.7869,0.7869,0.7869,0.7869
macro avg,0.7821343167189808,0.814410145744719,0.7868999999999999,10000.0
weighted avg,0.7821343167189809,0.814410145744719,0.7869,10000.0
