,f1-score,precision,recall,support
0,0.8412169201917066,0.8779904306220095,0.8074,5000.0
1,0.8534897135166313,0.8217326915957053,0.8878,5000.0
accuracy,0.8476,0.8476,0.8476,0.8476
macro avg,0.8473533168541689,0.8498615611088574,0.8476,10000.0
weighted avg,0.8473533168541689,0.8498615611088575,0.8476,10000.0
