,f1-score,precision,recall,support
0,0.8378960319901569,0.8596675783715548,0.8172,5000.0
1,0.8457109397872549,0.8258052220316371,0.8666,5000.0
accuracy,0.8419,0.8419,0.8419,0.8419
macro avg,0.8418034858887059,0.842736400201596,0.8419000000000001,10000.0
weighted avg,0.8418034858887058,0.842736400201596,0.8419,10000.0
