,f1-score,precision,recall,support
0,0.8690625301088738,0.8384458077709611,0.902,5000.0
1,0.8587464920486436,0.8939623458125947,0.8262,5000.0
accuracy,0.8641,0.8641,0.8641,0.8641
macro avg,0.8639045110787587,0.8662040767917779,0.8641000000000001,10000.0
weighted avg,0.8639045110787587,0.8662040767917779,0.8641,10000.0
