,f1-score,precision,recall,support
0,0.8476052249637155,0.8209934395501406,0.876,5000.0
1,0.8370408691153648,0.8670953912111469,0.809,5000.0
accuracy,0.8425,0.8425,0.8425,0.8425
macro avg,0.8423230470395402,0.8440444153806437,0.8425,10000.0
weighted avg,0.8423230470395402,0.8440444153806438,0.8425,10000.0
