,f1-score,precision,recall,support
0,0.8705476828801226,0.8350477590007348,0.9092,5000.0
1,0.8585182084554207,0.9003511852502195,0.8204,5000.0
accuracy,0.8648,0.8648,0.8648,0.8648
macro avg,0.8645329456677717,0.8676994721254772,0.8648,10000.0
weighted avg,0.8645329456677717,0.867699472125477,0.8648,10000.0
