,f1-score,precision,recall,support
0,0.7781067914796065,0.744743097458402,0.8146,5000.0
1,0.7562690168922463,0.7954094018980358,0.7208,5000.0
accuracy,0.7677,0.7677,0.7677,0.7677
macro avg,0.7671879041859264,0.7700762496782189,0.7677,10000.0
weighted avg,0.7671879041859263,0.7700762496782189,0.7677,10000.0
