,f1-score,precision,recall,support
0,0.8407680372381692,0.8160768072289156,0.867,5000.0
1,0.8305119735755573,0.8581484641638225,0.8046,5000.0
accuracy,0.8358,0.8358,0.8358,0.8358
macro avg,0.8356400054068632,0.8371126356963691,0.8358,10000.0
weighted avg,0.8356400054068632,0.8371126356963691,0.8358,10000.0
