,f1-score,precision,recall,support
0,0.8214477211796247,0.8855491329479769,0.766,5000.0
1,0.8440281030444965,0.7938325991189428,0.901,5000.0
accuracy,0.8335,0.8335,0.8335,0.8335
macro avg,0.8327379121120606,0.8396908660334599,0.8335,10000.0
weighted avg,0.8327379121120606,0.8396908660334597,0.8335,10000.0
