,f1-score,precision,recall,support
0,0.8287508118640399,0.9032562529495045,0.7656,5000.0
1,0.8530013008734436,0.7965984033321764,0.918,5000.0
accuracy,0.8418,0.8418,0.8418,0.8418
macro avg,0.8408760563687417,0.8499273281408404,0.8418,10000.0
weighted avg,0.8408760563687417,0.8499273281408405,0.8418,10000.0
