,f1-score,precision,recall,support
0,0.8604385128693995,0.822040072859745,0.9026,5000.0
1,0.8460567823343849,0.8920177383592017,0.8046,5000.0
accuracy,0.8536,0.8536,0.8536,0.8536
macro avg,0.8532476476018922,0.8570289056094733,0.8535999999999999,10000.0
weighted avg,0.8532476476018921,0.8570289056094734,0.8536,10000.0
