,f1-score,precision,recall,support
0,0.8441064638783269,0.9239001189060642,0.777,5000.0
1,0.8670680870773506,0.8075927523727351,0.936,5000.0
accuracy,0.8565,0.8565,0.8565,0.8565
macro avg,0.8555872754778387,0.8657464356393996,0.8565,10000.0
weighted avg,0.8555872754778387,0.8657464356393997,0.8565,10000.0
