,f1-score,precision,recall,support
0,0.87426326129666,0.859073359073359,0.89,5000.0
1,0.8696537678207739,0.8858921161825726,0.854,5000.0
accuracy,0.872,0.872,0.872,0.872
macro avg,0.871958514558717,0.8724827376279658,0.872,10000.0
weighted avg,0.8719585145587169,0.8724827376279658,0.872,10000.0
