,f1-score,precision,recall,support
0,0.7648161161864606,0.9228377614471452,0.653,5000.0
1,0.8248124236607922,0.7315072732900031,0.9454,5000.0
accuracy,0.7992,0.7992,0.7992,0.7992
macro avg,0.7948142699236265,0.8271725173685742,0.7992,10000.0
weighted avg,0.7948142699236265,0.8271725173685741,0.7992,10000.0
