,f1-score,precision,recall,support
0,0.7934795355928229,0.9591721009356393,0.6766,5000.0
1,0.846509195502484,0.7501931098408775,0.9712,5000.0
accuracy,0.8239,0.8239,0.8239,0.8239
macro avg,0.8199943655476535,0.8546826053882584,0.8239,10000.0
weighted avg,0.8199943655476535,0.8546826053882586,0.8239,10000.0
