,f1-score,precision,recall,support
0,0.8513648137079101,0.8481540293767368,0.8546,5000.0
1,0.8502308773338686,0.8534864973800886,0.847,5000.0
accuracy,0.8508,0.8508,0.8508,0.8508
macro avg,0.8507978455208893,0.8508202633784128,0.8508,10000.0
weighted avg,0.8507978455208893,0.8508202633784127,0.8508,10000.0
