,f1-score,precision,recall,support
0,0.8483431591786949,0.8625465068210004,0.8346,5000.0
1,0.8531785081676836,0.8397907787679194,0.867,5000.0
accuracy,0.8508,0.8508,0.8508,0.8508
macro avg,0.8507608336731892,0.8511686427944599,0.8508,10000.0
weighted avg,0.8507608336731891,0.8511686427944598,0.8508,10000.0
