,f1-score,precision,recall,support
0,0.8543396226415094,0.8688977586736261,0.8402612826603325,3368.0
1,0.8590623630787205,0.8453578614544409,0.8732185273159145,3368.0
accuracy,0.8567399049881235,0.8567399049881235,0.8567399049881235,0.8567399049881235
macro avg,0.856700992860115,0.8571278100640335,0.8567399049881235,6736.0
weighted avg,0.8567009928601149,0.8571278100640336,0.8567399049881235,6736.0
