,f1-score,precision,recall,support
0,0.855361994566086,0.9080420766881574,0.8084592145015106,3310.0
1,0.8806540946854807,0.8404228542662975,0.9249307479224377,3610.0
accuracy,0.8692196531791907,0.8692196531791907,0.8692196531791907,0.8692196531791907
macro avg,0.8680080446257834,0.8742324654772274,0.8666949812119742,6920.0
weighted avg,0.8685562837902211,0.8727667308871582,0.8692196531791907,6920.0
