,f1-score,precision,recall,support
0,0.8478747203579418,0.8133047210300429,0.8855140186915887,428.0
1,0.8400000000000001,0.8793103448275862,0.8040540540540541,444.0
accuracy,0.8440366972477065,0.8440366972477065,0.8440366972477065,0.8440366972477065
macro avg,0.8439373601789709,0.8463075329288146,0.8447840363728214,872.0
weighted avg,0.8438651150380724,0.8469130891104434,0.8440366972477065,872.0
