,f1-score,precision,recall,support
0,0.8802010611561016,0.818276220145379,0.9522658610271904,3310.0
1,0.8715184186882301,0.9485006518904824,0.8060941828254847,3610.0
accuracy,0.8760115606936416,0.8760115606936416,0.8760115606936416,0.8760115606936416
macro avg,0.8758597399221659,0.8833884360179307,0.8791800219263375,6920.0
weighted avg,0.8756715323542206,0.8862112199430412,0.8760115606936416,6920.0
