,f1-score,precision,recall,support
0,0.8384710234278668,0.8877284595300261,0.794392523364486,428.0
1,0.8595927116827438,0.820040899795501,0.9031531531531531,444.0
accuracy,0.8497706422018348,0.8497706422018348,0.8497706422018348,0.8497706422018348
macro avg,0.8490318675553052,0.8538846796627635,0.8487728382588196,872.0
weighted avg,0.8492256445117721,0.8532636928762084,0.8497706422018348,872.0
