,f1-score,precision,recall,support
0,0.8803485296405789,0.9076034648700674,0.8546827794561933,3310.0
1,0.8962633211924995,0.8735209045490402,0.9202216066481994,3610.0
accuracy,0.8888728323699422,0.8888728323699422,0.8888728323699422,0.8888728323699422
macro avg,0.8883059254165392,0.8905621847095537,0.8874521930521964,6920.0
weighted avg,0.8886508992218554,0.8898234008875663,0.8888728323699422,6920.0
