,f1-score,precision,recall,support
0,0.8481166464155528,0.8835443037974684,0.8154205607476636,428.0
1,0.8642779587404994,0.8343815513626834,0.8963963963963963,444.0
accuracy,0.856651376146789,0.856651376146789,0.856651376146789,0.856651376146789
macro avg,0.8561973025780261,0.8589629275800759,0.8559084785720299,872.0
weighted avg,0.8563455714984386,0.8585118931540688,0.856651376146789,872.0
