,f1-score,precision,recall,support
0,0.8730337078651684,0.8951612903225806,0.8519736842105263,912.0
1,0.8786251342642322,0.8583420776495279,0.8998899889988999,909.0
accuracy,0.8758923668314114,0.8758923668314114,0.8758923668314114,0.8758923668314114
macro avg,0.8758294210647003,0.8767516839860543,0.8759318366047131,1821.0
weighted avg,0.8758248152768922,0.8767820128268063,0.8758923668314114,1821.0
