,f1-score,precision,recall,support
0,0.8245192307692306,0.849009900990099,0.8014018691588785,428.0
1,0.8399122807017544,0.8183760683760684,0.8626126126126126,444.0
accuracy,0.8325688073394495,0.8325688073394495,0.8325688073394495,0.8325688073394495
macro avg,0.8322157557354926,0.8336929846830836,0.8320072408857455,872.0
weighted avg,0.8323569763770753,0.8334119403471751,0.8325688073394495,872.0
