,f1-score,precision,recall,support
0,0.8607517881600973,0.8672186445875498,0.854380664652568,3310.0
1,0.8741229880313661,0.8682700191309101,0.8800554016620499,3610.0
accuracy,0.8677745664739884,0.8677745664739884,0.8677745664739884,0.8677745664739884
macro avg,0.8674373880957318,0.86774433185923,0.8672180331573089,6920.0
weighted avg,0.8677272262432304,0.8677671217698519,0.8677745664739884,6920.0
