,f1-score,precision,recall,support
0,0.8388477366255145,0.9215189873417722,0.7697885196374622,3310.0
1,0.8739214423696072,0.8166064981949458,0.9398891966759003,3610.0
accuracy,0.8585260115606936,0.8585260115606936,0.8585260115606936,0.8585260115606936
macro avg,0.8563845894975608,0.869062742768359,0.8548388581566813,6920.0
weighted avg,0.8571448576856554,0.8667886281192225,0.8585260115606936,6920.0
