,f1-score,precision,recall,support
0,0.892889288928893,0.8867699642431466,0.8990936555891239,3310.0
1,0.9004739336492891,0.9062850729517397,0.8947368421052632,3610.0
accuracy,0.8968208092485549,0.8968208092485549,0.8968208092485549,0.8968208092485549
macro avg,0.896681611289091,0.8965275185974431,0.8969152488471935,6920.0
weighted avg,0.8968460183278278,0.8969505339596237,0.8968208092485549,6920.0
