,f1-score,precision,recall,support
0,0.8461219411032765,0.7800152944175376,0.9244712990936556,3310.0
1,0.8315423036173756,0.9165832499165832,0.7609418282548477,3610.0
accuracy,0.8391618497109826,0.8391618497109826,0.8391618497109826,0.8391618497109826
macro avg,0.8388321223603261,0.8482992721670604,0.8427065636742517,6920.0
weighted avg,0.8385160897558628,0.8512595602197854,0.8391618497109826,6920.0
