,f1-score,precision,recall,support
0,0.867035205120745,0.8361391694725028,0.9003021148036254,3310.0
1,0.8687912718920471,0.9016686531585221,0.8382271468144045,3610.0
accuracy,0.8679190751445087,0.8679190751445087,0.8679190751445087,0.8679190751445087
macro avg,0.867913238506396,0.8689039113155124,0.869264630809015,6920.0
weighted avg,0.8679513035375659,0.870324348100614,0.8679190751445087,6920.0
