,f1-score,precision,recall,support
0,0.8281829419035847,0.8792650918635171,0.7827102803738317,428.0
1,0.8513368983957218,0.8105906313645621,0.8963963963963963,444.0
accuracy,0.8405963302752294,0.8405963302752294,0.8405963302752294,0.8405963302752294
macro avg,0.8397599201496533,0.8449278616140397,0.839553338385114,872.0
weighted avg,0.8399723417688472,0.8442978206920309,0.8405963302752294,872.0
