,f1-score,precision,recall,support
0,0.8583372039015328,0.8802794537948555,0.8374622356495468,3310.0
1,0.8760330578512397,0.8573322726067356,0.8955678670360111,3610.0
accuracy,0.8677745664739884,0.8677745664739884,0.8677745664739884,0.8677745664739884
macro avg,0.8671851308763863,0.8688058632007956,0.866515051342779,6920.0
weighted avg,0.8675687115255851,0.8683084532039432,0.8677745664739884,6920.0
