,f1-score,precision,recall,support
0,0.8416389811738649,0.8,0.8878504672897196,428.0
1,0.8299643281807373,0.8790931989924433,0.786036036036036,444.0
accuracy,0.8360091743119266,0.8360091743119266,0.8360091743119266,0.8360091743119266
macro avg,0.835801654677301,0.8395465994962217,0.8369432516628779,872.0
weighted avg,0.8356945477691072,0.8402722251750514,0.8360091743119266,872.0
