,f1-score,precision,recall,support
0,0.8691666666666666,0.8043701799485862,0.9453172205438066,3310.0
1,0.858132530120482,0.9402640264026403,0.789196675900277,3610.0
accuracy,0.8638728323699422,0.8638728323699422,0.8638728323699422,0.8638728323699422
macro avg,0.8636495983935744,0.8723171031756132,0.8672569482220418,6920.0
weighted avg,0.8634104191331801,0.8752627790380565,0.8638728323699422,6920.0
