,f1-score,precision,recall,support
0,0.8369304556354916,0.8596059113300493,0.8154205607476636,428.0
1,0.8505494505494505,0.8304721030042919,0.8716216216216216,444.0
accuracy,0.8440366972477065,0.8440366972477065,0.8440366972477065,0.8440366972477065
macro avg,0.8437399530924711,0.8450390071671705,0.8435210911846426,872.0
weighted avg,0.8438648979999386,0.8447717245219801,0.8440366972477065,872.0
