,f1-score,precision,recall,support
0,0.872056397180141,0.8659517426273459,0.8782477341389728,3310.0
1,0.8810818346577443,0.8868930676396295,0.8753462603878116,3610.0
accuracy,0.8767341040462427,0.8767341040462427,0.8767341040462427,0.8767341040462427
macro avg,0.8765691159189426,0.8764224051334877,0.8767969972633922,6920.0
weighted avg,0.8767647540145554,0.8768763355889563,0.8767341040462427,6920.0
