,f1-score,precision,recall,support
0,0.8355043926083006,0.8437691209463594,0.8274,5000.0
1,0.8386649499851442,0.8306847164999019,0.8468,5000.0
accuracy,0.8371,0.8371,0.8371,0.8371
macro avg,0.8370846712967224,0.8372269187231307,0.8371,10000.0
weighted avg,0.8370846712967225,0.8372269187231306,0.8371,10000.0
