,f1-score,precision,recall,support
0,0.846868934518337,0.8655251618291919,0.829,5000.0
1,0.8531975320732543,0.8359240069084629,0.8712,5000.0
accuracy,0.8501,0.8501,0.8501,0.8501
macro avg,0.8500332332957956,0.8507245843688274,0.8501,10000.0
weighted avg,0.8500332332957956,0.8507245843688274,0.8501,10000.0
