,f1-score,precision,recall,support
0,0.8327349524815206,0.8821029082774049,0.7886,5000.0
1,0.8495726495726496,0.8088607594936709,0.8946,5000.0
accuracy,0.8416,0.8416,0.8416,0.8416
macro avg,0.8411538010270851,0.8454818338855379,0.8415999999999999,10000.0
weighted avg,0.8411538010270851,0.8454818338855379,0.8416,10000.0
