,f1-score,precision,recall,support
0,0.8447857720291027,0.8537581699346405,0.836,5000.0
1,0.8479809976247031,0.8393416927899686,0.8568,5000.0
accuracy,0.8464,0.8464,0.8464,0.8464
macro avg,0.8463833848269029,0.8465499313623046,0.8464,10000.0
weighted avg,0.846383384826903,0.8465499313623046,0.8464,10000.0
