,f1-score,precision,recall,support
0,0.8709349593495935,0.8853305785123967,0.857,5000.0
1,0.875,0.8614341085271318,0.889,5000.0
accuracy,0.873,0.873,0.873,0.873
macro avg,0.8729674796747968,0.8733823435197643,0.873,10000.0
weighted avg,0.8729674796747968,0.8733823435197643,0.873,10000.0
