,f1-score,precision,recall,support
0,0.8567132116004297,0.9252900232018562,0.7976,5000.0
1,0.8752104770813846,0.8221441124780317,0.9356,5000.0
accuracy,0.8666,0.8666,0.8666,0.8666
macro avg,0.8659618443409072,0.873717067839944,0.8666,10000.0
weighted avg,0.8659618443409072,0.8737170678399437,0.8666,10000.0
