,f1-score,precision,recall,support
0,0.8514642342774844,0.8188365650969529,0.8868,5000.0
1,0.8386019822639541,0.8765539803707743,0.8038,5000.0
accuracy,0.8453,0.8453,0.8453,0.8453
macro avg,0.8450331082707192,0.8476952727338636,0.8452999999999999,10000.0
weighted avg,0.8450331082707191,0.8476952727338636,0.8453,10000.0
