,f1-score,precision,recall,support
0,0.8791549568756664,0.8527918781725888,0.9072,5000.0
1,0.8711909926660469,0.9008758812219612,0.8434,5000.0
accuracy,0.8753,0.8753,0.8753,0.8753
macro avg,0.8751729747708566,0.876833879697275,0.8753,10000.0
weighted avg,0.8751729747708566,0.876833879697275,0.8753,10000.0
