,f1-score,precision,recall,support
0,0.8780042592029207,0.8905574984571076,0.8658,5000.0
1,0.8813492454877208,0.8694298501654019,0.8936,5000.0
accuracy,0.8797,0.8797,0.8797,0.8797
macro avg,0.8796767523453207,0.8799936743112547,0.8796999999999999,10000.0
weighted avg,0.8796767523453207,0.8799936743112546,0.8797,10000.0
