,f1-score,precision,recall,support
0,0.8176100628930817,0.885558583106267,0.7593457943925234,428.0
1,0.8472075869336142,0.7960396039603961,0.9054054054054054,444.0
accuracy,0.8337155963302753,0.8337155963302753,0.8337155963302753,0.8337155963302753
macro avg,0.8324088249133479,0.8407990935333316,0.8323755998989644,872.0
weighted avg,0.8326803618311509,0.8399778184952961,0.8337155963302753,872.0
