,f1-score,precision,recall,support
0,0.833922261484099,0.8408551068883611,0.8271028037383178,428.0
1,0.8424581005586593,0.835920177383592,0.8490990990990991,444.0
accuracy,0.838302752293578,0.838302752293578,0.838302752293578,0.838302752293578
macro avg,0.8381901810213792,0.8383876421359766,0.8381009514187084,872.0
weighted avg,0.8382684914716044,0.838342367553364,0.838302752293578,872.0
