,f1-score,precision,recall,support
0,0.8555691554467564,0.8667079975201488,0.8447129909365559,3310.0
1,0.8707557502738226,0.8608554412560909,0.8808864265927978,3610.0
accuracy,0.8635838150289017,0.8635838150289017,0.8635838150289017,0.8635838150289017
macro avg,0.8631624528602895,0.8637817193881199,0.8627997087646768,6920.0
weighted avg,0.8634916420545179,0.8636548576193903,0.8635838150289017,6920.0
