,f1-score,precision,recall,support
0,0.8693743139407245,0.8703296703296703,0.868421052631579,912.0
1,0.8692307692307691,0.8682766190998902,0.8701870187018702,909.0
accuracy,0.8693025809994509,0.8693025809994509,0.8693025809994509,0.8693025809994509
macro avg,0.8693025415857468,0.8693031447147803,0.8693040356667245,1821.0
weighted avg,0.8693026598268587,0.8693048358607685,0.8693025809994509,1821.0
