,f1-score,precision,recall,support
0,0.7459662961634995,0.6759259259259259,0.8322,5000.0
1,0.6795567616463138,0.7817377731529657,0.601,5000.0
accuracy,0.7166,0.7166,0.7166,0.7166
macro avg,0.7127615289049067,0.7288318495394458,0.7166,10000.0
weighted avg,0.7127615289049066,0.7288318495394458,0.7166,10000.0
