,f1-score,precision,recall,support
0,0.7438001458789205,0.6834785522788204,0.8158,5000.0
1,0.6888839681133747,0.7715773809523809,0.6222,5000.0
accuracy,0.719,0.719,0.719,0.719
macro avg,0.7163420569961476,0.7275279666156007,0.719,10000.0
weighted avg,0.7163420569961476,0.7275279666156006,0.719,10000.0
