,f1-score,precision,recall,support
0,0.7961661341853036,0.8514806378132118,0.7476,5000.0
1,0.8196041470311028,0.7750445632798574,0.8696,5000.0
accuracy,0.8086,0.8086,0.8086,0.8086
macro avg,0.8078851406082033,0.8132626005465347,0.8086,10000.0
weighted avg,0.8078851406082033,0.8132626005465345,0.8086,10000.0
