,f1-score,precision,recall,support
0,0.8364691566039503,0.7862044694703502,0.8936,5000.0
1,0.8124932918321347,0.8767662728746815,0.757,5000.0
accuracy,0.8253,0.8253,0.8253,0.8253
macro avg,0.8244812242180425,0.8314853711725159,0.8252999999999999,10000.0
weighted avg,0.8244812242180426,0.8314853711725158,0.8253,10000.0
