,f1-score,precision,recall,support
0,0.8414251781472684,0.801447963800905,0.8856,5000.0
1,0.8238522427440633,0.8721787709497206,0.7806,5000.0
accuracy,0.8331,0.8331,0.8331,0.8331
macro avg,0.8326387104456658,0.8368133673753129,0.8331,10000.0
weighted avg,0.8326387104456658,0.8368133673753128,0.8331,10000.0
