,f1-score,precision,recall,support
0,0.8002201430930105,0.8898408812729498,0.727,5000.0
1,0.8337150710032066,0.7692307692307693,0.91,5000.0
accuracy,0.8185,0.8185,0.8185,0.8185
macro avg,0.8169676070481086,0.8295358252518595,0.8185,10000.0
weighted avg,0.8169676070481086,0.8295358252518595,0.8185,10000.0
