,f1-score,precision,recall,support
0,0.8202784567966841,0.8752551599002041,0.7718,5000.0
1,0.8403361344537815,0.7959220175281703,0.89,5000.0
accuracy,0.8309,0.8309,0.8309,0.8309
macro avg,0.8303072956252329,0.8355885887141872,0.8309,10000.0
weighted avg,0.8303072956252329,0.8355885887141873,0.8309,10000.0
