,f1-score,precision,recall,support
0,0.839166845608761,0.9058878071395456,0.7816,5000.0
1,0.8598165824443197,0.8079493492789307,0.9188,5000.0
accuracy,0.8502,0.8502,0.8502,0.8502
macro avg,0.8494917140265403,0.8569185782092381,0.8502,10000.0
weighted avg,0.8494917140265403,0.8569185782092381,0.8502,10000.0
