,f1-score,precision,recall,support
0,0.8297917104986323,0.875277407900577,0.7888,5000.0
1,0.8458166571374117,0.8077903167091373,0.8876,5000.0
accuracy,0.8382,0.8382,0.8382,0.8382
macro avg,0.837804183818022,0.8415338623048572,0.8382,10000.0
weighted avg,0.8378041838180219,0.841533862304857,0.8382,10000.0
