,f1-score,precision,recall,support
0,0.8498884521406566,0.9064128710627691,0.8,5000.0
1,0.8665344290167186,0.8210130660461786,0.9174,5000.0
accuracy,0.8587,0.8587,0.8587,0.8587
macro avg,0.8582114405786876,0.8637129685544739,0.8587,10000.0
weighted avg,0.8582114405786877,0.8637129685544738,0.8587,10000.0
