,f1-score,precision,recall,support
0,0.8462154585502603,0.847233360064154,0.8452,5000.0
1,0.8465840990811028,0.8455706304868316,0.8476,5000.0
accuracy,0.8464,0.8464,0.8464,0.8464
macro avg,0.8463997788156815,0.8464019952754928,0.8464,10000.0
weighted avg,0.8463997788156815,0.8464019952754926,0.8464,10000.0
