,f1-score,precision,recall,support
0,0.8460451977401129,0.8536237785016286,0.8386,5000.0
1,0.848731165741475,0.8413915094339622,0.8562,5000.0
accuracy,0.8474,0.8474,0.8474,0.8474
macro avg,0.847388181740794,0.8475076439677954,0.8473999999999999,10000.0
weighted avg,0.8473881817407939,0.8475076439677954,0.8474,10000.0
