,f1-score,precision,recall,support
0,0.8683697547963477,0.8915104276385085,0.8464,5000.0
1,0.8748658929093924,0.8537978298115363,0.897,5000.0
accuracy,0.8717,0.8717,0.8717,0.8717
macro avg,0.87161782385287,0.8726541287250225,0.8717,10000.0
weighted avg,0.87161782385287,0.8726541287250223,0.8717,10000.0
