,f1-score,precision,recall,support
0,0.8481266279302744,0.8496587715776797,0.8466,5000.0
1,0.8486723896985426,0.8471502590673575,0.8502,5000.0
accuracy,0.8484,0.8484,0.8484,0.8484
macro avg,0.8483995088144085,0.8484045153225186,0.8484,10000.0
weighted avg,0.8483995088144085,0.8484045153225186,0.8484,10000.0
