,f1-score,precision,recall,support
0,0.8520885981864129,0.85323012801429,0.8509501187648456,3368.0
1,0.8524833209785027,0.8513473497186852,0.8536223277909739,3368.0
accuracy,0.8522862232779097,0.8522862232779097,0.8522862232779097,0.8522862232779097
macro avg,0.8522859595824578,0.8522887388664876,0.8522862232779098,6736.0
weighted avg,0.8522859595824578,0.8522887388664875,0.8522862232779097,6736.0
