,f1-score,precision,recall,support
0,0.8132147395171537,0.8913649025069638,0.7476635514018691,428.0
1,0.8463949843260189,0.7894736842105263,0.9121621621621622,444.0
accuracy,0.8314220183486238,0.8314220183486238,0.8314220183486238,0.8314220183486238
macro avg,0.8298048619215863,0.8404192933587451,0.8299128567820157,872.0
weighted avg,0.8301092678372641,0.8394845115395116,0.8314220183486238,872.0
