,f1-score,precision,recall,support
0,0.8581016299137104,0.91078697421981,0.8111782477341389,3310.0
1,0.8828805064626747,0.8426485397784491,0.9271468144044321,3610.0
accuracy,0.8716763005780347,0.8716763005780347,0.8716763005780347,0.8716763005780347
macro avg,0.8704910681881926,0.8767177569991296,0.8691625310692855,6920.0
weighted avg,0.871028182564254,0.875240767813262,0.8716763005780347,6920.0
