,f1-score,precision,recall,support
0,0.8914982164090369,0.8774136922176712,0.9060422960725075,3310.0
1,0.8973565804274467,0.9111936036550543,0.8839335180055402,3610.0
accuracy,0.8945086705202312,0.8945086705202312,0.8945086705202312,0.8945086705202312
macro avg,0.8944273984182418,0.8943036479363627,0.8949879070390239,6920.0
weighted avg,0.8945543860776004,0.8950358714501788,0.8945086705202312,6920.0
