,f1-score,precision,recall,support
0,0.8366627497062279,0.8416075650118203,0.8317757009345794,428.0
1,0.8443449048152295,0.8396436525612472,0.8490990990990991,444.0
accuracy,0.8405963302752294,0.8405963302752294,0.8405963302752294,0.8405963302752294
macro avg,0.8405038272607287,0.8406256087865338,0.8404374000168393,872.0
weighted avg,0.8405743057479672,0.8406075912411156,0.8405963302752294,872.0
