,f1-score,precision,recall,support
0,0.8571428571428572,0.8420285631011367,0.872809667673716,3310.0
1,0.8643470911395972,0.879335053023789,0.8498614958448754,3610.0
accuracy,0.8608381502890173,0.8608381502890173,0.8608381502890173,0.8608381502890173
macro avg,0.8607449741412272,0.8606818080624629,0.8613355817592957,6920.0
weighted avg,0.860901135282775,0.8614904747515378,0.8608381502890173,6920.0
