,f1-score,precision,recall,support
0,0.8717796861119336,0.8548199767711963,0.8894259818731118,3310.0
1,0.8777871860005645,0.8947065592635213,0.8614958448753463,3610.0
accuracy,0.8748554913294798,0.8748554913294798,0.8748554913294798,0.8748554913294798
macro avg,0.874783436056249,0.8747632680173587,0.875460913374229,6920.0
weighted avg,0.8749136564295574,0.8756278615684929,0.8748554913294798,6920.0
