,f1-score,precision,recall,support
0,0.8477272727272728,0.8252212389380531,0.8714953271028038,428.0
1,0.8449074074074074,0.8690476190476191,0.8220720720720721,444.0
accuracy,0.8463302752293578,0.8463302752293578,0.8463302752293578,0.8463302752293578
macro avg,0.84631734006734,0.8471344289928361,0.8467836995874379,872.0
weighted avg,0.8462914697433047,0.8475365058745753,0.8463302752293578,872.0
