,f1-score,precision,recall,support
0,0.8394768133174791,0.8547215496368039,0.8247663551401869,428.0
1,0.8504983388704318,0.8366013071895425,0.8648648648648649,444.0
accuracy,0.8451834862385321,0.8451834862385321,0.8451834862385321,0.8451834862385321
macro avg,0.8449875760939555,0.8456614284131732,0.8448156100025259,872.0
weighted avg,0.8450886910072855,0.8454951876567762,0.8451834862385321,872.0
