,f1-score,precision,recall,support
0,0.8873114463176576,0.8690614136732329,0.9063444108761329,3310.0
1,0.8923424696241876,0.9106113033448674,0.874792243767313,3610.0
accuracy,0.8898843930635838,0.8898843930635838,0.8898843930635838,0.8898843930635838
macro avg,0.8898269579709226,0.8898363585090501,0.890568327321723,6920.0
weighted avg,0.8899360119443301,0.8907370064065567,0.8898843930635838,6920.0
