,f1-score,precision,recall,support
0,0.8736783528102393,0.8870056497175142,0.8607456140350878,912.0
1,0.8769647696476964,0.8643162393162394,0.88998899889989,909.0
accuracy,0.8753432180120813,0.8753432180120813,0.8753432180120813,0.8753432180120813
macro avg,0.8753215612289679,0.8756609445168768,0.875367306467489,1821.0
weighted avg,0.8753188541310787,0.8756796343112765,0.8753432180120813,1821.0
