,f1-score,precision,recall,support
0,0.8856926570779713,0.8877086494688923,0.8836858006042296,3310.0
1,0.8956461644782308,0.8937931034482759,0.8975069252077562,3610.0
accuracy,0.8908959537572254,0.8908959537572254,0.8908959537572254,0.8908959537572254
macro avg,0.890669410778101,0.8907508764585841,0.890596362905993,6920.0
weighted avg,0.8908851659963147,0.8908827649118944,0.8908959537572254,6920.0
