,f1-score,precision,recall,support
0,0.685473037804644,0.9395055234087323,0.5395770392749245,3310.0
1,0.8100591030246842,0.6963538553496712,0.9681440443213296,3610.0
accuracy,0.763150289017341,0.763150289017341,0.763150289017341,0.763150289017341
macro avg,0.747766070414664,0.8179296893792017,0.753860541798127,6920.0
weighted avg,0.7504666354122083,0.8126590607363031,0.763150289017341,6920.0
