,f1-score,precision,recall,support
0,0.8616678346180798,0.8036601307189543,0.9287009063444108,3310.0
1,0.8527964205816555,0.9237479806138934,0.7919667590027701,3610.0
accuracy,0.8573699421965318,0.8573699421965318,0.8573699421965318,0.8573699421965318
macro avg,0.8572321275998677,0.8637040556664238,0.8603338326735905,6920.0
weighted avg,0.857039828162662,0.8663071159965164,0.8573699421965318,6920.0
