,f1-score,precision,recall,support
0,0.8760543245175124,0.8314789687924016,0.9256797583081571,3310.0
1,0.8733382030679329,0.9239567233384853,0.8279778393351801,3610.0
accuracy,0.8747109826589595,0.8747109826589595,0.8747109826589595,0.8747109826589595
macro avg,0.8746962637927227,0.8777178460654435,0.8768287988216685,6920.0
weighted avg,0.874637388327775,0.879722421669766,0.8747109826589595,6920.0
