,f1-score,precision,recall,support
0,0.8284313725490197,0.8711340206185567,0.7897196261682243,428.0
1,0.8491379310344829,0.8140495867768595,0.8873873873873874,444.0
accuracy,0.8394495412844036,0.8394495412844036,0.8394495412844036,0.8394495412844036
macro avg,0.8387846517917512,0.842591803697708,0.8385535067778058,872.0
weighted avg,0.8389746202182233,0.8420680932954907,0.8394495412844036,872.0
