,f1-score,precision,recall,support
0,0.8247663551401869,0.8247663551401869,0.8247663551401869,428.0
1,0.8310810810810809,0.831081081081081,0.831081081081081,444.0
accuracy,0.8279816513761468,0.8279816513761468,0.8279816513761468,0.8279816513761468
macro avg,0.8279237181106339,0.827923718110634,0.827923718110634,872.0
weighted avg,0.8279816513761468,0.8279816513761468,0.8279816513761468,872.0
