,f1-score,precision,recall,support
0,0.8264058679706603,0.8666666666666667,0.7897196261682243,428.0
1,0.8466522678185744,0.8132780082987552,0.8828828828828829,444.0
accuracy,0.8371559633027523,0.8371559633027523,0.8371559633027523,0.8371559633027523
macro avg,0.8365290678946173,0.8399723374827109,0.8363012545255536,872.0
weighted avg,0.8367148146822129,0.8394825332775008,0.8371559633027523,872.0
