,f1-score,precision,recall,support
0,0.8571867321867322,0.8716427232979388,0.843202416918429,3310.0
1,0.8730895196506552,0.8604088219472835,0.8861495844875347,3610.0
accuracy,0.865606936416185,0.865606936416185,0.865606936416185,0.865606936416185
macro avg,0.8651381259186937,0.8660257726226112,0.8646760007029819,6920.0
weighted avg,0.8654828395197902,0.8657822632002703,0.865606936416185,6920.0
