,f1-score,precision,recall,support
0,0.8329297820823244,0.864321608040201,0.8037383177570093,428.0
1,0.8496732026143792,0.8227848101265823,0.8783783783783784,444.0
accuracy,0.841743119266055,0.841743119266055,0.841743119266055,0.841743119266055
macro avg,0.8413014923483517,0.8435532090833917,0.8410583480676939,872.0
weighted avg,0.8414551017110312,0.8431721375428998,0.841743119266055,872.0
