,f1-score,precision,recall,support
0,0.8632569433904993,0.8673376029277219,0.859214501510574,3310.0
1,0.8757412770652324,0.872013183191431,0.8795013850415513,3610.0
accuracy,0.8697976878612717,0.8697976878612717,0.8697976878612717,0.8697976878612717
macro avg,0.8694991102278659,0.8696753930595764,0.8693579432760626,6920.0
weighted avg,0.8697697243971159,0.8697767423427494,0.8697976878612717,6920.0
