,f1-score,precision,recall,support
0,0.8582482203652121,0.879758883248731,0.8377643504531722,3310.0
1,0.875847113038764,0.857484076433121,0.8950138504155125,3610.0
accuracy,0.8676300578034682,0.8676300578034682,0.8676300578034682,0.8676300578034682
macro avg,0.867047666701988,0.868621479840926,0.8663891004343424,6920.0
weighted avg,0.8674291455894205,0.8681386444330732,0.8676300578034682,6920.0
