,f1-score,precision,recall,support
0,0.8734873487348734,0.8763796909492274,0.8706140350877193,912.0
1,0.8739035087719298,0.8710382513661202,0.8767876787678768,909.0
accuracy,0.8736957715540912,0.8736957715540912,0.8736957715540912,0.8736957715540912
macro avg,0.8736954287534016,0.8737089711576738,0.873700856927798,1821.0
weighted avg,0.8736950859527121,0.8737133710255346,0.8736957715540912,1821.0
