,f1-score,precision,recall,support
0,0.6815476190476191,0.9385245901639344,0.5350467289719626,428.0
1,0.8003731343283583,0.6831210191082803,0.9662162162162162,444.0
accuracy,0.7545871559633027,0.7545871559633027,0.7545871559633027,0.7545871559633027
macro avg,0.7409603766879886,0.8108228046361073,0.7506314725940895,872.0
weighted avg,0.7420505190300138,0.8084796526080738,0.7545871559633027,872.0
