,f1-score,precision,recall,support
0,0.696170867808351,0.958664546899841,0.5465256797583081,3310.0
1,0.8173088048131435,0.7017683290284125,0.978393351800554,3610.0
accuracy,0.7718208092485549,0.7718208092485549,0.7718208092485549,0.7718208092485549
macro avg,0.7567398363107473,0.8302164379641268,0.762459515779431,6920.0
weighted avg,0.7593656586446662,0.8246478783281854,0.7718208092485549,6920.0
