,f1-score,precision,recall,support
0,0.8673343394155577,0.7944207087207841,0.9549848942598187,3310.0
1,0.8523889482521754,0.949336960217613,0.7734072022160665,3610.0
accuracy,0.8602601156069364,0.8602601156069364,0.8602601156069364,0.8602601156069364
macro avg,0.8598616438338665,0.8718788344691986,0.8641960482379426,6920.0
weighted avg,0.8595376830427528,0.8752368457010663,0.8602601156069364,6920.0
