,f1-score,precision,recall,support
0,0.8845911949685535,0.9222950819672131,0.8498489425981873,3310.0
1,0.9018716577540108,0.8715762273901809,0.9343490304709141,3610.0
accuracy,0.8939306358381502,0.8939306358381502,0.8939306358381502,0.8939306358381502
macro avg,0.8932314263612822,0.8969356546786971,0.8920989865345508,6920.0
weighted avg,0.8936060028667473,0.8958362575419117,0.8939306358381502,6920.0
