,f1-score,precision,recall,support
0,0.8585017835909631,0.87409200968523,0.8434579439252337,428.0
1,0.8682170542635659,0.8540305010893247,0.8828828828828829,444.0
accuracy,0.8635321100917431,0.8635321100917431,0.8635321100917431,0.8635321100917431
macro avg,0.8633594189272644,0.8640612553872773,0.8631704134040583,872.0
weighted avg,0.8634485498508663,0.8638772048497003,0.8635321100917431,872.0
