,f1-score,precision,recall,support
0,0.88,0.8795180722891566,0.8804824561403509,912.0
1,0.879471656576775,0.8799559471365639,0.878987898789879,909.0
accuracy,0.8797364085667215,0.8797364085667215,0.8797364085667215,0.8797364085667215
macro avg,0.8797358282883875,0.8797370097128603,0.879735177465115,1821.0
weighted avg,0.8797362634971381,0.8797366490251769,0.8797364085667215,1821.0
