,f1-score,precision,recall,support
0,0.896551724137931,0.882387361029842,0.911178247734139,3310.0
1,0.9021372328458942,0.9160479725870931,0.8886426592797784,3610.0
accuracy,0.8994219653179191,0.8994219653179191,0.8994219653179191,0.8994219653179191
macro avg,0.8993444784919127,0.8992176668084676,0.8999104535069586,6920.0
weighted avg,0.8994655516575476,0.899947304342223,0.8994219653179191,6920.0
